id,book,book_fr,juan,juan_fr,duke_cn,duke_fr,seq_in_juan,year_cn,year_fr,year_bc,chinese,french
1,春秋,Tch'ouen Ts'iou,卷一,LIVRE I,隐公,In Koung,1.0,隐公一年,PREMIÈRE ANNÉE,721.0,元年春，王正月。,"Au printemps, au premier mois de l’année selon le calendrier impérial."
2,春秋,Tch'ouen Ts'iou,卷一,LIVRE I,隐公,In Koung,2.0,隐公一年,PREMIÈRE ANNÉE,721.0,三月，公及邾仪父盟于蔑。,"Au troisième mois de l’année, In koung et I fou de Tchou conclurent un traité à Mie."
3,春秋,Tch'ouen Ts'iou,卷一,LIVRE I,隐公,In Koung,3.0,隐公一年,PREMIÈRE ANNÉE,721.0,夏五月，郑伯克段于鄢。,"En été, au cinquième mois de l’année, le prince de Tcheng vainquit Touan à Ien."
4,春秋,Tch'ouen Ts'iou,卷一,LIVRE I,隐公,In Koung,4.0,隐公一年,PREMIÈRE ANNÉE,721.0,秋七月，天王使宰咺来归惠公、仲子之赗。,"En automne, au septième mois de l’année, Hiuen, ministre et envoyé du souverain établi par le ciel (l’empereur P’îng ouâng), vint à Lou offrir des voitures et d’autres présents pour les funérailles de Houei koung et de sa femme la princesse Tchoung tseu."
5,春秋,Tch'ouen Ts'iou,卷一,LIVRE I,隐公,In Koung,5.0,隐公一年,PREMIÈRE ANNÉE,721.0,九月，及宋人盟于宿。,"Au neuvième mois, In koung fit un traité avec un envoyé de Soung à Sin."
6,春秋,Tch'ouen Ts'iou,卷一,LIVRE I,隐公,In Koung,6.0,隐公一年,PREMIÈRE ANNÉE,721.0,冬十有二月，祭伯来。,"En hiver, au douzième mois, Pe de Tchai (ou bien Le prince de Tchai) vint à Lou."
7,春秋,Tch'ouen Ts'iou,卷一,LIVRE I,隐公,In Koung,7.0,隐公一年,PREMIÈRE ANNÉE,721.0,公子益师卒。,Koung tseu I cheu mourut.
8,春秋,Tch'ouen Ts'iou,卷一,LIVRE I,隐公,In Koung,8.0,隐公二年,DEUXIÈME ANNÉE,720.0,二年春，公会戎于潜。,"La deuxième année de In koung, au printemps, ce prince eut une entrevue avec le chef des Joung à T sien."
9,春秋,Tch'ouen Ts'iou,卷一,LIVRE I,隐公,In Koung,9.0,隐公二年,DEUXIÈME ANNÉE,720.0,夏五月，莒人入向。,"En été, au cinquième mois, les soldats de Kiu entrèrent dans Chang."
10,春秋,Tch'ouen Ts'iou,卷一,LIVRE I,隐公,In Koung,10.0,隐公二年,DEUXIÈME ANNÉE,720.0,无骇帅师入极。,"Ou hiai, à la tête de ses soldats, entra dans Ki."
11,春秋,Tch'ouen Ts'iou,卷一,LIVRE I,隐公,In Koung,11.0,隐公二年,DEUXIÈME ANNÉE,720.0,秋八月庚辰，公及戎盟于唐。,"En automne, au huitième mois, au jour kēng tch’èn, In koung fit un traité avec les Joung à T’ang."
12,春秋,Tch'ouen Ts'iou,卷一,LIVRE I,隐公,In Koung,12.0,隐公二年,DEUXIÈME ANNÉE,720.0,九月，纪裂繻来逆女。,Au neuvième mois. Li siu de Ki vint chercher une fille.
13,春秋,Tch'ouen Ts'iou,卷一,LIVRE I,隐公,In Koung,13.0,隐公二年,DEUXIÈME ANNÉE,720.0,冬十月，伯姬归于纪。,"En hiver, au dixième mois, la fille aînée du prince de Lou, dont le nom de famille est Ki, alla se marier à Ki."
14,春秋,Tch'ouen Ts'iou,卷一,LIVRE I,隐公,In Koung,14.0,隐公二年,DEUXIÈME ANNÉE,720.0,纪子帛、莒子盟于密。,"Tseu pe (Lie siu ou Li siu,) de Ki et le prince de Kiu firent un traité à Mi."
15,春秋,Tch'ouen Ts'iou,卷一,LIVRE I,隐公,In Koung,15.0,隐公二年,DEUXIÈME ANNÉE,720.0,十有二月乙卯，夫人子氏薨。,"Au douzième mois, le jour ĭ maò, la princesse de Lou Tseu cheu mourut."
16,春秋,Tch'ouen Ts'iou,卷一,LIVRE I,隐公,In Koung,16.0,隐公二年,DEUXIÈME ANNÉE,720.0,郑人伐卫。,Les soldats de Tcheng attaquèrent la principauté de Ouei.
17,春秋,Tch'ouen Ts'iou,卷一,LIVRE I,隐公,In Koung,17.0,隐公三年,TROISIÈME ANNÉE,719.0,三年春，王二月己巳，日有食之。,"La troisième année de In koung, au printemps, au deuxième mois de l’année selon le calendrier impérial, le jour désigné par les lettres kì séu, il y eut éclipse de soleil."
18,春秋,Tch'ouen Ts'iou,卷一,LIVRE I,隐公,In Koung,18.0,隐公三年,TROISIÈME ANNÉE,719.0,三月庚戌，天王崩。,"Au troisième mois, le jour désigné par les lettres kēng siŭ, le souverain établi par le ciel mourut."
19,春秋,Tch'ouen Ts'iou,卷一,LIVRE I,隐公,In Koung,19.0,隐公三年,TROISIÈME ANNÉE,719.0,夏四月辛卯，君氏卒。,"En été, au quatrième mois de l’année, le jour désigné par les lettres sīn maò, la princesse (mère de In koung) mourut."
20,春秋,Tch'ouen Ts'iou,卷一,LIVRE I,隐公,In Koung,20.0,隐公三年,TROISIÈME ANNÉE,719.0,秋，武氏子来求赙。,"En automne, le fils de Ou cheu vint demander des présents pour aider à faire les funérailles de l’empereur P’îng ouâng."
21,春秋,Tch'ouen Ts'iou,卷一,LIVRE I,隐公,In Koung,21.0,隐公三年,TROISIÈME ANNÉE,719.0,八月庚辰，宋公和卒。,"Au huitième mois, le jour désigné par les lettres kēng tch’ên, Houo, prince de Soung, mourut."
22,春秋,Tch'ouen Ts'iou,卷一,LIVRE I,隐公,In Koung,22.0,隐公三年,TROISIÈME ANNÉE,719.0,冬十有二月，齐侯、郑伯盟于石门。,"En hiver, au douzième mois, le prince de Ts’i et le prince de Tcheng firent un traité à Cheu men."
23,春秋,Tch'ouen Ts'iou,卷一,LIVRE I,隐公,In Koung,23.0,隐公三年,TROISIÈME ANNÉE,719.0,癸未，葬宋穆公。,"Le jour désigné par les lettres kouèi ouéi, on enterra le prince Mou de Soung."
24,春秋,Tch'ouen Ts'iou,卷一,LIVRE I,隐公,In Koung,24.0,隐公四年,QUATRIÈME ANNÉE,718.0,四年春，王二月，莒人伐杞，取牟娄。,"Au printemps, au deuxième mois de l’année selon le calendrier impérial, les troupes de Kiu attaquèrent celles de K’i et prirent Meou leou."
25,春秋,Tch'ouen Ts'iou,卷一,LIVRE I,隐公,In Koung,25.0,隐公四年,QUATRIÈME ANNÉE,718.0,戊申，卫州吁弑其君完。,"(Au troisième mois) le jour désigné par les lettres meóu chēn, Tcheou hiu de Ouei tua Houan, son prince."
26,春秋,Tch'ouen Ts'iou,卷一,LIVRE I,隐公,In Koung,26.0,隐公四年,QUATRIÈME ANNÉE,718.0,夏，公及宋公遇于清。,"En été, le prince Tcheou liu de Ouei et le prince de Soung eurent une entrevue à Ts’ing, dans la principauté de Ouei."
27,春秋,Tch'ouen Ts'iou,卷一,LIVRE I,隐公,In Koung,27.0,隐公四年,QUATRIÈME ANNÉE,718.0,宋公、陈侯、蔡人、卫人伐郑。,"Le prince de Soung, le prince de Tch’en, les troupes de Ts’ai et les troupes de Ouei attaquèrent Tcheng."
28,春秋,Tch'ouen Ts'iou,卷一,LIVRE I,隐公,In Koung,28.0,隐公四年,QUATRIÈME ANNÉE,718.0,秋，翚帅师会宋公、陈侯、蔡人、卫人伐郑。,"En automne, Houei (grand préfet de Lou) joignit ses troupes à celles du prince de Soung, du prince de Tch’en, des officiers de Ts’ai et de Ouei; ensemble ils attaquèrent Tcheng."
29,春秋,Tch'ouen Ts'iou,卷一,LIVRE I,隐公,In Koung,29.0,隐公四年,QUATRIÈME ANNÉE,718.0,九月，卫人杀州吁于濮。,"Au neuvième mois, les habitants de Ouei tuèrent Tcheou hiu à Pou (sur le bord de la rivière Pou dans la principauté de Tch’ên)"
30,春秋,Tch'ouen Ts'iou,卷一,LIVRE I,隐公,In Koung,30.0,隐公四年,QUATRIÈME ANNÉE,718.0,冬十有二月，卫人立晋。,"En hiver, au douzième mois, les habitants de Ouei établirent Tsin chef de leur principauté. (Tsin était le frère puîné de Houân kōung)."
31,春秋,Tch'ouen Ts'iou,卷一,LIVRE I,隐公,In Koung,31.0,隐公五年,CINQUIÈME ANNÉE,717.0,五年春，公矢鱼于棠。,"Au printemps, le prince In koung disposa les engins de pêche à T’ang (dans le Iû t’âi hién, préfecture de Tsì nîng tcheōu, Chan toung."
32,春秋,Tch'ouen Ts'iou,卷一,LIVRE I,隐公,In Koung,32.0,隐公五年,CINQUIÈME ANNÉE,717.0,夏四月，葬卫桓公。,"En été, au quatrième mois, eut lieu l’enterrement de Houan koung de Ouei."
33,春秋,Tch'ouen Ts'iou,卷一,LIVRE I,隐公,In Koung,33.0,隐公五年,CINQUIÈME ANNÉE,717.0,秋，卫师入郕。,"En automne, l’armée de Ouei entra dans Tch’eng."
34,春秋,Tch'ouen Ts'iou,卷一,LIVRE I,隐公,In Koung,34.0,隐公五年,CINQUIÈME ANNÉE,717.0,九月，考仲子之宫，初献六羽。,"Au neuvième mois, on termina ou on dédia le temple de Tchoung tseu."
35,春秋,Tch'ouen Ts'iou,卷一,LIVRE I,隐公,In Koung,35.0,隐公五年,CINQUIÈME ANNÉE,717.0,邾人、郑人伐宋。,Les troupes de Tchou et de Tcheng attaquèrent Soung.
36,春秋,Tch'ouen Ts'iou,卷一,LIVRE I,隐公,In Koung,36.0,隐公五年,CINQUIÈME ANNÉE,717.0,螟。,Il y eut des insectes appelés mîng (insectes qui rongent le cœur des céréales.
37,春秋,Tch'ouen Ts'iou,卷一,LIVRE I,隐公,In Koung,37.0,隐公五年,CINQUIÈME ANNÉE,717.0,冬十有二月辛巳，公子彄卒。,"En hiver, au douzième mois, le jour désigné par les lettres sīn séu, le prince K’eou mourut."
38,春秋,Tch'ouen Ts'iou,卷一,LIVRE I,隐公,In Koung,38.0,隐公五年,CINQUIÈME ANNÉE,717.0,宋人伐郑，围长葛。,Les soldats de Soung attaquèrent Tcheng et assiégèrent Tch’ang ko.
39,春秋,Tch'ouen Ts'iou,卷一,LIVRE I,隐公,In Koung,39.0,隐公六年,SIXIÈME ANNÉE,716.0,六年春，郑人来输平。,"Au printemps, les envoyés de Tcheng vinrent chōu p’îng offrir la paix."
40,春秋,Tch'ouen Ts'iou,卷一,LIVRE I,隐公,In Koung,40.0,隐公六年,SIXIÈME ANNÉE,716.0,夏五月辛酉，公会齐侯，盟于艾。,"En été, au cinquième mois, le jour sīn iôu, In koung et le prince de Ts’i firent un traité à Ngai (Chan toung, Î tcheou fou, Môung īn hién)."
41,春秋,Tch'ouen Ts'iou,卷一,LIVRE I,隐公,In Koung,41.0,隐公六年,SIXIÈME ANNÉE,716.0,秋七月。,"En automne, au septième mois."
42,春秋,Tch'ouen Ts'iou,卷一,LIVRE I,隐公,In Koung,42.0,隐公六年,SIXIÈME ANNÉE,716.0,冬，宋人取长葛。,"En hiver, (le prince de Lou fut informé que) l’armée de Soung avait pris Tch’ang ko."
43,春秋,Tch'ouen Ts'iou,卷一,LIVRE I,隐公,In Koung,43.0,隐公七年,SEPTIÈME ANNÉE,715.0,七年春，王三月，叔姬归于纪。,"Au printemps, au troisième mois de l’année selon le calendrier impérial, Chou Ki (la troisième fille de In koung) alla (rejoindre sa sœur aînée Pĕ Kī et) devenir concubine ou femme de second rang au sérail du prince de Ki."
44,春秋,Tch'ouen Ts'iou,卷一,LIVRE I,隐公,In Koung,44.0,隐公七年,SEPTIÈME ANNÉE,715.0,滕侯卒。,Le prince de T’eng mourut.
45,春秋,Tch'ouen Ts'iou,卷一,LIVRE I,隐公,In Koung,45.0,隐公七年,SEPTIÈME ANNÉE,715.0,夏，城中丘。,"En été, on éleva les remparts de Tchoung k’iou."
46,春秋,Tch'ouen Ts'iou,卷一,LIVRE I,隐公,In Koung,46.0,隐公七年,SEPTIÈME ANNÉE,715.0,齐侯使其弟年来聘。,"Le prince de Ts’i envoya Nien, son frère puîné, en mission à la cour de Lou."
47,春秋,Tch'ouen Ts'iou,卷一,LIVRE I,隐公,In Koung,47.0,隐公七年,SEPTIÈME ANNÉE,715.0,秋，公伐邾。,"En automne, le prince de Lou attaqua Tchou."
48,春秋,Tch'ouen Ts'iou,卷一,LIVRE I,隐公,In Koung,48.0,隐公七年,SEPTIÈME ANNÉE,715.0,冬，天王使凡伯来聘。戎伐凡伯于楚丘以归。,"En hiver, le prince de Fan envoyé du fils du ciel, vint saluer le prince de Lou. Les Joung l’attaquèrent à Tch’ou k’iou (dans le Houă hién, Ouei houei fou, Ho nan), et l’emmenèrent chez eux."
49,春秋,Tch'ouen Ts'iou,卷一,LIVRE I,隐公,In Koung,49.0,隐公八年,HUITIÈME ANNEE.,714.0,八年春，宋公、卫侯遇于垂。,"Au printemps, le prince de Soung et le prince de Ouei eurent une entrevue à Tch’ouei."
50,春秋,Tch'ouen Ts'iou,卷一,LIVRE I,隐公,In Koung,50.0,隐公八年,HUITIÈME ANNEE.,714.0,三月，郑伯使宛来归祊。庚寅，我入祊。,"Au troisième mois, Iuen, envoyé du prince de Tcheng, vint nous céder P’eng. Le jour kēng ìn, nous entrâmes dans P’eng."
51,春秋,Tch'ouen Ts'iou,卷一,LIVRE I,隐公,In Koung,51.0,隐公八年,HUITIÈME ANNEE.,714.0,夏六月己亥，蔡侯考父卒。,"En été, au sixième mois, le jour kì hái, K’ao fou, prince de Ts’ai, mourut."
52,春秋,Tch'ouen Ts'iou,卷一,LIVRE I,隐公,In Koung,52.0,隐公八年,HUITIÈME ANNEE.,714.0,辛亥，宿男卒。,"Le jour sīn hái, le prince de Siu mourut."
53,春秋,Tch'ouen Ts'iou,卷一,LIVRE I,隐公,In Koung,53.0,隐公八年,HUITIÈME ANNEE.,714.0,秋七月庚午，宋公、齐侯、卫侯盟于瓦屋。,"En automne, au septième mois, le jour kēng òu, les princes de Soung, de Ts’i et de Ouei conclurent un traité à Oua ou."
54,春秋,Tch'ouen Ts'iou,卷一,LIVRE I,隐公,In Koung,54.0,隐公八年,HUITIÈME ANNEE.,714.0,八月，葬蔡宣公。,"Au huitième mois, Siuen, prince de Ts’ai, fut enterré."
55,春秋,Tch'ouen Ts'iou,卷一,LIVRE I,隐公,In Koung,55.0,隐公八年,HUITIÈME ANNEE.,714.0,九月辛卯，公及莒人盟于浮来。,"Au neuvième mois, le jour sīn maò, le prince de Lou et les envoyés de Kiu conclurent un traité à Feou lai, (dans le Kiù tcheōu, Chan toung)."
56,春秋,Tch'ouen Ts'iou,卷一,LIVRE I,隐公,In Koung,56.0,隐公八年,HUITIÈME ANNEE.,714.0,螟。,"Des insectes, appelés mîng, rongèrent le cœur des céréales."
57,春秋,Tch'ouen Ts'iou,卷一,LIVRE I,隐公,In Koung,57.0,隐公八年,HUITIÈME ANNEE.,714.0,冬十有二月，无骇卒。,"En hiver, au douzième mois, Ou hiai mourut. (Il était parent du prince de Lou en ligne masculine."
58,春秋,Tch'ouen Ts'iou,卷一,LIVRE I,隐公,In Koung,58.0,隐公九年,NEUVIÈME ANNÉE,713.0,九年春，天子使南季来聘。,"Au printemps, Nan Ki, envoyé du fils du ciel, vint faire une visite d’amitié au prince de Lou."
59,春秋,Tch'ouen Ts'iou,卷一,LIVRE I,隐公,In Koung,59.0,隐公九年,NEUVIÈME ANNÉE,713.0,三月癸酉，大雨震电。庚辰，大雨雪。,"Au troisième mois, le jour kouèi iòu, il tomba une grande pluie, accompagnée de violents coups de tonnerre et d’éclairs. Le jour kēng tch’ên, il tomba beaucoup de neige."
60,春秋,Tch'ouen Ts'iou,卷一,LIVRE I,隐公,In Koung,60.0,隐公九年,NEUVIÈME ANNÉE,713.0,挟卒。,"Hie, grand préfet de Lou, mourut."
61,春秋,Tch'ouen Ts'iou,卷一,LIVRE I,隐公,In Koung,61.0,隐公九年,NEUVIÈME ANNÉE,713.0,夏，城郎。,"En été, In koung fit fortifier Lang (dans le Iû t’âi hién, Chan toung)."
62,春秋,Tch'ouen Ts'iou,卷一,LIVRE I,隐公,In Koung,62.0,隐公九年,NEUVIÈME ANNÉE,713.0,秋七月。,"En automne, au septième mois."
63,春秋,Tch'ouen Ts'iou,卷一,LIVRE I,隐公,In Koung,63.0,隐公九年,NEUVIÈME ANNÉE,713.0,冬，公会齐侯于防。,"En hiver, In koung eut une conférence avec le prince de Ts’i à Fang (dans le Ngān k’iōu hién, Chan toung)."
64,春秋,Tch'ouen Ts'iou,卷一,LIVRE I,隐公,In Koung,64.0,隐公十年,DIXIÈME ANNÉE,712.0,十年春，王二月，公会齐侯、郑伯于中丘。,"Au printemps, au deuxième mois selon le calendrier impérial, In koung eut une conférence avec les princes de Ts’i et de Tcheng à Tchoung k’iou, (au N. E. de Î tcheōu fou, Chan toung)."
65,春秋,Tch'ouen Ts'iou,卷一,LIVRE I,隐公,In Koung,65.0,隐公十年,DIXIÈME ANNÉE,712.0,夏，翚帅师会齐人、郑人伐宋。,"En été, Houei (nommé Iu fou, grand préfet de Lou) joignit ses troupes à celles de Ts’i et de Tcheng et attaqua Soung."
66,春秋,Tch'ouen Ts'iou,卷一,LIVRE I,隐公,In Koung,66.0,隐公十年,DIXIÈME ANNÉE,712.0,六月壬戌，公败宋师于菅。,"Au sixième mois, le jour jên siŭ, In koung battit l’armée de Soung à Kouan (dans les États de Soung)."
67,春秋,Tch'ouen Ts'iou,卷一,LIVRE I,隐公,In Koung,67.0,隐公十年,DIXIÈME ANNÉE,712.0,辛未，取郜。辛巳，取防。,"Le jour sīn ouéi, In koung reçut la soumission de Kao (ville située dans le Tch’êng òu hién, Ts’ao tcheou fou, Chan toung). Le jour sīn séu, il reçut la soumission de Fang (dans le Kīn hiāng hién, Tsi ning tcheou, Chan toung)."
68,春秋,Tch'ouen Ts'iou,卷一,LIVRE I,隐公,In Koung,68.0,隐公十年,DIXIÈME ANNÉE,712.0,秋，宋人、卫人入郑。宋人、蔡人、卫人伐戴。郑伯伐取之。,"En automne, les armées de Soung et de Ouei entrèrent dans les États de Tcheng ; les armées de Soung, de Ts’ai et de Ouei attaquèrent Tai (petite principauté située au nord de K’aò tch’êng hien, Kouei te fou, Ho nan). Le prince de Tcheng les attaqua, et les eut en son pouvoir, ou s’empara de tout leur matériel de guerre, ou, selon K’òung ìng tă, reçut la soumission de Tai."
69,春秋,Tch'ouen Ts'iou,卷一,LIVRE I,隐公,In Koung,69.0,隐公十年,DIXIÈME ANNÉE,712.0,冬十月壬午，齐人、郑人入郕。,"En hiver, au dixième mois, le jour jên òu, les armées de Ts’i et de Tcheng entrèrent dans le territoire de Tcheng."
70,春秋,Tch'ouen Ts'iou,卷一,LIVRE I,隐公,In Koung,70.0,隐公十一年,ONZIÈME ANNÉE,711.0,十有一年春，滕侯、薛侯来朝。,"Au printemps, le prince de T’eng et le prince de Sie vinrent faire visite à In koung."
71,春秋,Tch'ouen Ts'iou,卷一,LIVRE I,隐公,In Koung,71.0,隐公十一年,ONZIÈME ANNÉE,711.0,夏，公会郑伯于时来。,"En été, In Koung eut une conférence avec le prince de Tcheng à Chen lai (sur le territoire de Tcheng, quarante stades à l’est de K’āi fōung fòu, Ho nan.)"
72,春秋,Tch'ouen Ts'iou,卷一,LIVRE I,隐公,In Koung,72.0,隐公十一年,ONZIÈME ANNÉE,711.0,秋七月壬午，公及齐侯、郑伯入许。,"En automne, au septième mois, le jour jên òu, In koung, avec les princes de Ts’i et de Tcheng, entra dans la capitale de Hiu."
73,春秋,Tch'ouen Ts'iou,卷一,LIVRE I,隐公,In Koung,73.0,隐公十一年,ONZIÈME ANNÉE,711.0,冬十有一月壬辰，公薨。,"En hiver, au onzième mois, le jour jên tch’ên, In koung mourut."
74,春秋,Tch'ouen Ts'iou,卷二,LIVRE II,桓公,Houan,1.0,桓公元年,PREMIÈRE ANNÉE,710.0,元年春，王正月，公即位。,"Au printemps, au premier mois de l’année selon le calendrier impérial (décembre-janvier), Houan koung prit possession du pouvoir."
75,春秋,Tch'ouen Ts'iou,卷二,LIVRE II,桓公,Houan,2.0,桓公元年,PREMIÈRE ANNÉE,710.0,三月，公会郑伯于垂，郑伯以璧假许田。,"Au troisième mois, Houan koung eut une conférence avec le prince de Tcheng à Tch’ouei. Le prince de Tcheng lui donna des pierres précieuses pour obtenir en prêt la terre de Hiu."
76,春秋,Tch'ouen Ts'iou,卷二,LIVRE II,桓公,Houan,3.0,桓公元年,PREMIÈRE ANNÉE,710.0,夏四月丁未，公及郑伯盟于越。,"En été, au quatrième mois, le jour tīng ouéi, Houan koung et le prince de Tcheng firent un traité à Iue (près de Tch’ouêi)."
77,春秋,Tch'ouen Ts'iou,卷二,LIVRE II,桓公,Houan,4.0,桓公元年,PREMIÈRE ANNÉE,710.0,秋，大水。,"En automne, il y eut inondation."
78,春秋,Tch'ouen Ts'iou,卷二,LIVRE II,桓公,Houan,5.0,桓公元年,PREMIÈRE ANNÉE,710.0,冬十月。,"En hiver, au dixième mois."
79,春秋,Tch'ouen Ts'iou,卷二,LIVRE II,桓公,Houan,6.0,桓公二年,DEUXIÈME ANNÉE,709.0,二年春，王正月戊申，宋督弑其君与夷，及其大夫孔父。,"Au printemps, au premier mois de l’année selon le calendrier impérial (décembre-janvier), le jour meóu chēn, Tou de Soung tua Iu i, son prince, et K’oung fou, grand préfet de ce prince."
80,春秋,Tch'ouen Ts'iou,卷二,LIVRE II,桓公,Houan,7.0,桓公二年,DEUXIÈME ANNÉE,709.0,滕子来朝。,"Le prince de T’eng vint présenter ses hommages au prince de Lou. (Le prince de T’eng était heôu, prince de deuxième classe. Ici il est appelé tsèu prince de quatrième classe. On suppose qu’il fut dégradé par l’empereur Houân ouâng)."
81,春秋,Tch'ouen Ts'iou,卷二,LIVRE II,桓公,Houan,8.0,桓公二年,DEUXIÈME ANNÉE,709.0,三月，公会齐侯、陈侯、郑伯于稷，以成宋乱。,"Au troisième mois, Houan koung eut une conférence avec les princes de Ts’i, de Tch’en et de Tcheng, à Tsi dans le pays de Soung, en vue d’apaiser les troubles excités dans Soung par le meurtre du prince Chang koung."
82,春秋,Tch'ouen Ts'iou,卷二,LIVRE II,桓公,Houan,9.0,桓公二年,DEUXIÈME ANNÉE,709.0,夏四月，取郜大鼎于宋。戊申，纳于大庙。,"En été, au quatrième mois, Houan koung reçut à Soung une grande chaudière fondue à Kao. Le jour meóu chēn, il la plaça dans la salle du premier des ancêtres de sa famille, dans la salle de Tcheōu kōung."
83,春秋,Tch'ouen Ts'iou,卷二,LIVRE II,桓公,Houan,10.0,桓公二年,DEUXIÈME ANNÉE,709.0,秋七月，杞侯来朝。,"En automne, au septième mois, le prince de K’i vint à la cour de Lou."
84,春秋,Tch'ouen Ts'iou,卷二,LIVRE II,桓公,Houan,11.0,桓公二年,DEUXIÈME ANNÉE,709.0,蔡侯、郑伯会于邓。,Le prince de Ts’ai et le prince de Tcheng eurent une conférence à Teng.
85,春秋,Tch'ouen Ts'iou,卷二,LIVRE II,桓公,Houan,12.0,桓公二年,DEUXIÈME ANNÉE,709.0,九月，入杞。,"Au neuvième mois, le prince de Lou entra dans le territoire de K’i."
86,春秋,Tch'ouen Ts'iou,卷二,LIVRE II,桓公,Houan,13.0,桓公二年,DEUXIÈME ANNÉE,709.0,公及戎盟于唐。,"Le prince de Lou fit un traité à T’ang avec les Joung, peuplade étrangère."
87,春秋,Tch'ouen Ts'iou,卷二,LIVRE II,桓公,Houan,14.0,桓公二年,DEUXIÈME ANNÉE,709.0,冬，公至自唐。,En hiver arriva le prince de Lou revenant de T’ang.
88,春秋,Tch'ouen Ts'iou,卷二,LIVRE II,桓公,Houan,15.0,桓公三年,TROISIÈME ANNÉE,708.0,三年春正月，公会齐侯于嬴。,"La troisième année, au printemps, au premier mois de l’année (décembre-janvier), le prince de Lou eut une entrevue avec le prince de Ts’i à Ing, dans la principauté de Ts’i."
89,春秋,Tch'ouen Ts'iou,卷二,LIVRE II,桓公,Houan,16.0,桓公三年,TROISIÈME ANNÉE,708.0,夏，齐侯、卫侯胥命于蒲。,"En été, le prince de Ts’i et le prince de Ouei firent ensemble une convention à P’ou."
90,春秋,Tch'ouen Ts'iou,卷二,LIVRE II,桓公,Houan,17.0,桓公三年,TROISIÈME ANNÉE,708.0,六月，公会杞侯于郕。,"Au sixième mois, le prince de Lou eut une conférence avec le prince de K’i à Tch’eng."
91,春秋,Tch'ouen Ts'iou,卷二,LIVRE II,桓公,Houan,18.0,桓公三年,TROISIÈME ANNÉE,708.0,秋七月壬辰朔，日有食之，既。,"En automne, au septième mois, le jour jên tch’ên, premier du mois, le soleil fut éclipsé totalement."
92,春秋,Tch'ouen Ts'iou,卷二,LIVRE II,桓公,Houan,19.0,桓公三年,TROISIÈME ANNÉE,708.0,公子翚如齐逆女。,"Houei, de la famille princière de Lou, alla à Ts’i chercher la fiancée de Houan koung."
93,春秋,Tch'ouen Ts'iou,卷二,LIVRE II,桓公,Houan,20.0,桓公三年,TROISIÈME ANNÉE,708.0,九月，齐侯送姜氏于讙。公会齐侯于讙。,"Au neuvième mois, le prince de Ts’i conduisit à Houan, dans le pays de Lou, Kiang cheu, fiancée du prince de Lou."
94,春秋,Tch'ouen Ts'iou,卷二,LIVRE II,桓公,Houan,21.0,桓公三年,TROISIÈME ANNÉE,708.0,夫人姜氏至自齐。,"Kiang cheu, femme principale du prince de Lou, arriva de Ts’i à la capitale de Lou."
95,春秋,Tch'ouen Ts'iou,卷二,LIVRE II,桓公,Houan,22.0,桓公三年,TROISIÈME ANNÉE,708.0,冬，齐侯使其弟年来聘。,"En hiver, le prince de Ts’i envoya Nien, son frère puîné, porter un message à la cour de Lou."
96,春秋,Tch'ouen Ts'iou,卷二,LIVRE II,桓公,Houan,23.0,桓公三年,TROISIÈME ANNÉE,708.0,有年。,Les récoltes furent abondantes.
97,春秋,Tch'ouen Ts'iou,卷二,LIVRE II,桓公,Houan,24.0,桓公四年,QUATRIÈME ANNÉE,707.0,四年春正月，公狩于郎。,"Au printemps, au premier mois de l’année (décembre-janvier), le prince de Lou chassa le gibier à Lang."
98,春秋,Tch'ouen Ts'iou,卷二,LIVRE II,桓公,Houan,25.0,桓公四年,QUATRIÈME ANNÉE,707.0,夏，天王使宰渠伯纠来聘。,"En été, un envoyé de l’empereur, l’administrateur K’iu Pe kiou, vint saluer le prince de Lou."
99,春秋,Tch'ouen Ts'iou,卷二,LIVRE II,桓公,Houan,26.0,桓公五年,CINQUIÈME ANNÉE,706.0,五年春正月，甲戌，己丑，陈侯鲍卒。,"Le jour kiă siŭ (21e jour du douzième mois de la quatrième année du règne de Houan koung), ou le jour kì tch’eòu du premier mois de la cinquième année, premier mois du printemps, Pao, prince de Tch’en mourut, ou bien, Lou reçut l’annonce de la mort de Pao, prince de Tch’en."
100,春秋,Tch'ouen Ts'iou,卷二,LIVRE II,桓公,Houan,27.0,桓公五年,CINQUIÈME ANNÉE,706.0,夏，齐侯、郑伯如纪。,"En été, le prince de Ts’i et le prince de Tcheng allèrent à Ki."
101,春秋,Tch'ouen Ts'iou,卷二,LIVRE II,桓公,Houan,28.0,桓公五年,CINQUIÈME ANNÉE,706.0,天王使仍叔之子来聘。,"Un envoyé du fils du ciel, le fils du grand préfet Jeng chou, vint saluer le prince de Lou."
102,春秋,Tch'ouen Ts'iou,卷二,LIVRE II,桓公,Houan,29.0,桓公五年,CINQUIÈME ANNÉE,706.0,葬陈桓公。,"On enterra Houan koung, prince de Tch’en."
103,春秋,Tch'ouen Ts'iou,卷二,LIVRE II,桓公,Houan,30.0,桓公五年,CINQUIÈME ANNÉE,706.0,城祝丘。,Le prince de Lou fit fortifier Tchou k’iou.
104,春秋,Tch'ouen Ts'iou,卷二,LIVRE II,桓公,Houan,31.0,桓公五年,CINQUIÈME ANNÉE,706.0,秋，蔡人、卫人、陈人从王伐郑。,"En automne, les soldats de Ts’ai, de Ouei et de Tch’en, à la suite de l’empereur, attaquèrent Tcheng."
105,春秋,Tch'ouen Ts'iou,卷二,LIVRE II,桓公,Houan,32.0,桓公五年,CINQUIÈME ANNÉE,706.0,大雩。,Sacrifice solennel pour demander le pluie.
106,春秋,Tch'ouen Ts'iou,卷二,LIVRE II,桓公,Houan,33.0,桓公五年,CINQUIÈME ANNÉE,706.0,螽。,Les sauterelles causèrent des dégâts.
107,春秋,Tch'ouen Ts'iou,卷二,LIVRE II,桓公,Houan,34.0,桓公五年,CINQUIÈME ANNÉE,706.0,冬，州公如曹。,"En hiver, le prince de Tcheou alla à Ts’ao."
108,春秋,Tch'ouen Ts'iou,卷二,LIVRE II,桓公,Houan,35.0,桓公六年,SIXIÈME ANNÉE,705.0,六年春正月，寔来。,"La sixième année, au printemps, au premier mois de l’année (décembre-janvier), (le prince de Tcheōu, dont il a été parlé à la fin de l’année précédente) vint tout de bon à Lou."
109,春秋,Tch'ouen Ts'iou,卷二,LIVRE II,桓公,Houan,36.0,桓公六年,SIXIÈME ANNÉE,705.0,夏四月，公会纪侯于成。,"En été, au quatrième mois, le prince de Lou eut une conférence avec le prince de Ki à Tch’eng, dans les États de Lou."
110,春秋,Tch'ouen Ts'iou,卷二,LIVRE II,桓公,Houan,37.0,桓公六年,SIXIÈME ANNÉE,705.0,秋八月壬午，大阅。,"En automne, au huitième mois, le jour jên ôu, il y eut une grande revue."
111,春秋,Tch'ouen Ts'iou,卷二,LIVRE II,桓公,Houan,38.0,桓公六年,SIXIÈME ANNÉE,705.0,蔡人杀陈佗。,Les habitants de Ts’ai tuèrent T’ouo de Tch’en.
112,春秋,Tch'ouen Ts'iou,卷二,LIVRE II,桓公,Houan,39.0,桓公六年,SIXIÈME ANNÉE,705.0,九月丁卯，子同生。,"Au neuvième mois, le jour tīng maò, naquit T’oung, fils aîné (du prince de Lou et de Ouên Kiāng. Il deviendra plus tard Tchouāng kōung)."
113,春秋,Tch'ouen Ts'iou,卷二,LIVRE II,桓公,Houan,40.0,桓公六年,SIXIÈME ANNÉE,705.0,冬，纪侯来朝。,"En hiver, le prince de Ki vint à la cour de Lou."
114,春秋,Tch'ouen Ts'iou,卷二,LIVRE II,桓公,Houan,41.0,桓公七年,SEPTIÈME ANNÉE,704.0,七年春二月己亥，焚咸丘。,"Au printemps, au deuxième mois de l’année (janvier-février), le jour kì hâi, on mit le feu aux herbes sur le mont Hien k’iou (pour faire la chasse)."
115,春秋,Tch'ouen Ts'iou,卷二,LIVRE II,桓公,Houan,42.0,桓公七年,SEPTIÈME ANNÉE,704.0,夏，穀伯绥来朝。,"En été, Souei, prince de Kou, vint présenter ses hommages au prince de Lou."
116,春秋,Tch'ouen Ts'iou,卷二,LIVRE II,桓公,Houan,43.0,桓公七年,SEPTIÈME ANNÉE,704.0,邓侯吾离来朝。,"Ou li, prince de Teng, vint présenter ses hommages."
117,春秋,Tch'ouen Ts'iou,卷二,LIVRE II,桓公,Houan,44.0,桓公八年,HUITIÈME ANNÉE,703.0,八年春正月己卯，烝。,"Au printemps, au premier mois de l’année (décembre-janvier), le jour kì maò, eut lieu à Lou le sacrifice tchēng, que chaque prince offre ordinairement en hiver dans le temple des ancêtres."
118,春秋,Tch'ouen Ts'iou,卷二,LIVRE II,桓公,Houan,45.0,桓公八年,HUITIÈME ANNÉE,703.0,天王使家父来聘。,Le fils du ciel envoya Kia Fou en mission à la cour de Lou.
119,春秋,Tch'ouen Ts'iou,卷二,LIVRE II,桓公,Houan,46.0,桓公八年,HUITIÈME ANNÉE,703.0,夏五月丁丑，烝。,"En été, au cinquième mois, le jour tīng tch’èòu, le prince de Lou offrit de nouveau le sacrifice d’hiver (ce qui parut très étrange)."
120,春秋,Tch'ouen Ts'iou,卷二,LIVRE II,桓公,Houan,47.0,桓公八年,HUITIÈME ANNÉE,703.0,秋，伐邾。,"En automne, le prince de Lou attaqua Tchou."
121,春秋,Tch'ouen Ts'iou,卷二,LIVRE II,桓公,Houan,48.0,桓公八年,HUITIÈME ANNÉE,703.0,冬十月，雨雪。,"En hiver, au dixième mois (en octobre), il tomba de la neige."
122,春秋,Tch'ouen Ts'iou,卷二,LIVRE II,桓公,Houan,49.0,桓公八年,HUITIÈME ANNÉE,703.0,祭公来，遂逆王后于纪。,Le prince de Tchai vint à Lou ; puis il alla à Ki inviter la future impératrice.
123,春秋,Tch'ouen Ts'iou,卷二,LIVRE II,桓公,Houan,50.0,桓公九年,NEUVIÈME ANNÉE,702.0,九年春，纪季姜归于京师。,"Au printemps, Ki Kiang, de la famille princière de Ki, alla à la capitale épouser l’empereur. (Ki est son nom de famille. Elle était kiang la plus jeune fille du prince)."
124,春秋,Tch'ouen Ts'iou,卷二,LIVRE II,桓公,Houan,51.0,桓公九年,NEUVIÈME ANNÉE,702.0,夏四月。,"En été, au quatrième mois."
125,春秋,Tch'ouen Ts'iou,卷二,LIVRE II,桓公,Houan,52.0,桓公九年,NEUVIÈME ANNÉE,702.0,秋七月。,"En automne, au septième mois."
126,春秋,Tch'ouen Ts'iou,卷二,LIVRE II,桓公,Houan,53.0,桓公九年,NEUVIÈME ANNÉE,702.0,冬，曹伯使其世子射姑来朝。,"En hiver, le prince de Ts’ao (gravement malade) envoya I kou, son fils et son héritier, saluer le prince de Lou."
127,春秋,Tch'ouen Ts'iou,卷二,LIVRE II,桓公,Houan,54.0,桓公十年,DIXIÈME ANNÉE,701.0,十年春，王正月庚申，曹伯终生卒。,"Au printemps, au premier mois de l’année selon le calendrier impérial (décembre-janvier), le jour kēng chēn, Tchoung cheng (Houan koung), prince de Ts’ao, mourut."
128,春秋,Tch'ouen Ts'iou,卷二,LIVRE II,桓公,Houan,55.0,桓公十年,DIXIÈME ANNÉE,701.0,夏五月，葬曹桓公。,"En été, au cinquième mois, on enterra Houan koung, prince de Ts’ao."
129,春秋,Tch'ouen Ts'iou,卷二,LIVRE II,桓公,Houan,56.0,桓公十年,DIXIÈME ANNÉE,701.0,秋，公会卫侯于桃丘，弗遇。,"En automne, le prince de Lou alla à T’ao k’iou pour conférer avec le prince de Ouei. Mais celui-ci ne s’y trouva pas (malgré sa promesse. T’ao k’iou dépendait de Ouei)."
130,春秋,Tch'ouen Ts'iou,卷二,LIVRE II,桓公,Houan,57.0,桓公十年,DIXIÈME ANNÉE,701.0,冬十有二月丙午，齐侯、卫侯、郑伯来战于郎。,"En hiver, au douzième mois, le jour pìng òu, les princes de Ts’i, de Ouei et de Tcheng vinrent à Lang livrer bataille au prince de Lou."
131,春秋,Tch'ouen Ts'iou,卷二,LIVRE II,桓公,Houan,58.0,桓公十一年,ONZIÈME ANNÉE,700.0,十有一年春正月，齐人、卫人、郑人盟于恶曹。,"Au printemps, au premier mois, les officiers de Ts’i, de Ouei et de Tcheng conclurent un traité à Ngo ts’ao."
132,春秋,Tch'ouen Ts'iou,卷二,LIVRE II,桓公,Houan,59.0,桓公十一年,ONZIÈME ANNÉE,700.0,夏五月癸未，郑伯寤生卒。,"En été, au cinquième mois, le jour kouèi ouéi, Ou cheng (Tchouāng kōung), prince de Tcheng, mourut."
133,春秋,Tch'ouen Ts'iou,卷二,LIVRE II,桓公,Houan,60.0,桓公十一年,ONZIÈME ANNÉE,700.0,秋七月，葬郑庄公。,"En automne, au septième mois, on enterra Tchouang koung, prince de Tcheng."
134,春秋,Tch'ouen Ts'iou,卷二,LIVRE II,桓公,Houan,61.0,桓公十一年,ONZIÈME ANNÉE,700.0,九月，宋人执郑祭仲。,"Au neuvième mois, les officiers de Soung se saisirent de Tchoung de Tchai, officier de Tcheng."
135,春秋,Tch'ouen Ts'iou,卷二,LIVRE II,桓公,Houan,62.0,桓公十一年,ONZIÈME ANNÉE,700.0,突归于郑。,Tou (Li kōung) retourna à Tcheng.
136,春秋,Tch'ouen Ts'iou,卷二,LIVRE II,桓公,Houan,63.0,桓公十一年,ONZIÈME ANNÉE,700.0,郑忽出奔卫。,"Hou (Tchao koung), prince de Tcheng, s’enfuit à Ouei."
137,春秋,Tch'ouen Ts'iou,卷二,LIVRE II,桓公,Houan,64.0,桓公十一年,ONZIÈME ANNÉE,700.0,柔会宋公、陈侯、蔡叔，盟于析。,"Jeou, grand préfet de Lou, conclut un traité à Tche avec le prince de Soung, le prince de Tch’en et Chou de Ts’ai."
138,春秋,Tch'ouen Ts'iou,卷二,LIVRE II,桓公,Houan,65.0,桓公十一年,ONZIÈME ANNÉE,700.0,公会宋公于夫钟。,"Le prince de Lou conféra avec le prince de Soung à Fou tchoung, territoire de Tch’êng."
139,春秋,Tch'ouen Ts'iou,卷二,LIVRE II,桓公,Houan,66.0,桓公十一年,ONZIÈME ANNÉE,700.0,冬十有二月，公会宋公于阚。,"En hiver, au douzième mois, le prince de Lou conféra avec le prince de Soung à K’an, territoire de Lou."
140,春秋,Tch'ouen Ts'iou,卷二,LIVRE II,桓公,Houan,67.0,桓公十二年,DOUZIÈME ANNÉE,699.0,十有二年春正月。,"Au printemps, au premier mois de l’année."
141,春秋,Tch'ouen Ts'iou,卷二,LIVRE II,桓公,Houan,68.0,桓公十二年,DOUZIÈME ANNÉE,699.0,夏六月壬寅，公会杞侯、莒子，盟于曲池。,"En été, au sixième mois, le jour jên ìn, le prince de Lou conclut un traité avec les princes de K’i et de Kiu à K’iu tch’eu, sur le territoire de Lou."
142,春秋,Tch'ouen Ts'iou,卷二,LIVRE II,桓公,Houan,69.0,桓公十二年,DOUZIÈME ANNÉE,699.0,秋七月丁亥，公会宋公、燕人，盟于穀丘。,"En automne, au septième mois, le jour tīng hái, le prince de Lou conclut un traité avec le prince de Soung et les officiers de Ien à Kou k’iou, dans le territoire de Soung."
143,春秋,Tch'ouen Ts'iou,卷二,LIVRE II,桓公,Houan,70.0,桓公十二年,DOUZIÈME ANNÉE,699.0,八月壬辰，陈侯跃卒。,"Au huitième mois, le jour jên tch’ên, Io, prince de Tch’en, mourut."
144,春秋,Tch'ouen Ts'iou,卷二,LIVRE II,桓公,Houan,71.0,桓公十二年,DOUZIÈME ANNÉE,699.0,公会宋公于虚。,"Le prince de Lou conféra avec le prince de Soung à K’iu, dans le territoire de Soung."
145,春秋,Tch'ouen Ts'iou,卷二,LIVRE II,桓公,Houan,72.0,桓公十二年,DOUZIÈME ANNÉE,699.0,冬十有一月，公会宋公于龟。,"En hiver, au onzième mois, le prince de Lou conféra avec le prince de Soung à Kouei, dans le territoire de Soung."
146,春秋,Tch'ouen Ts'iou,卷二,LIVRE II,桓公,Houan,73.0,桓公十二年,DOUZIÈME ANNÉE,699.0,丙戌，公会郑伯，盟于武父。,"Le jour pìng siŭ, le prince de Lou conclut un traité avec le prince de Tcheng à Ou fou, dans le territoire de Tcheng."
147,春秋,Tch'ouen Ts'iou,卷二,LIVRE II,桓公,Houan,74.0,桓公十二年,DOUZIÈME ANNÉE,699.0,丙戌，卫侯晋卒。,"Le jour pìng siŭ, Tsin, prince de Ouei, mourut."
148,春秋,Tch'ouen Ts'iou,卷二,LIVRE II,桓公,Houan,75.0,桓公十二年,DOUZIÈME ANNÉE,699.0,十有二月，及郑师伐宋。丁未，战于宋。,"Au douzième mois, l’armée de Lou et celle de Tcheng envahirent Soung. Le jour tīng ouéi, une bataille eut lieu dans le territoire de Soung."
149,春秋,Tch'ouen Ts'iou,卷二,LIVRE II,桓公,Houan,76.0,桓公十三年,TREIZIÈME ANNÉE,698.0,十有三年春二月，公会纪侯、郑伯。己巳，及齐侯、宋公、卫侯、燕人战。齐师、宋师、卫师、燕师败绩。,"Au printemps, au deuxième mois, le prince de Lou conféra avec les princes de Ki et de Tcheng. Le jour kì séu, ces trois princes livrèrent bataille aux princes de Ts’i, de Soung, de Ouei et aux soldats de Ien. Les troupes de Ts’i, de Soung, de Ouei et de Ien furent entièrement défaites."
150,春秋,Tch'ouen Ts'iou,卷二,LIVRE II,桓公,Houan,77.0,桓公十三年,TREIZIÈME ANNÉE,698.0,三月，葬卫宣公。,"Au troisième mois, on enterra Siuen koung, prince de Ouei."
151,春秋,Tch'ouen Ts'iou,卷二,LIVRE II,桓公,Houan,78.0,桓公十三年,TREIZIÈME ANNÉE,698.0,夏，大水。,"En été, il y eut inondation."
152,春秋,Tch'ouen Ts'iou,卷二,LIVRE II,桓公,Houan,79.0,桓公十三年,TREIZIÈME ANNÉE,698.0,秋七月。,"En automne, au septième mois."
153,春秋,Tch'ouen Ts'iou,卷二,LIVRE II,桓公,Houan,80.0,桓公十三年,TREIZIÈME ANNÉE,698.0,冬十月。,"En hiver, au dixième mois."
154,春秋,Tch'ouen Ts'iou,卷二,LIVRE II,桓公,Houan,81.0,桓公十四年,QUATORZIÈME ANNÉE,697.0,十有四年春正月，公会郑伯于曹。,"Au printemps, au premier mois de l’année (décembre-janvier), le prince de Lou conféra avec le prince de Tcheng à Ts’ao."
155,春秋,Tch'ouen Ts'iou,卷二,LIVRE II,桓公,Houan,82.0,桓公十四年,QUATORZIÈME ANNÉE,697.0,无冰。,Il n’y eut pas de glace.
156,春秋,Tch'ouen Ts'iou,卷二,LIVRE II,桓公,Houan,83.0,桓公十四年,QUATORZIÈME ANNÉE,697.0,夏五。郑伯使其弟语来盟。,"En été, au cinquième (mois), le prince de Tcheng envoya Iu, son frère puîné, faire un traité avec le prince de Lou."
157,春秋,Tch'ouen Ts'iou,卷二,LIVRE II,桓公,Houan,84.0,桓公十四年,QUATORZIÈME ANNÉE,697.0,秋八月壬申，御廪灾。乙亥，尝。,"En automne, au huitième mois, le jour jên chēn, un grand malheur (l’incendie) atteignit le grenier où le prince conservait les grains destinés à être offerts dans les sacrifices. Le jour ĭ hái, le prince offrit le sacrifice tch’âng."
158,春秋,Tch'ouen Ts'iou,卷二,LIVRE II,桓公,Houan,85.0,桓公十四年,QUATORZIÈME ANNÉE,697.0,冬十有二月丁巳，齐侯禄父卒。,"En hiver, au douzième mois, le jour tīng séu, Lou fou, prince de Ts’i, mourut."
159,春秋,Tch'ouen Ts'iou,卷二,LIVRE II,桓公,Houan,86.0,桓公十四年,QUATORZIÈME ANNÉE,697.0,冬十有二月丁巳，齐侯禄父卒。,"L’armée de Soung, aidée des troupes de Ts’i, de Ts’ai, de Ouei et de Tch’en, attaqua Tcheng."
160,春秋,Tch'ouen Ts'iou,卷二,LIVRE II,桓公,Houan,87.0,桓公十五年,QUINZIÈME ANNÉE,696.0,十有五年春二月，天王使家父来求车。,"Au printemps, au deuxième mois, le souverain du Céleste empire envoya Kia fou à Lou demander des voitures."
161,春秋,Tch'ouen Ts'iou,卷二,LIVRE II,桓公,Houan,88.0,桓公十五年,QUINZIÈME ANNÉE,696.0,三月乙未，天王崩。,"Au troisième mois, le jour ĭ ouéi, le fils du ciel (Houân ouâng) mourut."
162,春秋,Tch'ouen Ts'iou,卷二,LIVRE II,桓公,Houan,89.0,桓公十五年,QUINZIÈME ANNÉE,696.0,夏四月己巳，葬齐僖公。,"En été, au quatrième mois, le jour kì séu, on enterra Hi koung, prince de Ts’i."
163,春秋,Tch'ouen Ts'iou,卷二,LIVRE II,桓公,Houan,90.0,桓公十五年,QUINZIÈME ANNÉE,696.0,五月，郑伯突出奔蔡。,"Au cinquième mois, Tou (Li koung), prince de Tcheng, s’enfuit à Ts’ai."
164,春秋,Tch'ouen Ts'iou,卷二,LIVRE II,桓公,Houan,91.0,桓公十五年,QUINZIÈME ANNÉE,696.0,郑世子忽复归于郑。,"Hou, héritier légitime du pouvoir, retourna à Tcheng."
165,春秋,Tch'ouen Ts'iou,卷二,LIVRE II,桓公,Houan,92.0,桓公十五年,QUINZIÈME ANNÉE,696.0,许叔入于许。,Le frère puîné du prince de Hiu entra dans la capitale de Hiu (pour succéder à son frère Tchouāng kōung défunt).
166,春秋,Tch'ouen Ts'iou,卷二,LIVRE II,桓公,Houan,93.0,桓公十五年,QUINZIÈME ANNÉE,696.0,公会齐侯于艾。,Le prince de Lou conféra avec le prince de Ts’i à Ngai.
167,春秋,Tch'ouen Ts'iou,卷二,LIVRE II,桓公,Houan,94.0,桓公十五年,QUINZIÈME ANNÉE,696.0,邾人、牟人、葛人来朝。,"Des envoyés de Tchou, de Meou et de Ko vinrent saluer le prince de Lou."
168,春秋,Tch'ouen Ts'iou,卷二,LIVRE II,桓公,Houan,95.0,桓公十五年,QUINZIÈME ANNÉE,696.0,秋九月，郑伯突入于栎。,"En automne, au neuvième mois, Tou, prince de Tcheng, entra dans Li (qui était la seconde capitale de Tcheng)."
169,春秋,Tch'ouen Ts'iou,卷二,LIVRE II,桓公,Houan,96.0,桓公十五年,QUINZIÈME ANNÉE,696.0,冬十有一月，公会宋公、卫侯、陈侯于袲，伐郑。,"En hiver, au onzième mois, le prince de Lou conféra à Tch’eu (territoire de Soung) avec les princes de Soung, de Ouei et de Tch’en, et attaqua Tcheng avec eux."
170,春秋,Tch'ouen Ts'iou,卷二,LIVRE II,桓公,Houan,97.0,桓公十六年,SEIZIÈME ANNÉE,695.0,十有六年春正月，公会宋公、蔡侯、卫侯于曹。,"Au printemps, au premier mois de l’année (décembre-janvier), le prince de Lou conféra avec les princes de Soung, de Ts’ai et de Ouei à Ts’ao."
171,春秋,Tch'ouen Ts'iou,卷二,LIVRE II,桓公,Houan,98.0,桓公十六年,SEIZIÈME ANNÉE,695.0,夏四月，公会宋公、卫侯、陈侯、蔡侯伐郑。,"En été, au quatrième mois, le prince de Lou, avec les princes de Soung, de Ouei, de Tch’en et de Ts’ai, attaqua Tcheng."
172,春秋,Tch'ouen Ts'iou,卷二,LIVRE II,桓公,Houan,99.0,桓公十六年,SEIZIÈME ANNÉE,695.0,秋七月，公至自伐郑。,"En automne, au septième mois, le prince de Lou arriva de son expédition à Tcheng."
173,春秋,Tch'ouen Ts'iou,卷二,LIVRE II,桓公,Houan,100.0,桓公十六年,SEIZIÈME ANNÉE,695.0,冬，城向。,"En hiver, le prince de Lou fit fortifier Hiang."
174,春秋,Tch'ouen Ts'iou,卷二,LIVRE II,桓公,Houan,101.0,桓公十六年,SEIZIÈME ANNÉE,695.0,十有一月，卫侯朔出奔齐。,"Au onzième mois, Chouo (Houéi kōung), prince de Ouei, s’enfuit à Ts’i."
175,春秋,Tch'ouen Ts'iou,卷二,LIVRE II,桓公,Houan,102.0,桓公十七年,DIX-SEPTIÈME ANNÉE,694.0,十有七年春正月丙辰，公会齐侯、纪侯盟于黄。,"Au printemps, au premier mois de l’année (décembre-janvier), le jour pìng tch’ên, le prince de Lou conféra et fit un traité avec les princes de Ts’i et de Ki à Houang, sur le territoire de Ts’i."
176,春秋,Tch'ouen Ts'iou,卷二,LIVRE II,桓公,Houan,103.0,桓公十七年,DIX-SEPTIÈME ANNÉE,694.0,二月丙午，公会邾仪父，盟于趡。,"Au deuxième mois, le jour pìng òu, le prince de Lou fit un traité avec I fou de Tchou à Ts’ouei, sur le territoire de Lou."
177,春秋,Tch'ouen Ts'iou,卷二,LIVRE II,桓公,Houan,104.0,桓公十七年,DIX-SEPTIÈME ANNÉE,694.0,夏五月丙午，及齐师战于奚。,"En été, au cinquième mois, le jour pìng òu, l’armée de Lou combattit contre celle de Ts’i à Hi, sur le territoire de Lou."
178,春秋,Tch'ouen Ts'iou,卷二,LIVRE II,桓公,Houan,105.0,桓公十七年,DIX-SEPTIÈME ANNÉE,694.0,六月丁丑，蔡侯封人卒。,"Au sixième mois, le jour tīng tch’eòu, Foung jen, prince de Ts’ai, mourut."
179,春秋,Tch'ouen Ts'iou,卷二,LIVRE II,桓公,Houan,106.0,桓公十七年,DIX-SEPTIÈME ANNÉE,694.0,秋八月，蔡季自陈归于蔡。,"En automne, au huitième mois, le prince de Ts’ai, parti de Tch’en, rentra à Ts’ai."
180,春秋,Tch'ouen Ts'iou,卷二,LIVRE II,桓公,Houan,107.0,桓公十七年,DIX-SEPTIÈME ANNÉE,694.0,癸巳，葬蔡桓侯。,"Le jour kouèi séu, on enterra Houan, prince de Ts’ai."
181,春秋,Tch'ouen Ts'iou,卷二,LIVRE II,桓公,Houan,108.0,桓公十七年,DIX-SEPTIÈME ANNÉE,694.0,及宋人、卫人伐邾。,"Les troupes de Lou, avec celles de Soung et de Ouei, attaquèrent Tchou."
182,春秋,Tch'ouen Ts'iou,卷二,LIVRE II,桓公,Houan,109.0,桓公十七年,DIX-SEPTIÈME ANNÉE,694.0,冬十月朔，日有食之。,"En hiver, le premier jour du dixième mois, il arriva que le soleil fut éclipsé."
183,春秋,Tch'ouen Ts'iou,卷二,LIVRE II,桓公,Houan,110.0,桓公十八年,DIX-HUITIÈME ANNÉE,693.0,十有八年春，王正月，公会齐侯于泺。公与夫人姜氏遂如齐。,"Au printemps, au premier mois de l’année selon le calendrier impérial (décembre-janvier), le prince de Lou conféra avec le prince de Ts’i sur le bord de la Lou (ou Lo, à la frontière de Lou et de Ts’i). De là, avec sa femme Kiang cheu, sœur du prince du Ts’i, il alla à Ts’i."
184,春秋,Tch'ouen Ts'iou,卷二,LIVRE II,桓公,Houan,111.0,桓公十八年,DIX-HUITIÈME ANNÉE,693.0,夏四月丙子，公薨于齐。,"En été, au quatrième mois, le jour pìng tsèu, le prince de Lou mourut à Ts’i."
185,春秋,Tch'ouen Ts'iou,卷二,LIVRE II,桓公,Houan,112.0,桓公十八年,DIX-HUITIÈME ANNÉE,693.0,丁酉，公之丧至自齐。,"Le jour tīng iòu, le corps de Houan koung arriva de Ts’i à Lou avec tout l’appareil funèbre."
186,春秋,Tch'ouen Ts'iou,卷二,LIVRE II,桓公,Houan,113.0,桓公十八年,DIX-HUITIÈME ANNÉE,693.0,秋七月。,"En automne, au septième mois."
187,春秋,Tch'ouen Ts'iou,卷二,LIVRE II,桓公,Houan,114.0,桓公十八年,DIX-HUITIÈME ANNÉE,693.0,冬十有二月己丑，葬我君桓公。,"En hiver, au douzième mois, le jour kì tch’eòu, on enterra notre prince Houan koung."
188,春秋,Tch'ouen Ts'iou,卷三,LIVRE III,庄公,Tchouang,1.0,庄公元年,PREMIÈRE ANNÉE,692.0,元年春，王正月。,"Au printemps, au premier mois de l’année selon le calendrier impérial (décembre-janvier)."
189,春秋,Tch'ouen Ts'iou,卷三,LIVRE III,庄公,Tchouang,2.0,庄公元年,PREMIÈRE ANNÉE,692.0,三月，夫人孙于齐。,"Au troisième mois, la princesse (Ouen Kiang, qui avait reparu à Lou et s’y trouvait mal à l’aise) se retira à Ts’i."
190,春秋,Tch'ouen Ts'iou,卷三,LIVRE III,庄公,Tchouang,3.0,庄公元年,PREMIÈRE ANNÉE,692.0,夏，单伯送王姬,"En été, le prince de Chan (ministre de l’empereur) conduisit à Ts’î la princesse Ki (fille de l’empereur et fiancée du prince de Ts’i). Il s’arrêta à la capitale de Lou avec elle, et avec le prince de Ts’i, qui était allé à la capitale de l’empire chercher sa fiancée."
191,春秋,Tch'ouen Ts'iou,卷三,LIVRE III,庄公,Tchouang,4.0,庄公元年,PREMIÈRE ANNÉE,692.0,秋，筑王姬之馆于外。,"En automne, le prince de Lou fit bâtir en dehors de sa capitale un hôtel pour y recevoir Ki, fille de l’empereur."
192,春秋,Tch'ouen Ts'iou,卷三,LIVRE III,庄公,Tchouang,5.0,庄公元年,PREMIÈRE ANNÉE,692.0,冬十月乙亥，陈侯林卒。,"En hiver, au dixième mois, le jour ĭ hái, Lin (Tchouāng kōung), prince de Tch’en, mourut."
193,春秋,Tch'ouen Ts'iou,卷三,LIVRE III,庄公,Tchouang,6.0,庄公元年,PREMIÈRE ANNÉE,692.0,王使荣叔来锡桓公命。,"L’empereur envoya Ioung Chou gratifier Houan koung défunt de nouveaux insignes de dignité, de vêtements princiers ornés de broderies symboliques."
194,春秋,Tch'ouen Ts'iou,卷三,LIVRE III,庄公,Tchouang,7.0,庄公元年,PREMIÈRE ANNÉE,692.0,王姬归于齐。,"Ki, fille de l’empereur, arriva à Ts’i pour épouser le prince."
195,春秋,Tch'ouen Ts'iou,卷三,LIVRE III,庄公,Tchouang,8.0,庄公元年,PREMIÈRE ANNÉE,692.0,齐师迁纪、郱、鄑、郚。,"L’armée de Ts’i emmena dans une autre contrée les habitants de P’ing, de Tseu et de Ou, qui étaient de la principauté de Ki. (Le prince de Ts’i s’empara de ces trois territoires. Son intention était de mettre fin à la principauté de Ki)."
196,春秋,Tch'ouen Ts'iou,卷三,LIVRE III,庄公,Tchouang,9.0,庄公二年,DEUXIÈME ANNÉE,691.0,二年春，王二月，葬陈庄公。,"Au printemps, au deuxième mois de l’année selon le calendrier impérial (janvier-février), on enterra Tchouang koung, prince de Tch’en."
197,春秋,Tch'ouen Ts'iou,卷三,LIVRE III,庄公,Tchouang,10.0,庄公二年,DEUXIÈME ANNÉE,691.0,夏，公子庆父帅师伐於馀丘。,"En été, K’ing fou, fils de Houan koung (et frère de Tchouang koung de Lou), à la tête d’une armée, attaqua la principauté de Iu iu k’iou, voisine de Lou."
198,春秋,Tch'ouen Ts'iou,卷三,LIVRE III,庄公,Tchouang,11.0,庄公二年,DEUXIÈME ANNÉE,691.0,秋七月，齐王姬卒。,"En automne, au septième mois, Ki, fille de l’empereur et femme du prince de Ts’i, mourut."
199,春秋,Tch'ouen Ts'iou,卷三,LIVRE III,庄公,Tchouang,12.0,庄公二年,DEUXIÈME ANNÉE,691.0,冬十有二月，夫人姜氏会齐侯于禚。,"En hiver, au douzième mois, Kiang cheu (femme de Houan koung de Lou) eut une entrevue avec le prince de Ts’i à Tcho, sur le territoire de Ts’i."
200,春秋,Tch'ouen Ts'iou,卷三,LIVRE III,庄公,Tchouang,13.0,庄公二年,DEUXIÈME ANNÉE,691.0,乙酉，宋公冯卒。,"Le jour ĭ iòu, P’ing, prince de Soung, mourut."
201,春秋,Tch'ouen Ts'iou,卷三,LIVRE III,庄公,Tchouang,14.0,庄公三年,TROISIÈME ANNÉE,690.0,三年春，王正月，溺会齐师伐卫。,"Au printemps, au premier mois selon le calendrier impérial (décembre-janvier), Ni, grand préfet de Lou, alla de son chef se joindre à l’armée de Ts’i et attaquer Ouei."
202,春秋,Tch'ouen Ts'iou,卷三,LIVRE III,庄公,Tchouang,15.0,庄公三年,TROISIÈME ANNÉE,690.0,夏四月，葬宋庄公。,"En été, au quatrième mois, on enterra Tchouang koung, prince de Soung."
203,春秋,Tch'ouen Ts'iou,卷三,LIVRE III,庄公,Tchouang,16.0,庄公三年,TROISIÈME ANNÉE,690.0,五月，葬桓王。,"Au cinquième mois, on enterra l’empereur Houan ouang."
204,春秋,Tch'ouen Ts'iou,卷三,LIVRE III,庄公,Tchouang,17.0,庄公三年,TROISIÈME ANNÉE,690.0,秋，纪季以酅入于齐。,"En automne, Ki, frère puîné du prince de Ki, (sachant que le Prince de Ts’i voulait mettre fin à la principauté de Ki), fit de la terre de Hi une principauté vassale de Ts’i (dans l’espoir d’éviter le malheur de tout perdre)."
205,春秋,Tch'ouen Ts'iou,卷三,LIVRE III,庄公,Tchouang,18.0,庄公三年,TROISIÈME ANNÉE,690.0,冬，公次于滑。,"En hiver, le prince de Lou stationna à Houa, dans la principauté de Tcheng."
206,春秋,Tch'ouen Ts'iou,卷三,LIVRE III,庄公,Tchouang,19.0,庄公四年,QUATRIÈME ANNÉE,689.0,四年春，王二月，夫人姜氏享齐侯于祝丘。,"Au printemps, au deuxième mois selon le calendrier impérial (janvier-février), Kiang cheu, femme (de Houan koung de Lou, et apparemment revenue à Lou), fit un festin à son frère le prince de Ts’i à Tchou k’iou (sur le territoire de Lou ; ce qui était très inconvenant."
207,春秋,Tch'ouen Ts'iou,卷三,LIVRE III,庄公,Tchouang,20.0,庄公四年,QUATRIÈME ANNÉE,689.0,三月，纪伯姬卒。,"Au troisième mois, mourut la femme du prince de Ki, fille aînée de In koung de Lou, dont le nom de famille était Kī."
208,春秋,Tch'ouen Ts'iou,卷三,LIVRE III,庄公,Tchouang,21.0,庄公四年,QUATRIÈME ANNÉE,689.0,夏，齐侯、陈侯、郑伯遇于垂。,"En été, les princes de Ts’i, de Tch’en et de Tcheng se rencontrèrent à Tch’ouei."
209,春秋,Tch'ouen Ts'iou,卷三,LIVRE III,庄公,Tchouang,22.0,庄公四年,QUATRIÈME ANNÉE,689.0,纪侯大去其国。,Le prince de Ki quitta définitivement ses États.
210,春秋,Tch'ouen Ts'iou,卷三,LIVRE III,庄公,Tchouang,23.0,庄公四年,QUATRIÈME ANNÉE,689.0,六月乙丑，齐侯葬纪伯姬。,"Au sixième mois, le jour ĭ tch’eòu, le prince de Ts’i (qui agissait en maître à Ki) fit enterrer (avec toutes les cérémonies usitées à l’enterrement des grandes princesses) la femme du prince de Ki, fille aînée de In koung de Lou, dont le nom de famille était Ki. (Le prince de Ki avait abdiqué en faveur de son frère et vivait en pays étranger)."
211,春秋,Tch'ouen Ts'iou,卷三,LIVRE III,庄公,Tchouang,24.0,庄公四年,QUATRIÈME ANNÉE,689.0,秋七月。,"En automne, au septième mois."
212,春秋,Tch'ouen Ts'iou,卷三,LIVRE III,庄公,Tchouang,25.0,庄公四年,QUATRIÈME ANNÉE,689.0,冬，公及齐人狩于禚。,"En hiver, le prince de Lou, avec les officiers ou le prince de Ts’i, chassa les animaux sauvages à Tcho (sur le territoire de Ts’i, ce qui était contraire aux usages)."
213,春秋,Tch'ouen Ts'iou,卷三,LIVRE III,庄公,Tchouang,26.0,庄公五年,CINQUIÈME ANNÉE,688.0,五年春，王正月。,"Au printemps, au premier mois selon le calendrier impérial (décembre-janvier)."
214,春秋,Tch'ouen Ts'iou,卷三,LIVRE III,庄公,Tchouang,27.0,庄公五年,CINQUIÈME ANNÉE,688.0,夏，夫人姜氏如齐师。,"En été, Kiang cheu, femme de Houan koung, alla où était l’armée de Ts’i (dans le territoire de Kì, pour y voir son frère."
215,春秋,Tch'ouen Ts'iou,卷三,LIVRE III,庄公,Tchouang,28.0,庄公五年,CINQUIÈME ANNÉE,688.0,秋，郳犁来朝。,"En automne, Li lai, prince de I, (vassal du prince de Lou), vint à la cour de Lou."
216,春秋,Tch'ouen Ts'iou,卷三,LIVRE III,庄公,Tchouang,29.0,庄公五年,CINQUIÈME ANNÉE,688.0,冬，公会齐人、宋人、陈人、蔡人伐卫。,"En hiver, le prince de Lou, avec les officiers ou les princes de Ts’i, de Soung, de Tchen et de Ts’ai, attaqua Ouei."
217,春秋,Tch'ouen Ts'iou,卷三,LIVRE III,庄公,Tchouang,30.0,庄公六年,SIXIÈME ANNÉE,687.0,六年春，王正月，王人子突救卫。,"Au printemps, au premier mois selon le calendrier impérial (décembre-janvier), Tseu tou, officier de l’empereur, délivra Ouei."
218,春秋,Tch'ouen Ts'iou,卷三,LIVRE III,庄公,Tchouang,31.0,庄公六年,SIXIÈME ANNÉE,687.0,夏六月，卫侯朔入于卫。,"En été, au sixième mois, Chouo (Houéi kōung), prince de Ouei, rentra à Ouei."
219,春秋,Tch'ouen Ts'iou,卷三,LIVRE III,庄公,Tchouang,32.0,庄公六年,SIXIÈME ANNÉE,687.0,秋，公至自伐卫。,"En automne, le prince de Lou rentra après son expédition contre Ouei."
220,春秋,Tch'ouen Ts'iou,卷三,LIVRE III,庄公,Tchouang,33.0,庄公六年,SIXIÈME ANNÉE,687.0,螟。,Il y eut de ces insectes qui rongent la moelle de la tige des céréales.
221,春秋,Tch'ouen Ts'iou,卷三,LIVRE III,庄公,Tchouang,34.0,庄公六年,SIXIÈME ANNÉE,687.0,冬，齐人来归卫俘。,"En hiver, les officiers de Ts’i vinrent amener les prisonniers et les objets pris à Ouei."
222,春秋,Tch'ouen Ts'iou,卷三,LIVRE III,庄公,Tchouang,35.0,庄公七年,SEPTIÈME ANNÉE,686.0,七年春，夫人姜氏会齐侯于防。,"Au printemps (décembre-janvier-février), Kiang cheu ou Ouen Kiang, femme de Houan koung, de Lou, eut une entrevue avec son frère le prince de Ts’i à Fang, sur le territoire de Lou."
223,春秋,Tch'ouen Ts'iou,卷三,LIVRE III,庄公,Tchouang,36.0,庄公七年,SEPTIÈME ANNÉE,686.0,夏四月辛卯，夜，恒星不见。夜中，星陨如雨。,"En été, au quatrième mois, le jour sīn maò, le soir, les étoiles qui paraissent ordinairement ne furent pas visibles. Au milieu de la nuit, il tomba des étoiles filantes et de la pluie."
224,春秋,Tch'ouen Ts'iou,卷三,LIVRE III,庄公,Tchouang,37.0,庄公七年,SEPTIÈME ANNÉE,686.0,秋，大水。无麦、苗。,"En automne (mai ou juin), il y eut inondation. Elle détruisit le blé (qui était presque mûr) et les autres céréales qui étaient encore en herbe."
225,春秋,Tch'ouen Ts'iou,卷三,LIVRE III,庄公,Tchouang,38.0,庄公七年,SEPTIÈME ANNÉE,686.0,冬，夫人姜氏会齐侯于穀。,"En hiver, Kiang cheu, femme de Houan koung, eut une entrevue avec son frère le prince de Ts’i à Kou, sur le territoire de Ts’i."
226,春秋,Tch'ouen Ts'iou,卷三,LIVRE III,庄公,Tchouang,39.0,庄公八年,HUITIÈME ANNÉE,685.0,八年春，王正月，师次于郎，以俟陈人、蔡人。,"Au printemps, au premier mois de l’année selon le calendrier impérial (décembre-janvier), l’armée de Lou stationna à Lang, sur le territoire de Lou, pour attendre les troupes de Tch’en et de Ts’ai (et attaquer Tch’êng. On les attendit en vain)."
227,春秋,Tch'ouen Ts'iou,卷三,LIVRE III,庄公,Tchouang,40.0,庄公八年,HUITIÈME ANNÉE,685.0,甲午，治兵。,"Le jour kiă ôu, on exerça (les soldats à manier) les armes (en vue d’attaquer Tch’eng)."
228,春秋,Tch'ouen Ts'iou,卷三,LIVRE III,庄公,Tchouang,41.0,庄公八年,HUITIÈME ANNÉE,685.0,夏，师及齐师围郕，郕降于齐师。,"En été, l’armée de Lou, avec celle de Ts’i, assiégea Tch’eng. Les habitants de Tch’eng firent leur soumission aux officiers de Ts’i."
229,春秋,Tch'ouen Ts'iou,卷三,LIVRE III,庄公,Tchouang,42.0,庄公八年,HUITIÈME ANNÉE,685.0,秋，师还。,"En automne, l’armée revint."
230,春秋,Tch'ouen Ts'iou,卷三,LIVRE III,庄公,Tchouang,43.0,庄公八年,HUITIÈME ANNÉE,685.0,冬十有一月癸未，齐无知弑其君诸儿。,"En hiver, au onzième mois, le jour kouèi ouéi, Ou tcheu de Ts’i mit à mort son prince Tchou eul (Siāng kōung)."
231,春秋,Tch'ouen Ts'iou,卷三,LIVRE III,庄公,Tchouang,44.0,庄公九年,NEUVIÈME ANNÉE,684.0,九年春，齐人杀无知。,"Au printemps (décembre-janvier-février), les officiers de Ts’i mirent à mort Ou tcheu."
232,春秋,Tch'ouen Ts'iou,卷三,LIVRE III,庄公,Tchouang,45.0,庄公九年,NEUVIÈME ANNÉE,684.0,公及齐大夫盟于蔇。,Le prince de Lou conclut un traité avec les grands préfets de Ts’î à Ki.
233,春秋,Tch'ouen Ts'iou,卷三,LIVRE III,庄公,Tchouang,46.0,庄公九年,NEUVIÈME ANNÉE,684.0,夏，公伐齐，纳子纠。齐小白入于齐。,"En été, le prince de Lou attaqua Ts’i, pour y ramener Kiou (Tseu kiou). Mais Siao pe de Ts’i rentra à Ts’i."
234,春秋,Tch'ouen Ts'iou,卷三,LIVRE III,庄公,Tchouang,47.0,庄公九年,NEUVIÈME ANNÉE,684.0,秋七月丁酉，葬齐襄公。,"En automne, au septième mois, le jour tīng iòu, on enterra Siang koung, prince de Ts’i."
235,春秋,Tch'ouen Ts'iou,卷三,LIVRE III,庄公,Tchouang,48.0,庄公九年,NEUVIÈME ANNÉE,684.0,八月庚申，及齐师战于乾时，我师败绩。,"Au huitième mois, le jour kēng chēn, l’armée de Lou combattit contre l’armée de Ts’i à Kan cheu (sur le territoire de Ts’i, pour chasser Siao pe et mettre Tseu kiou au pouvoir). Notre armée fut entièrement défaite."
236,春秋,Tch'ouen Ts'iou,卷三,LIVRE III,庄公,Tchouang,49.0,庄公九年,NEUVIÈME ANNÉE,684.0,九月，齐人取子纠，杀之。,"Au neuvième mois, les officiers de Ts’i vinrent chercher Tseu kiou et le mirent à mort."
237,春秋,Tch'ouen Ts'iou,卷三,LIVRE III,庄公,Tchouang,50.0,庄公九年,NEUVIÈME ANNÉE,684.0,冬，浚洙。,"En hiver, on approfondit le lit de la Chou (affluent de la Séu dans le Chan toung)."
238,春秋,Tch'ouen Ts'iou,卷三,LIVRE III,庄公,Tchouang,51.0,庄公十年,DIXIÈME ANNÉE,683.0,十年春，王正月，公败齐师于长勺。,"Au printemps, au premier mois selon le calendrier impérial (décembre-janvier), le prince de Lou défit l’armée de Ts’i à Tch’ang cho, sur le territoire de Lou."
239,春秋,Tch'ouen Ts'iou,卷三,LIVRE III,庄公,Tchouang,52.0,庄公十年,DIXIÈME ANNÉE,683.0,二月，公侵宋。,"Au deuxième mois, le prince de Lou envahit Soung."
240,春秋,Tch'ouen Ts'iou,卷三,LIVRE III,庄公,Tchouang,53.0,庄公十年,DIXIÈME ANNÉE,683.0,三月，宋人迁宿。,"Au troisième mois, les habitants de Soung (attaqués par l’armée de Lou) se retirèrent à Siu (dont ils s’étaient emparés)."
241,春秋,Tch'ouen Ts'iou,卷三,LIVRE III,庄公,Tchouang,54.0,庄公十年,DIXIÈME ANNÉE,683.0,夏六月，齐师、宋师次于郎。公败宋师于乘丘。,"En été, au sixième mois, les armées de Ts’î et de Soung stationnèrent à Lang, sur le territoire de Lou. Le prince de Lou défit l’armée de Soung à Cheng k’iou, sur le territoire de Lou."
242,春秋,Tch'ouen Ts'iou,卷三,LIVRE III,庄公,Tchouang,55.0,庄公十年,DIXIÈME ANNÉE,683.0,秋九月，荆败蔡师于莘，以蔡侯献舞归。,"En automne, au neuvième mois, l’armée de King, c’est-à-dire, de Tch’ou, battit celle de Ts’ai à Chen, sur le territoire de Ts’ai, et s’en retourna, emmenant avec elle Hien Ou, prince de Ts’ai."
243,春秋,Tch'ouen Ts'iou,卷三,LIVRE III,庄公,Tchouang,56.0,庄公十年,DIXIÈME ANNÉE,683.0,冬十月，齐师灭谭。谭子奔莒。,"En hiver, au dixième mois, l’armée de Ts’i mit fin à la principauté de T’an. Le prince de T’an se réfugia à Kiu."
244,春秋,Tch'ouen Ts'iou,卷三,LIVRE III,庄公,Tchouang,57.0,庄公十一年,ONZIÈME ANNÉE,682.0,十有一年春，王正月。,"Au printemps, au premier mois selon le calendrier impérial (décembre-janvier)."
245,春秋,Tch'ouen Ts'iou,卷三,LIVRE III,庄公,Tchouang,58.0,庄公十一年,ONZIÈME ANNÉE,682.0,夏五月戊寅，公败宋师于鄑。,"En été, au cinquième mois, le jour meóu ìn, le prince de Lou défit l’année de Soung à Tseu ou Tsin, sur le territoire de Lou."
246,春秋,Tch'ouen Ts'iou,卷三,LIVRE III,庄公,Tchouang,59.0,庄公十一年,ONZIÈME ANNÉE,682.0,秋，宋大水。,"En automne, le territoire de Soung fut inondé."
247,春秋,Tch'ouen Ts'iou,卷三,LIVRE III,庄公,Tchouang,60.0,庄公十一年,ONZIÈME ANNÉE,682.0,冬，王姬归于齐。,"En hiver, Ki, fille de l’empereur, alla à Ts’i épouser le prince de Ts’i."
248,春秋,Tch'ouen Ts'iou,卷三,LIVRE III,庄公,Tchouang,61.0,庄公十二年,DOUZIÈME ANNÉE,681.0,十有二年春，王三月，纪叔姬归于酅。,"Au printemps, au troisième mois selon le calendrier impérial (février-mars), Chou Ki, fille de In koung de Lou, et veuve du prince de Ki, revint et s’établit à Hi, dans la principauté de Lou."
249,春秋,Tch'ouen Ts'iou,卷三,LIVRE III,庄公,Tchouang,62.0,庄公十二年,DOUZIÈME ANNÉE,681.0,夏四月。,"En été, au quatrième mois."
250,春秋,Tch'ouen Ts'iou,卷三,LIVRE III,庄公,Tchouang,63.0,庄公十二年,DOUZIÈME ANNÉE,681.0,秋八月甲午，宋万弑其君捷，及其大夫仇牧。,"En automne, au huitième mois, le jour kiă òu, Nan koung Tchang ouan, officier de Soung,  tua Tsie (Min koung), son prince, et K’iou mou, grand préfet de son prince."
251,春秋,Tch'ouen Ts'iou,卷三,LIVRE III,庄公,Tchouang,64.0,庄公十二年,DOUZIÈME ANNÉE,681.0,冬十月，宋万出奔陈。,"En hiver, au dixième mois, Nan koung Ouan de Soung se réfugia à Tch’en."
252,春秋,Tch'ouen Ts'iou,卷三,LIVRE III,庄公,Tchouang,65.0,庄公十三年,TREIZIÈME ANNÉE,680.0,十有三年春，齐侯、宋人、陈人、蔡人、邾人会于北杏。,"Au printemps (décembre-janvier-février), le prince de Ts’i, les officiers de Soung, de Tch’en, de Ts’ai et de Tchou eurent une conférence à Pe hing, sur le territoire de Ts’i."
253,春秋,Tch'ouen Ts'iou,卷三,LIVRE III,庄公,Tchouang,66.0,庄公十三年,TREIZIÈME ANNÉE,680.0,夏六月，齐人灭遂。,"En été, au sixième mois, l’armée de Ts’i mit fin à la principauté de Souei."
254,春秋,Tch'ouen Ts'iou,卷三,LIVRE III,庄公,Tchouang,67.0,庄公十三年,TREIZIÈME ANNÉE,680.0,秋七月。,"En automne, au septième mois."
255,春秋,Tch'ouen Ts'iou,卷三,LIVRE III,庄公,Tchouang,68.0,庄公十三年,TREIZIÈME ANNÉE,680.0,冬，公会齐侯，盟于柯。,"En hiver, le prince de Lou conclut un traité avec le prince de Ts’i à Ko, sur le territoire de Ts’i."
256,春秋,Tch'ouen Ts'iou,卷三,LIVRE III,庄公,Tchouang,69.0,庄公十四年,QUATORZIÈME ANNÉE,679.0,十有四年春，齐人、陈人、曹人伐宋。,"Au printemps (décembre-janvier-février), les armées de Ts’i, de Tch’en et de Ts’ao attaquèrent Soung, (parce qu’il n’avait pas observé les conventions faites à Pe hing)."
257,春秋,Tch'ouen Ts'iou,卷三,LIVRE III,庄公,Tchouang,70.0,庄公十四年,QUATORZIÈME ANNÉE,679.0,夏，单伯会伐宋。,"En été, le prince de Chan, commandant les troupes impériales, se joignit aux princes et attaqua Soung. (Chán, ville du domaine impérial)."
258,春秋,Tch'ouen Ts'iou,卷三,LIVRE III,庄公,Tchouang,71.0,庄公十四年,QUATORZIÈME ANNÉE,679.0,秋七月，荆入蔡。,"En automne, au septième mois, l’armée de King, c’est-à-dire, de Tch’ou, entra dans la capitale de Ts’ai."
259,春秋,Tch'ouen Ts'iou,卷三,LIVRE III,庄公,Tchouang,72.0,庄公十四年,QUATORZIÈME ANNÉE,679.0,冬，单伯会齐侯、宋公、卫侯、郑伯于鄄。,"En hiver, le prince de Chan, représentant l’empereur, eut une conférence à Kiuen, sur le territoire de Ouei, avec les princes de Ts’i, de Soung, de Ouei et de Tcheng."
260,春秋,Tch'ouen Ts'iou,卷三,LIVRE III,庄公,Tchouang,73.0,庄公十五年,QUINZIÈME ANNÉE,678.0,十有五年春，齐侯、宋公、陈侯、卫侯、郑伯会于鄄。,"Au printemps, les princes de Ts’i, de Soung, de Tch’en, de Ouei et de Tcheng se réunirent à Kiuen."
261,春秋,Tch'ouen Ts'iou,卷三,LIVRE III,庄公,Tchouang,74.0,庄公十五年,QUINZIÈME ANNÉE,678.0,夏，夫人姜氏如齐。,"En été, Kiang cheu, femme du feu prince Houân kōung de Lou, et sœur du prince de Ts’i, alla à Ts’i."
262,春秋,Tch'ouen Ts'iou,卷三,LIVRE III,庄公,Tchouang,75.0,庄公十五年,QUINZIÈME ANNÉE,678.0,秋，宋人、齐人、邾人伐郳。,"En automne, les princes de Soung, de Ts’i et de Tchou attaquèrent I, petite principauté vassale de Soung."
263,春秋,Tch'ouen Ts'iou,卷三,LIVRE III,庄公,Tchouang,76.0,庄公十五年,QUINZIÈME ANNÉE,678.0,郑人侵宋。,L’armée de Tcheng envahit le territoire de Soung.
264,春秋,Tch'ouen Ts'iou,卷三,LIVRE III,庄公,Tchouang,77.0,庄公十五年,QUINZIÈME ANNÉE,678.0,冬十月。,"En hiver, au dixième mois."
265,春秋,Tch'ouen Ts'iou,卷三,LIVRE III,庄公,Tchouang,78.0,庄公十六年,SEIZIÈME ANNÉE,677.0,十有六年春，王正月。,"Au printemps, au premier mois selon le calendrier impérial (décembre-janvier)."
266,春秋,Tch'ouen Ts'iou,卷三,LIVRE III,庄公,Tchouang,79.0,庄公十六年,SEIZIÈME ANNÉE,677.0,夏，宋人、齐人、卫人伐郑。,"En été, les troupes de Soung, de Ts’i et de Ouei attaquèrent Tcheng."
267,春秋,Tch'ouen Ts'iou,卷三,LIVRE III,庄公,Tchouang,80.0,庄公十六年,SEIZIÈME ANNÉE,677.0,秋，荆伐郑。,"En automne, Tch’ou attaqua Tcheng."
268,春秋,Tch'ouen Ts'iou,卷三,LIVRE III,庄公,Tchouang,81.0,庄公十六年,SEIZIÈME ANNÉE,677.0,冬十有二月，会齐侯、宋公、陈侯、卫侯、郑伯、许男、滑伯、滕子同盟于幽。,"En hiver, au douzième mois, le prince de Lou conclut un traité d’accommodement à Iou, sur le territoire de Soung, avec les princes de Ts’i, de Soung, de Tch’en, de Ouei, de Tcheng, de Hiu, de Houa et de T’eng."
269,春秋,Tch'ouen Ts'iou,卷三,LIVRE III,庄公,Tchouang,82.0,庄公十六年,SEIZIÈME ANNÉE,677.0,邾子克卒。,"K’o, prince de Tchou, mourut. (Son prénom était Î fôu."
270,春秋,Tch'ouen Ts'iou,卷三,LIVRE III,庄公,Tchouang,83.0,庄公十七年,DIX-SEPTIÈME ANNÉE,676.0,十有七年春，齐人执郑詹。,"Au printemps (décembre-janvier-février), les officiers de Ts’i se saisirent de Tchan, officier de Tcheng, qui était allé à Ts’i."
271,春秋,Tch'ouen Ts'iou,卷三,LIVRE III,庄公,Tchouang,84.0,庄公十七年,DIX-SEPTIÈME ANNÉE,676.0,夏，齐人歼于遂。,"En été, les soldats de Ts’i qui gardaient la frontière à Souei furent exterminés."
272,春秋,Tch'ouen Ts'iou,卷三,LIVRE III,庄公,Tchouang,85.0,庄公十七年,DIX-SEPTIÈME ANNÉE,676.0,秋，郑詹自齐逃来。,"En automne, Tchan de Tcheng s’échappa de Ts’i et vint à Lou."
273,春秋,Tch'ouen Ts'iou,卷三,LIVRE III,庄公,Tchouang,86.0,庄公十七年,DIX-SEPTIÈME ANNÉE,676.0,冬，多麋。,"En hiver, beaucoup de cerfs (endommagèrent les moissons)."
274,春秋,Tch'ouen Ts'iou,卷三,LIVRE III,庄公,Tchouang,87.0,庄公十八年,DIX-HUITIÈME ANNÉE,675.0,十有八年春，王三月，日有食之。,"Au printemps, au troisième mois selon le calendrier impérial (janvier-février), le soleil fut éclipsé."
275,春秋,Tch'ouen Ts'iou,卷三,LIVRE III,庄公,Tchouang,88.0,庄公十八年,DIX-HUITIÈME ANNÉE,675.0,夏，公追戎于济西。,"En été, le prince de Lou poursuivit les Joung à l’ouest de la Tsi."
276,春秋,Tch'ouen Ts'iou,卷三,LIVRE III,庄公,Tchouang,89.0,庄公十八年,DIX-HUITIÈME ANNÉE,675.0,秋，有蜮。,"En automne, il y eut des houĕ, tortues à trois pattes qui envoient leur souffle ou lancent du sable sur les passants, et leur causent des maladies et même la mort."
277,春秋,Tch'ouen Ts'iou,卷三,LIVRE III,庄公,Tchouang,90.0,庄公十八年,DIX-HUITIÈME ANNÉE,675.0,冬十月。,"En hiver, au dixième mois."
278,春秋,Tch'ouen Ts'iou,卷三,LIVRE III,庄公,Tchouang,91.0,庄公十九年,DIX-NEUVIÈME ANNÉE,674.0,十有九年春，王正月。,"Au printemps, au premier mois selon le calendrier impérial (décembre-janvier)."
279,春秋,Tch'ouen Ts'iou,卷三,LIVRE III,庄公,Tchouang,92.0,庄公十九年,DIX-NEUVIÈME ANNÉE,674.0,夏四月。,"En été, au quatrième mois."
280,春秋,Tch'ouen Ts'iou,卷三,LIVRE III,庄公,Tchouang,93.0,庄公十九年,DIX-NEUVIÈME ANNÉE,674.0,秋，公子结媵陈人之妇于鄄，遂及齐侯、宋公盟。,"En automne, Koung tseu Kie, grand préfet de Lou, accompagna jusqu’à Kiuen, sur le territoire de Ouéi, une fille de la famille princière de Lou destinée au sérail du prince de Tch’en. Ensuite, de son propre chef, il alla conclure un traité avec les princes de Ts’i et de Soung."
281,春秋,Tch'ouen Ts'iou,卷三,LIVRE III,庄公,Tchouang,94.0,庄公十九年,DIX-NEUVIÈME ANNÉE,674.0,夫人姜氏如莒。,"Kiang cheu, femme de Houan koung, alla à Kiu."
282,春秋,Tch'ouen Ts'iou,卷三,LIVRE III,庄公,Tchouang,95.0,庄公十九年,DIX-NEUVIÈME ANNÉE,674.0,冬，齐人、宋人、陈人伐我西鄙。,"En hiver, les troupes de Ts’i, de Soung et de Tch’en attaquèrent notre frontière occidentale. (Le prince de Tch’en était mécontent, parce que l’envoyé de Lou n’avait pas accompagné la fiancée jusqu’à la capitale de Tch’en, et les princes de Ts’i et de Soung étaient mécontents, parce que le traité n’avait pas été ratifié par le prince de Lou)."
283,春秋,Tch'ouen Ts'iou,卷三,LIVRE III,庄公,Tchouang,96.0,庄公二十年,VINGTIÈME ANNÉE,673.0,二十年春，王二月，夫人姜氏如莒。,"Au printemps, au deuxième mois selon le calendrier impérial (janvier-février), Kiang cheu, femme de Houan koung, alla à Kiu."
284,春秋,Tch'ouen Ts'iou,卷三,LIVRE III,庄公,Tchouang,97.0,庄公二十年,VINGTIÈME ANNÉE,673.0,夏，齐大灾。,"En été, un grand malheur arriva à Ts’i. (L’incendie dévora le temple des ancêtres)."
285,春秋,Tch'ouen Ts'iou,卷三,LIVRE III,庄公,Tchouang,98.0,庄公二十年,VINGTIÈME ANNÉE,673.0,秋七月。,"En automne, au septième mois."
286,春秋,Tch'ouen Ts'iou,卷三,LIVRE III,庄公,Tchouang,99.0,庄公二十年,VINGTIÈME ANNÉE,673.0,冬，齐人伐戎。,"En hiver, l’armée de Ts’i attaqua les Joung."
287,春秋,Tch'ouen Ts'iou,卷三,LIVRE III,庄公,Tchouang,100.0,庄公二十一年,VINGT ET UNIÈME ANNÉE,672.0,二十有一年春，王正月。,"Au printemps, au premier mois selon le calendrier impérial (décembre-janvier)."
288,春秋,Tch'ouen Ts'iou,卷三,LIVRE III,庄公,Tchouang,101.0,庄公二十一年,VINGT ET UNIÈME ANNÉE,672.0,夏五月辛酉，郑伯突卒。,"En été, au cinquième mois, le jour sīn iòu, mourut Tou (Li kōung), prince de Tcheng."
289,春秋,Tch'ouen Ts'iou,卷三,LIVRE III,庄公,Tchouang,102.0,庄公二十一年,VINGT ET UNIÈME ANNÉE,672.0,秋七月戊戌，夫人姜氏薨。,"En automne, au septième mois, le jour meóu siŭ, Kiang cheu, veuve de Houan koung de Lou, mourut."
290,春秋,Tch'ouen Ts'iou,卷三,LIVRE III,庄公,Tchouang,103.0,庄公二十一年,VINGT ET UNIÈME ANNÉE,672.0,冬十有二月，葬郑厉公。,"En hiver, au douzième mois, on enterra Li koung, prince de Tcheng."
291,春秋,Tch'ouen Ts'iou,卷三,LIVRE III,庄公,Tchouang,104.0,庄公二十二年,VINGT-DEUXIÈME ANNÉE,671.0,二十有二年春，王正月，肆大眚。,"Au printemps, au premier mois selon le calendrier impérial (décembre-janvier), le prince de Lou accorda une amnistie générale des crimes commis par ignorance ou inadvertance."
292,春秋,Tch'ouen Ts'iou,卷三,LIVRE III,庄公,Tchouang,105.0,庄公二十二年,VINGT-DEUXIÈME ANNÉE,671.0,癸丑，葬我小君文姜。,"Le jour kouèi tch’eòu, on enterra Ouen Kiang, femme de notre prince Houan koung."
293,春秋,Tch'ouen Ts'iou,卷三,LIVRE III,庄公,Tchouang,106.0,庄公二十二年,VINGT-DEUXIÈME ANNÉE,671.0,陈人杀其公子御寇。,"Les habitants de Tch’en mirent à mort Iu k’eou, fils (aîné) de leur prince Siuēn kōung."
294,春秋,Tch'ouen Ts'iou,卷三,LIVRE III,庄公,Tchouang,107.0,庄公二十二年,VINGT-DEUXIÈME ANNÉE,671.0,夏五月。,"En été, au cinquième mois."
295,春秋,Tch'ouen Ts'iou,卷三,LIVRE III,庄公,Tchouang,108.0,庄公二十二年,VINGT-DEUXIÈME ANNÉE,671.0,秋七月丙申，及齐高傒盟于防。,"En automne, au septième mois, le jour pìng chēn, le prince de Lou et Kao Hi, ministre de Ts’i, conclurent un traité à Fang."
296,春秋,Tch'ouen Ts'iou,卷三,LIVRE III,庄公,Tchouang,109.0,庄公二十二年,VINGT-DEUXIÈME ANNÉE,671.0,冬，公如齐纳币。,"En hiver, le prince de Lou alla à Ts’i offrir au prince de Ts’i les présents qu’un fiancé a coutume d’envoyer au père de sa fiancée. (Le prince de Lou aurait dû envoyer un de ses ministres porter ses présents, et n’y pas aller lui-même. Il était encore en deuil de sa mère morte l’année précédente, et il préparait déjà son mariage. D’ailleurs sa fiancée était la fille du meurtrier de son père Houân kōung. Et cette fille ne valait guère mieux que Ouên Kiāng.)"
297,春秋,Tch'ouen Ts'iou,卷三,LIVRE III,庄公,Tchouang,110.0,庄公二十三年,VINGT-TROISIÈME ANNÉE,670.0,二十三年春，公至自齐。,"La vingt-troisième année, au printemps (décembre-janvier-février), le prince de Lou arriva de Ts’i."
298,春秋,Tch'ouen Ts'iou,卷三,LIVRE III,庄公,Tchouang,111.0,庄公二十三年,VINGT-TROISIÈME ANNÉE,670.0,祭叔来聘。,Chou de Tchai vint faire visite au prince de Lou.
299,春秋,Tch'ouen Ts'iou,卷三,LIVRE III,庄公,Tchouang,112.0,庄公二十三年,VINGT-TROISIÈME ANNÉE,670.0,夏，公如齐观社。,"En été, le prince de Lou alla à Ts’i voir le sacrifice offert aux esprits protecteurs du territoire."
300,春秋,Tch'ouen Ts'iou,卷三,LIVRE III,庄公,Tchouang,113.0,庄公二十三年,VINGT-TROISIÈME ANNÉE,670.0,公至自齐。,Le prince de Lou arriva de Ts’i.
301,春秋,Tch'ouen Ts'iou,卷三,LIVRE III,庄公,Tchouang,114.0,庄公二十三年,VINGT-TROISIÈME ANNÉE,670.0,荆人来聘。,Les officiers de King (Tch’òu) vinrent faire visite un prince de Lou. (Alors commencèrent les relations amicales entre les deux principautés de Lou et de Tch’ou).
302,春秋,Tch'ouen Ts'iou,卷三,LIVRE III,庄公,Tchouang,115.0,庄公二十三年,VINGT-TROISIÈME ANNÉE,670.0,公及齐侯遇于穀。,Le prince de Lou et le prince de Ts’i se rencontrèrent à Kou.
303,春秋,Tch'ouen Ts'iou,卷三,LIVRE III,庄公,Tchouang,116.0,庄公二十三年,VINGT-TROISIÈME ANNÉE,670.0,萧叔朝公。,Chou de Siao fit visite au prince de Lou (à Kou).
304,春秋,Tch'ouen Ts'iou,卷三,LIVRE III,庄公,Tchouang,117.0,庄公二十三年,VINGT-TROISIÈME ANNÉE,670.0,秋，丹桓宫楹。,"En automne, on peignit en rouge les colonnes de la salle où était la tablette de Houan koung. (C’était contraire aux règles. Pour l’empereur et pour les princes, les colonnes devaient être peintes en noir)."
305,春秋,Tch'ouen Ts'iou,卷三,LIVRE III,庄公,Tchouang,118.0,庄公二十三年,VINGT-TROISIÈME ANNÉE,670.0,冬十有一月，曹伯射姑卒。,"En hiver, au onzième mois, I kou, prince de Ts’ao, mourut."
306,春秋,Tch'ouen Ts'iou,卷三,LIVRE III,庄公,Tchouang,119.0,庄公二十三年,VINGT-TROISIÈME ANNÉE,670.0,十有二月甲寅，公会齐侯，盟于扈。,"En hiver, au douzième mois, le jour kiă ìn, le prince de Lou et le prince de Ts’i conclurent un traité à Hou, sur le territoire de Tcheng."
307,春秋,Tch'ouen Ts'iou,卷三,LIVRE III,庄公,Tchouang,120.0,庄公二十四年,VINGT-QUATRIÈME ANNÉE,669.0,二十有四年春，王三月，刻桓宫桷。,"Au printemps, au troisième mois selon le calendrier impérial (janvier-février), on sculpta les chevrons de la salle où était la tablette de Houan koung."
308,春秋,Tch'ouen Ts'iou,卷三,LIVRE III,庄公,Tchouang,121.0,庄公二十四年,VINGT-QUATRIÈME ANNÉE,669.0,葬曹庄公。,"On enterra Tchouang koung, prince de Ts’ao."
309,春秋,Tch'ouen Ts'iou,卷三,LIVRE III,庄公,Tchouang,122.0,庄公二十四年,VINGT-QUATRIÈME ANNÉE,669.0,夏，公如齐逆女。,"En été, le prince de Lou alla à Ts’i chercher sa fiancée. (L’usage était que le fiancé ts’īn ing allât en personne chercher sa fiancée)."
310,春秋,Tch'ouen Ts'iou,卷三,LIVRE III,庄公,Tchouang,123.0,庄公二十四年,VINGT-QUATRIÈME ANNÉE,669.0,秋，公至自齐。,"En automne, le prince de Lou arriva de Ts’i."
311,春秋,Tch'ouen Ts'iou,卷三,LIVRE III,庄公,Tchouang,124.0,庄公二十四年,VINGT-QUATRIÈME ANNÉE,669.0,八月丁丑，夫人姜氏入。,"Au huitième mois, le jour tīng tch’eòu, Kiang cheu, fiancée du prince de Lou, entra dans la capitale de Lou."
312,春秋,Tch'ouen Ts'iou,卷三,LIVRE III,庄公,Tchouang,125.0,庄公二十四年,VINGT-QUATRIÈME ANNÉE,669.0,戊寅，大夫、宗妇觌，用币。,"Le jour meóu in, les grands préfets et les femmes des membres de la famille princière saluèrent la princesse Kiang cheu, et lui offrirent des pièces de soie ou d’autres présents de grande valeur."
313,春秋,Tch'ouen Ts'iou,卷三,LIVRE III,庄公,Tchouang,126.0,庄公二十四年,VINGT-QUATRIÈME ANNÉE,669.0,大水。,Inondation.
314,春秋,Tch'ouen Ts'iou,卷三,LIVRE III,庄公,Tchouang,127.0,庄公二十四年,VINGT-QUATRIÈME ANNÉE,669.0,冬，戎侵曹。,"En hiver, les Joung envahirent la principauté de Ts’ao."
315,春秋,Tch'ouen Ts'iou,卷三,LIVRE III,庄公,Tchouang,128.0,庄公二十四年,VINGT-QUATRIÈME ANNÉE,669.0,曹羁出奔陈。,"Ki, prince héritier de Ts’ao, (dont le père venait de mourir), s’enfuit à Tch’en."
316,春秋,Tch'ouen Ts'iou,卷三,LIVRE III,庄公,Tchouang,129.0,庄公二十四年,VINGT-QUATRIÈME ANNÉE,669.0,赤归于曹。,"Tch’eu (qui fut Hī kōung de Ts’ao, reconduit par le chef des Joung, dont il était parent par sa mère) retourna à Ts’ao."
317,春秋,Tch'ouen Ts'iou,卷三,LIVRE III,庄公,Tchouang,130.0,庄公二十四年,VINGT-QUATRIÈME ANNÉE,669.0,郭公。,Le prince de Kouo. (On ignore quel était ce prince).
318,春秋,Tch'ouen Ts'iou,卷三,LIVRE III,庄公,Tchouang,131.0,庄公二十五年,VINGT-CINQUIÈME ANNÉE,668.0,二十有五年春，陈侯使女叔来聘。,"Au printemps, le prince de Tch’en envoya Jou Chou saluer le prince de Lou."
319,春秋,Tch'ouen Ts'iou,卷三,LIVRE III,庄公,Tchouang,132.0,庄公二十五年,VINGT-CINQUIÈME ANNÉE,668.0,夏五月癸丑，卫侯朔卒。,"En été, au cinquième mois, le jour kouèi tch’eòu, Chouo, prince de Ouei, mourut."
320,春秋,Tch'ouen Ts'iou,卷三,LIVRE III,庄公,Tchouang,133.0,庄公二十五年,VINGT-CINQUIÈME ANNÉE,668.0,六月辛未朔，日有食之。鼓，用牲于社。,"Au sixième mois, le jour sīn ouéi, le premier du mois, le soleil fut éclipsé. On battit le tambour et on immola des victimes dans l’aire où l’on sacrifiait aux esprits protecteurs du territoire."
321,春秋,Tch'ouen Ts'iou,卷三,LIVRE III,庄公,Tchouang,134.0,庄公二十五年,VINGT-CINQUIÈME ANNÉE,668.0,伯姬归于杞。,"Pe Ki, sœur aînée de Tchouang koung de Lou, alla à K’i célébrer ses noces."
322,春秋,Tch'ouen Ts'iou,卷三,LIVRE III,庄公,Tchouang,135.0,庄公二十五年,VINGT-CINQUIÈME ANNÉE,668.0,秋，大水。鼓，用牲于社、于门。,"En automne, il y eut inondation. On battit le tambour et on immola des victimes à l’autel des esprits protecteurs du territoire et à la porte de la capitale."
323,春秋,Tch'ouen Ts'iou,卷三,LIVRE III,庄公,Tchouang,136.0,庄公二十五年,VINGT-CINQUIÈME ANNÉE,668.0,冬，公子友如陈。,"In hiver, Koung tseu Iou, frère du prince de Lou, alla à Tch’en rendre la visite de Jou Chou."
324,春秋,Tch'ouen Ts'iou,卷三,LIVRE III,庄公,Tchouang,137.0,庄公二十六年,VINGT-SIXIÈME ANNÉE,667.0,二十有六年春，公伐戎。,"Au printemps, le prince de Lou attaqua les Joung."
325,春秋,Tch'ouen Ts'iou,卷三,LIVRE III,庄公,Tchouang,138.0,庄公二十六年,VINGT-SIXIÈME ANNÉE,667.0,夏，公至自伐戎。,"En été, le prince de Lou arriva de son expédition contre les Joung."
326,春秋,Tch'ouen Ts'iou,卷三,LIVRE III,庄公,Tchouang,139.0,庄公二十六年,VINGT-SIXIÈME ANNÉE,667.0,曹杀其大夫。,Le prince de Ts’ao mit à mort un de ses grands préfets. On ne sait ni lequel ni pourquoi.
327,春秋,Tch'ouen Ts'iou,卷三,LIVRE III,庄公,Tchouang,140.0,庄公二十六年,VINGT-SIXIÈME ANNÉE,667.0,秋，公会宋人、齐人伐徐。,"En automne, le prince de Lou, avec les troupes de Soung et de Ts’i, attaqua Siu."
328,春秋,Tch'ouen Ts'iou,卷三,LIVRE III,庄公,Tchouang,141.0,庄公二十六年,VINGT-SIXIÈME ANNÉE,667.0,冬十有二月癸亥朔，日有食之。,"En hiver, au douzième mois, le jour kouèi hái, premier du mois, le soleil fut éclipsé."
329,春秋,Tch'ouen Ts'iou,卷三,LIVRE III,庄公,Tchouang,142.0,庄公二十七年,VINGT-SEPTIÈME ANNÉE,666.0,二十有七年春，公会杞伯姬于洮。,"Au printemps, le prince de Lou alla à T’ao, sur le territoire de Lou, pour s’entretenir avec sa fille aînée Pe Ki, femme du prince de K’i."
330,春秋,Tch'ouen Ts'iou,卷三,LIVRE III,庄公,Tchouang,143.0,庄公二十七年,VINGT-SEPTIÈME ANNÉE,666.0,夏六月，公会齐侯、宋公、陈侯、郑伯，同盟于幽。,"En été, au sixième mois, le prince de Lou, et les princes de Ts’i, de Soung, de Tch’en et de Tcheng firent ensemble un traité à Iou."
331,春秋,Tch'ouen Ts'iou,卷三,LIVRE III,庄公,Tchouang,144.0,庄公二十七年,VINGT-SEPTIÈME ANNÉE,666.0,秋，公子友如陈，葬原仲。,"En automne, Iou ou Ki Iou, fils du prince Houan (et frère puîné de Tchouang koung de Lou), alla à Tch’en pour l’enterrement de Iuen Tchoung, grand préfet de Tch’en."
332,春秋,Tch'ouen Ts'iou,卷三,LIVRE III,庄公,Tchouang,145.0,庄公二十七年,VINGT-SEPTIÈME ANNÉE,666.0,冬，杞伯姬来。,"En hiver, Pe Ki, fille aînée du prince de Lou et femme du prince de K’i, vint à Lou."
333,春秋,Tch'ouen Ts'iou,卷三,LIVRE III,庄公,Tchouang,146.0,庄公二十七年,VINGT-SEPTIÈME ANNÉE,666.0,莒庆来逆叔姬。,"K’ing, grand préfet de Kiu, vint chercher Chou Ki, fille du prince de Lou, pour l’épouser."
334,春秋,Tch'ouen Ts'iou,卷三,LIVRE III,庄公,Tchouang,147.0,庄公二十七年,VINGT-SEPTIÈME ANNÉE,666.0,杞伯来朝。,Le prince de K’i vint faire visite au prince de Lou.
335,春秋,Tch'ouen Ts'iou,卷三,LIVRE III,庄公,Tchouang,148.0,庄公二十七年,VINGT-SEPTIÈME ANNÉE,666.0,公会齐侯于城濮。,"Le prince de Lou conféra avec le prince de Ts’i à Tch’eng pou, (sur le territoire de Ouei, en vue d’attaquer Ouei conformément au désir de l’empereur)."
336,春秋,Tch'ouen Ts'iou,卷三,LIVRE III,庄公,Tchouang,149.0,庄公二十八年,VINGT-HUITIÈME ANNÉE,665.0,二十有八年春，王三月甲寅，齐人伐卫。卫人及齐人战，卫人败绩。,"Au printemps, au troisième mois selon le calendrier impérial, le jour kiă in, l’armée de Ts’i attaqua celle de Ouei. L’armée de Ouei fut complètement défaite."
337,春秋,Tch'ouen Ts'iou,卷三,LIVRE III,庄公,Tchouang,150.0,庄公二十八年,VINGT-HUITIÈME ANNÉE,665.0,夏四月丁未，邾子琐卒。,"En été, au quatrième mois ; le jour tīng ouéi, Souo, prince de Tchou, mourut."
338,春秋,Tch'ouen Ts'iou,卷三,LIVRE III,庄公,Tchouang,151.0,庄公二十八年,VINGT-HUITIÈME ANNÉE,665.0,秋，荆伐郑。公会齐人、宋人救郑。,"En automne, l’armée de King (Tch’ou) attaqua Tcheng. Le prince de Lou, et les officiers de Ts’i et de Soung, délivrèrent Tcheng."
339,春秋,Tch'ouen Ts'iou,卷三,LIVRE III,庄公,Tchouang,152.0,庄公二十八年,VINGT-HUITIÈME ANNÉE,665.0,冬，筑郿。,"En hiver, le prince de Lou fit entourer la ville de Mei de remparts de terre battue."
340,春秋,Tch'ouen Ts'iou,卷三,LIVRE III,庄公,Tchouang,153.0,庄公二十八年,VINGT-HUITIÈME ANNÉE,665.0,大无麦禾。臧孙辰告籴于齐。,"Le blé et les autres céréales avaient manqué à Lou sur une grande étendue de pays. Tsang suen Tch’en (Tsāng Ouên tchóung), grand préfet de Lou, demanda au prince de Ts’i. et obtint l’autorisation d’acheter des grains à Ts’i."
341,春秋,Tch'ouen Ts'iou,卷三,LIVRE III,庄公,Tchouang,154.0,庄公二十九年,VINGT-NEUVIÈME ANNÉE,664.0,二十有九年春，新延厩。,"Au printemps (décembre-janvier-février), le prince de Lou fit rétablir, réparer ou rebâtir à neuf la grande écurie."
342,春秋,Tch'ouen Ts'iou,卷三,LIVRE III,庄公,Tchouang,155.0,庄公二十九年,VINGT-NEUVIÈME ANNÉE,664.0,夏，郑人侵许。,"En été, l’armée de Tcheng attaqua Hiu."
343,春秋,Tch'ouen Ts'iou,卷三,LIVRE III,庄公,Tchouang,156.0,庄公二十九年,VINGT-NEUVIÈME ANNÉE,664.0,秋，有蜚。,En automne parurent de ces insectes à odeur fétide qui rongent les céréales.
344,春秋,Tch'ouen Ts'iou,卷三,LIVRE III,庄公,Tchouang,157.0,庄公二十九年,VINGT-NEUVIÈME ANNÉE,664.0,冬十有二月，纪叔姬卒。,"En hiver, au douzième mois, Chou Ki, fille de In koung de Lou et veuve du prince de Ki, mourut. (La principauté de Ki n’existait plus."
345,春秋,Tch'ouen Ts'iou,卷三,LIVRE III,庄公,Tchouang,158.0,庄公二十九年,VINGT-NEUVIÈME ANNÉE,664.0,城诸及防。,Le prince de Lou fit fortifier les villes de Tchou et de Fang.
346,春秋,Tch'ouen Ts'iou,卷三,LIVRE III,庄公,Tchouang,159.0,庄公三十年,TRENTIÈME ANNÉE,663.0,三十年春，王正月。,"La trentième année, au printemps, au premier mois selon le calendrier impérial (décembre-janvier)."
347,春秋,Tch'ouen Ts'iou,卷三,LIVRE III,庄公,Tchouang,160.0,庄公三十年,TRENTIÈME ANNÉE,663.0,夏，次于成。,"En été, l’armée de Lou stationna à Tch’eng (par précaution contre l’armée de Ts’i)."
348,春秋,Tch'ouen Ts'iou,卷三,LIVRE III,庄公,Tchouang,161.0,庄公三十年,TRENTIÈME ANNÉE,663.0,秋七月，齐人降鄣。,"En automne, au septième mois, les troupes de Ts’i soumirent la petite principauté de Tchang, (qui avait été vassale de Ki)."
349,春秋,Tch'ouen Ts'iou,卷三,LIVRE III,庄公,Tchouang,162.0,庄公三十年,TRENTIÈME ANNÉE,663.0,八月癸亥，葬纪叔姬。,"Au huitième mois, le jour kouèi hái, on enterra Chou Ki, fille du prince de Lou et femme du prince de Ki."
350,春秋,Tch'ouen Ts'iou,卷三,LIVRE III,庄公,Tchouang,163.0,庄公三十年,TRENTIÈME ANNÉE,663.0,九月庚午朔，日有食之。鼓，用牲于社。,"Au neuvième mois, le jour kēng òu, premier du mois, le soleil fut éclipsé. On battit le tambour, on offrit des victimes dans le lieu où l’on sacrifiait aux esprits protecteurs du territoire."
351,春秋,Tch'ouen Ts'iou,卷三,LIVRE III,庄公,Tchouang,164.0,庄公三十年,TRENTIÈME ANNÉE,663.0,冬，公及齐侯遇于鲁济。,"En hiver, le prince de Lou et le prince de Ts’i se rencontrèrent sur les bords de la Tsi, aux confins du territoire de Lou."
352,春秋,Tch'ouen Ts'iou,卷三,LIVRE III,庄公,Tchouang,165.0,庄公三十年,TRENTIÈME ANNÉE,663.0,齐人伐山戎。,L’armée de Ts’i attaqua les Joung des montagnes.
353,春秋,Tch'ouen Ts'iou,卷三,LIVRE III,庄公,Tchouang,166.0,庄公三十一年,TRENTE ET UNIÈME ANNÉE,662.0,三十有一年春，筑台于郎。,"Au printemps, le prince de Lou fit élever une haute terrasse surmontée d’une tour à Lang."
354,春秋,Tch'ouen Ts'iou,卷三,LIVRE III,庄公,Tchouang,167.0,庄公三十一年,TRENTE ET UNIÈME ANNÉE,662.0,夏四月，薛伯卒。,"En été, au quatrième mois, le prince de Sie mourut."
355,春秋,Tch'ouen Ts'iou,卷三,LIVRE III,庄公,Tchouang,168.0,庄公三十一年,TRENTE ET UNIÈME ANNÉE,662.0,筑台于薛。,Le prince de Lou fit élever une haute terrasse surmontée d’une tour à Sie.
356,春秋,Tch'ouen Ts'iou,卷三,LIVRE III,庄公,Tchouang,169.0,庄公三十一年,TRENTE ET UNIÈME ANNÉE,662.0,六月，齐侯来献戎捷。,"Au sixième mois, le prince de Ts’i vint offrir au prince de Lou le butin fait sur les Joung."
357,春秋,Tch'ouen Ts'iou,卷三,LIVRE III,庄公,Tchouang,170.0,庄公三十一年,TRENTE ET UNIÈME ANNÉE,662.0,秋，筑台于秦。,"En automne, le prince de Lou fit élever une haute terrasse surmontée d’une tour à Ts’in."
358,春秋,Tch'ouen Ts'iou,卷三,LIVRE III,庄公,Tchouang,171.0,庄公三十一年,TRENTE ET UNIÈME ANNÉE,662.0,冬，不雨。,"En hiver (octobre-novembre), il ne tomba pas de pluie."
359,春秋,Tch'ouen Ts'iou,卷三,LIVRE III,庄公,Tchouang,172.0,庄公三十二年,TRENTE-DEUXIÈME ANNÉE,661.0,三十有二年春，城小穀。,"Au printemps, le prince de Lou fit fortifier Siao Kou."
360,春秋,Tch'ouen Ts'iou,卷三,LIVRE III,庄公,Tchouang,173.0,庄公三十二年,TRENTE-DEUXIÈME ANNÉE,661.0,夏，宋公、齐侯遇于梁丘。,"En été, le prince de Soung et le prince de Ts’i eurent une entrevue à Leang k’iou, sur le territoire de Ts’i."
361,春秋,Tch'ouen Ts'iou,卷三,LIVRE III,庄公,Tchouang,174.0,庄公三十二年,TRENTE-DEUXIÈME ANNÉE,661.0,秋七月癸巳，公子牙卒。,"En automne, au septième mois, le jour kouèi séu, Koung tseu Ia mourut."
362,春秋,Tch'ouen Ts'iou,卷三,LIVRE III,庄公,Tchouang,175.0,庄公三十二年,TRENTE-DEUXIÈME ANNÉE,661.0,八月癸亥，公薨于路寝。,"Au huitième mois, le jour kouèi hái, le prince de Lou mourut dans le plus grand de ses appartements particuliers."
363,春秋,Tch'ouen Ts'iou,卷三,LIVRE III,庄公,Tchouang,176.0,庄公三十二年,TRENTE-DEUXIÈME ANNÉE,661.0,冬十月己未，子般卒。,"En hiver, au dixième mois, le jour kì ouéi, Tseu Pan mourut."
364,春秋,Tch'ouen Ts'iou,卷三,LIVRE III,庄公,Tchouang,177.0,庄公三十二年,TRENTE-DEUXIÈME ANNÉE,661.0,公子庆父如齐。,"K’ing fou, fils de Houan koung, alla à Ts’i."
365,春秋,Tch'ouen Ts'iou,卷三,LIVRE III,庄公,Tchouang,178.0,庄公三十二年,TRENTE-DEUXIÈME ANNÉE,661.0,狄伐邢。,"Les barbares attaquèrent la principauté de Hing (dans le Hîng t’âi hién actuel, Chouen te fou, Tcheu li)."
366,春秋,Tch'ouen Ts'iou,卷四,LIVRE IV,闵公,Min,1.0,闵公元年,PREMIÈRE ANNÉE,660.0,元年春，王正月。,"Au printemps, au premier mois selon le calendrier impérial (décembre-janvier)."
367,春秋,Tch'ouen Ts'iou,卷四,LIVRE IV,闵公,Min,2.0,闵公元年,PREMIÈRE ANNÉE,660.0,齐人救邢。,L’armée de Ts’i porta secours à Hing.
368,春秋,Tch'ouen Ts'iou,卷四,LIVRE IV,闵公,Min,3.0,闵公元年,PREMIÈRE ANNÉE,660.0,夏六月辛酉，葬我君庄公。,"En été, au sixième mois, le jour sīn iòu, on enterra notre prince Tchouang koung."
369,春秋,Tch'ouen Ts'iou,卷四,LIVRE IV,闵公,Min,4.0,闵公元年,PREMIÈRE ANNÉE,660.0,秋八月，公及齐侯盟于落姑。季子来归。,"En automne, au huitième mois, le prince de Lou et le prince de Ts’i conclurent un traité à Lo kou, sur le territoire de Ts’i. Ki tseu revint à Lou."
370,春秋,Tch'ouen Ts'iou,卷四,LIVRE IV,闵公,Min,5.0,闵公元年,PREMIÈRE ANNÉE,660.0,冬，齐仲孙来。,"En hiver, Tchoung suen, grand préfet de Ts’i vint à Lou."
371,春秋,Tch'ouen Ts'iou,卷四,LIVRE IV,闵公,Min,6.0,闵公二年,DEUXIÈME ANNÉE,659.0,二年春，王正月，齐人迁阳。,"Au printemps, au premier mois selon le calendrier impérial (décembre-janvier), les officiers de Ts’i forcèrent les habitants de la petite principauté de Iang à émigrer dans un autre pays."
372,春秋,Tch'ouen Ts'iou,卷四,LIVRE IV,闵公,Min,7.0,闵公二年,DEUXIÈME ANNÉE,659.0,夏五月乙酉，吉禘于庄公。,"En été, au cinquième mois, le jour ĭ iòu, on présenta au prince Tchouang koung et à ses pères les offrandes joyeuses, qui ont lieu d’ordinaire quand le temps du deuil de l’empereur ou d’un prince est écoulé, (au plus tôt, vingt-cinq mois après sa mort)."
373,春秋,Tch'ouen Ts'iou,卷四,LIVRE IV,闵公,Min,8.0,闵公二年,DEUXIÈME ANNÉE,659.0,秋八月辛丑，公薨。,"En automne, au huitième mois, le jour sīn tch’eòu, le prince de Lou mourut."
374,春秋,Tch'ouen Ts'iou,卷四,LIVRE IV,闵公,Min,9.0,闵公二年,DEUXIÈME ANNÉE,659.0,九月，夫人姜氏孙于邾。,"Au neuvième mois, la princesse Kiang cheu se retira à Tchou."
375,春秋,Tch'ouen Ts'iou,卷四,LIVRE IV,闵公,Min,10.0,闵公二年,DEUXIÈME ANNÉE,659.0,公子庆父出奔莒。,Koung tseu K’ing fou s’enfuit à Kin.
376,春秋,Tch'ouen Ts'iou,卷四,LIVRE IV,闵公,Min,11.0,闵公二年,DEUXIÈME ANNÉE,659.0,冬，齐高子来盟。,"En hiver, Kao tseu, grand préfet de Ts’i, vint faire un traité avec les officiers de Lou."
377,春秋,Tch'ouen Ts'iou,卷四,LIVRE IV,闵公,Min,12.0,闵公二年,DEUXIÈME ANNÉE,659.0,十有二月狄入卫。,"Au douzième mois, les barbares entrèrent dans la capitale de Ouei."
378,春秋,Tch'ouen Ts'iou,卷四,LIVRE IV,闵公,Min,13.0,闵公二年,DEUXIÈME ANNÉE,659.0,郑弃其师。,Le prince de Tcheng délaissa ses troupes.
379,春秋,Tch'ouen Ts'iou,卷五,LIVRE V,僖公,Hi,1.0,僖公元年,PREMIÈRE ANNÉE,658.0,元年春，王正月。,"Au printemps, au premier mois de l’année, selon le calendrier impérial (décembre-janvier)."
380,春秋,Tch'ouen Ts'iou,卷五,LIVRE V,僖公,Hi,2.0,僖公元年,PREMIÈRE ANNÉE,658.0,齐师、宋师、曹师次于聂北，救邢。,"Les armées de Ts’i, de Soung et de Ts’ao stationnèrent au nord de Nie, sur le territoire de Hing, allant au secours de Hing attaqué par les barbares."
381,春秋,Tch'ouen Ts'iou,卷五,LIVRE V,僖公,Hi,3.0,僖公元年,PREMIÈRE ANNÉE,658.0,夏六月，邢迁于夷仪。,"En été, au sixième mois, les habitants de Hing allèrent établir leur capitale à I i, territoire de Hing."
382,春秋,Tch'ouen Ts'iou,卷五,LIVRE V,僖公,Hi,4.0,僖公元年,PREMIÈRE ANNÉE,658.0,齐师、宋师、曹师城邢。,"Les soldats de Ts’i, de Soung et de Ts’ao entourèrent de remparts la nouvelle capitale de Hing."
383,春秋,Tch'ouen Ts'iou,卷五,LIVRE V,僖公,Hi,5.0,僖公元年,PREMIÈRE ANNÉE,658.0,秋七月戊辰，夫人姜氏薨于夷，齐人以归。,"En automne, au septième mois, le jour meóu tch’ên, Ngai Kiang, femme de Tchouāng kōung de Lou, mourut à I. Le prince de Ts’i renvoya son corps à Lou."
384,春秋,Tch'ouen Ts'iou,卷五,LIVRE V,僖公,Hi,6.0,僖公元年,PREMIÈRE ANNÉE,658.0,楚人伐郑。,L’armée de Tch’ou attaqua Tcheng.
385,春秋,Tch'ouen Ts'iou,卷五,LIVRE V,僖公,Hi,7.0,僖公元年,PREMIÈRE ANNÉE,658.0,八月，公会齐侯、宋公、郑伯、曹伯、邾人于柽。,"Au huitième mois, le prince de Lou conféra avec les princes de Ts’i, de Soung et de Tcheng, et avec les envoyés de Tchou à Tch’eng (sur le territoire de Soung)."
386,春秋,Tch'ouen Ts'iou,卷五,LIVRE V,僖公,Hi,8.0,僖公元年,PREMIÈRE ANNÉE,658.0,九月，公败邾师于偃。,"Au neuvième mois, le prince de Lou battit les troupes de Tchou à Ien (dans le Pí hién, Chan toung)."
387,春秋,Tch'ouen Ts'iou,卷五,LIVRE V,僖公,Hi,9.0,僖公元年,PREMIÈRE ANNÉE,658.0,冬十月壬午，公子友帅师败莒师于郦，获莒挐。,"En hiver, au dixième mois, le jour jên òu, Iou, fils de Houân kōung de Lou, à la tête d’une armée, battit les troupes de Kiu à Li, et fit prisonnier Na de Kiu."
388,春秋,Tch'ouen Ts'iou,卷五,LIVRE V,僖公,Hi,10.0,僖公元年,PREMIÈRE ANNÉE,658.0,十有二月丁巳，夫人氏之丧至自齐。,"Au douzième mois, le jour tīng séu, le cercueil de Ngai kiang, femme de Tchouang koung, transporté de Ts’i, arriva à Lou."
389,春秋,Tch'ouen Ts'iou,卷五,LIVRE V,僖公,Hi,11.0,僖公二年,DEUXIÈME ANNÉE,657.0,二年春，王正月，城楚丘。,"Au printemps, au premier mois de l’année selon le calendrier impérial (décembre-janvier), on fortifia Tch’ou k’iou."
390,春秋,Tch'ouen Ts'iou,卷五,LIVRE V,僖公,Hi,12.0,僖公二年,DEUXIÈME ANNÉE,657.0,夏五月辛巳，葬我小君哀姜。,"En été, au cinquième mois, le jour sīn séu, on enterra Ngai Kiang, femme de notre prince Tchouang koung."
391,春秋,Tch'ouen Ts'iou,卷五,LIVRE V,僖公,Hi,13.0,僖公二年,DEUXIÈME ANNÉE,657.0,虞师、晋师灭下阳。,"Les troupes de Iu et de Tsin détruisirent Hia iang, ville de la principauté de Kouo."
392,春秋,Tch'ouen Ts'iou,卷五,LIVRE V,僖公,Hi,14.0,僖公二年,DEUXIÈME ANNÉE,657.0,秋九月，齐侯、宋公、江人、黄人盟于贯。,"En automne, au neuvième mois, les princes de Ts’i, de Soung, et les envoyés de Kiang et de Houang conclurent un traité à Kouan, sur le territoire de Soung."
393,春秋,Tch'ouen Ts'iou,卷五,LIVRE V,僖公,Hi,15.0,僖公二年,DEUXIÈME ANNÉE,657.0,冬十月，不雨。,"En hiver, au dixième mois (octobre-novembre), il n’y eut pas de pluie."
394,春秋,Tch'ouen Ts'iou,卷五,LIVRE V,僖公,Hi,16.0,僖公二年,DEUXIÈME ANNÉE,657.0,楚人侵郑。,L’armée de Tch’ou envahit Tcheng.
395,春秋,Tch'ouen Ts'iou,卷五,LIVRE V,僖公,Hi,17.0,僖公三年,TROISIÈME ANNÉE,656.0,三年春，王正月，不雨。,"Au printemps, au premier mois selon le calendrier impérial (décembre-janvier), il n’y eut pas de pluie."
396,春秋,Tch'ouen Ts'iou,卷五,LIVRE V,僖公,Hi,18.0,僖公三年,TROISIÈME ANNÉE,656.0,夏四月，不雨。,"En été, au quatrième mois, il n’y eut pas de pluie."
397,春秋,Tch'ouen Ts'iou,卷五,LIVRE V,僖公,Hi,19.0,僖公三年,TROISIÈME ANNÉE,656.0,徐人取舒。,L’armée de Siu s’empara de la principauté de Chou.
398,春秋,Tch'ouen Ts'iou,卷五,LIVRE V,僖公,Hi,20.0,僖公三年,TROISIÈME ANNÉE,656.0,六月，雨。,"Au sixième mois, la pluie tomba."
399,春秋,Tch'ouen Ts'iou,卷五,LIVRE V,僖公,Hi,21.0,僖公三年,TROISIÈME ANNÉE,656.0,秋，齐侯、宋公、江人、黄人会于阳穀。,"En automne, les princes de Ts’i et de Soung, les envoyés de Kiang et de Houang eurent une conférence à Iang kou, sur le territoire de Ts’i."
400,春秋,Tch'ouen Ts'iou,卷五,LIVRE V,僖公,Hi,22.0,僖公三年,TROISIÈME ANNÉE,656.0,冬，公子友如齐涖盟。,"En hiver, Iou, fils de Houân kōung de Lou, alla à Ts’i prendre part à un traité."
401,春秋,Tch'ouen Ts'iou,卷五,LIVRE V,僖公,Hi,23.0,僖公三年,TROISIÈME ANNÉE,656.0,楚人伐郑。,Les troupes de Tch’ou attaquèrent Tcheng.
402,春秋,Tch'ouen Ts'iou,卷五,LIVRE V,僖公,Hi,24.0,僖公四年,QUATRIÈME ANNÉE,655.0,四年春，王正月，公会齐侯、宋公、陈侯、卫侯、郑伯、许男、曹伯侵蔡。蔡溃。遂伐楚，次于陉。,"Au printemps, au premier mois selon le calendrier impérial (décembre-janvier), le prince de Lou envahit Ts’ai avec les princes de Ts’i, de Soung, de Tch’en, de Ouei, de Tcheng, de Hiu et de Ts’ao. Les habitants de Ts’ai se dispersèrent. Ensuite les princes alliés attaquèrent Tch’ou. Ils stationnèrent à Hing, sur le territoire de Tch’ou."
403,春秋,Tch'ouen Ts'iou,卷五,LIVRE V,僖公,Hi,25.0,僖公四年,QUATRIÈME ANNÉE,655.0,夏，许男新臣卒。,"En été, Sin tch’en, prince de Hiu, mourut. (Son nom posthume, est Mŏu)."
404,春秋,Tch'ouen Ts'iou,卷五,LIVRE V,僖公,Hi,26.0,僖公四年,QUATRIÈME ANNÉE,655.0,楚屈完来盟于师，盟于召陵。,K’iu Houan de Tch’ou vint au camp des troupes alliées pour faire un traité. Le traité fut fait à Chao ling.
405,春秋,Tch'ouen Ts'iou,卷五,LIVRE V,僖公,Hi,27.0,僖公四年,QUATRIÈME ANNÉE,655.0,齐人执陈辕涛涂。,"Les officiers de Ts’i s’emparèrent de la personne de Iuen T’ao t’ou, grand préfet de Tch’en."
406,春秋,Tch'ouen Ts'iou,卷五,LIVRE V,僖公,Hi,28.0,僖公四年,QUATRIÈME ANNÉE,655.0,秋，及江人、黄人伐陈。,"En automne, le prince de Lou, avec les officiers de Kiang et de Houang, attaqua Tch’en."
407,春秋,Tch'ouen Ts'iou,卷五,LIVRE V,僖公,Hi,29.0,僖公四年,QUATRIÈME ANNÉE,655.0,八月，公至自伐楚。,"Au huitième mois, le prince de Lou arriva de son expédition contre Tch’ou."
408,春秋,Tch'ouen Ts'iou,卷五,LIVRE V,僖公,Hi,30.0,僖公四年,QUATRIÈME ANNÉE,655.0,葬许穆公。,"On enterra Mou koung, prince de Hiu."
409,春秋,Tch'ouen Ts'iou,卷五,LIVRE V,僖公,Hi,31.0,僖公四年,QUATRIÈME ANNÉE,655.0,冬十有二月，公孙兹帅师会齐人、宋人、卫人、郑人、许人、曹人侵陈。,"En hiver, au douzième mois, Tseu, petit-fils du prince Houân kōung de Lou, réunit ses troupes à celles de Ts’i, de Soung, de Ouei, de Tcheng, de Hiu et de Ts’ao, et envahit Tch’en."
410,春秋,Tch'ouen Ts'iou,卷五,LIVRE V,僖公,Hi,32.0,僖公五年,CINQUIÈME ANNÉE,654.0,五年春，晋侯杀其世子申生。,"Au printemps, (le prince de Lou reçut l’annonce officielle que) le prince de Tsin avait fait mourir son fils Chen cheng, qui aurait dû être l’héritier du pouvoir."
411,春秋,Tch'ouen Ts'iou,卷五,LIVRE V,僖公,Hi,33.0,僖公五年,CINQUIÈME ANNÉE,654.0,杞伯姬来，朝其子。,"Ki, sœur aînée du prince de Lou et veuve du prince de K’i, vint à Lou faire visite à sa mère. Elle présenta au prince son fils (âgé d’environ dix ans)."
412,春秋,Tch'ouen Ts'iou,卷五,LIVRE V,僖公,Hi,34.0,僖公五年,CINQUIÈME ANNÉE,654.0,夏，公孙兹如牟。,"En été, Tseu, petit-fils de Houân kōung de Lou, alla à Meou, petite principauté vassale de Lou."
413,春秋,Tch'ouen Ts'iou,卷五,LIVRE V,僖公,Hi,35.0,僖公五年,CINQUIÈME ANNÉE,654.0,公及齐侯、宋公、陈侯、卫侯、郑伯、许男、曹伯会王世子于首止。,"Le prince de Lou, avec les princes de Ts’i, de Soung, de Tch’en, de Ouei, de Tcheng, de Hiu et de Ts’ao, alla trouver l’héritier présomptif de l’empereur à Cheou tcheu, sur le territoire de Ouei."
414,春秋,Tch'ouen Ts'iou,卷五,LIVRE V,僖公,Hi,36.0,僖公五年,CINQUIÈME ANNÉE,654.0,秋八月，诸侯盟于首止。,"En automne, au huitième mois, les princes réunis à Cheou tcheu, firent un traité."
415,春秋,Tch'ouen Ts'iou,卷五,LIVRE V,僖公,Hi,37.0,僖公五年,CINQUIÈME ANNÉE,654.0,郑伯逃归，不盟。,"Le prince de Tcheng s’échappa, et s’en retourna à Tcheng ; il ne signa pas le traité de Cheou tcheu."
416,春秋,Tch'ouen Ts'iou,卷五,LIVRE V,僖公,Hi,38.0,僖公五年,CINQUIÈME ANNÉE,654.0,楚人灭弦，弦子奔黄。,Les troupes de Tch’ou ruinèrent Hien. Le prince de Hien s’enfuit à Houang.
417,春秋,Tch'ouen Ts'iou,卷五,LIVRE V,僖公,Hi,39.0,僖公五年,CINQUIÈME ANNÉE,654.0,九月戊申朔，日有食之。,"Au neuvième mois, le jour meóu chēn, premier du mois, il arriva que le soleil fut éclipsé."
418,春秋,Tch'ouen Ts'iou,卷五,LIVRE V,僖公,Hi,40.0,僖公五年,CINQUIÈME ANNÉE,654.0,冬，晋人执虞公。,"En hiver, les soldats de Tsin prirent le prince de Iu."
419,春秋,Tch'ouen Ts'iou,卷五,LIVRE V,僖公,Hi,41.0,僖公六年,SIXIÈME ANNÉE,653.0,六年春，王正月。,"Au printemps, au premier mois selon le calendrier impérial (décembre-janvier)."
420,春秋,Tch'ouen Ts'iou,卷五,LIVRE V,僖公,Hi,42.0,僖公六年,SIXIÈME ANNÉE,653.0,夏，公会齐侯、宋公、陈侯、卫侯、曹伯伐郑，围新城。,"En été, le prince de Lou, avec les princes de Ts’i, de Soung, de Tch’en, de Ouei et de Ts’ao, attaqua Tcheng et assiégea Sin tch’eng."
421,春秋,Tch'ouen Ts'iou,卷五,LIVRE V,僖公,Hi,43.0,僖公六年,SIXIÈME ANNÉE,653.0,秋，楚人围许。诸侯遂救许。,"En automne, le prince de Tch’ou assiégea la capitale de Hiu. Ensuite les princes secoururent Hiu."
422,春秋,Tch'ouen Ts'iou,卷五,LIVRE V,僖公,Hi,44.0,僖公六年,SIXIÈME ANNÉE,653.0,冬，公至自伐郑。,"En hiver, le prince de Lou arriva de son expédition contre Tcheng."
423,春秋,Tch'ouen Ts'iou,卷五,LIVRE V,僖公,Hi,45.0,僖公七年,SEPTIÈME ANNÉE,652.0,七年春，齐人伐郑。,"Au printemps, l’armée de Ts’i attaqua Tcheng."
424,春秋,Tch'ouen Ts'iou,卷五,LIVRE V,僖公,Hi,46.0,僖公七年,SEPTIÈME ANNÉE,652.0,夏，小邾子来朝。,"En été, le prince du Petit Tchou vint faire visite au prince de Lou. (Le Petit Tchou était une principauté nouvellement fondée, dont la famille princière était une branche de la famille princière de Tchōu)."
425,春秋,Tch'ouen Ts'iou,卷五,LIVRE V,僖公,Hi,47.0,僖公七年,SEPTIÈME ANNÉE,652.0,郑杀其大夫申侯。,Le prince de Tcheng mit à mort son grand préfet Chen Heou.
426,春秋,Tch'ouen Ts'iou,卷五,LIVRE V,僖公,Hi,48.0,僖公七年,SEPTIÈME ANNÉE,652.0,秋七月，公会齐侯、宋公、陈世子款、郑世子华，盟于甯母。,"En automne, au septième mois, le prince de Lou fit un traité à Ning mou avec les princes de Ts’i, de Soung, avec K’ouan, héritier présomptif de Tch’en, et avec Houa, héritier présomptif de Tcheng."
427,春秋,Tch'ouen Ts'iou,卷五,LIVRE V,僖公,Hi,49.0,僖公七年,SEPTIÈME ANNÉE,652.0,曹伯班卒。,"Pan, prince de Ts’ao, mourut."
428,春秋,Tch'ouen Ts'iou,卷五,LIVRE V,僖公,Hi,50.0,僖公七年,SEPTIÈME ANNÉE,652.0,公子友如齐。,"Tseu Iou, fils du prince Houân kōung de Lou, alla à Ts’i (remercier du traité)."
429,春秋,Tch'ouen Ts'iou,卷五,LIVRE V,僖公,Hi,51.0,僖公七年,SEPTIÈME ANNÉE,652.0,冬，葬曹昭公。,"En hiver, on enterra Tchao koung, prince de Ts’ao."
430,春秋,Tch'ouen Ts'iou,卷五,LIVRE V,僖公,Hi,52.0,僖公八年,HUITIÈME ANNÉE,651.0,八年春，王正月，公会王人、齐侯、宋公、卫侯、许男、曹伯、陈世子款，盟于洮。,"Au printemps, au premier mois selon le calendrier impérial (décembre-janvier), le prince de Lou, avec le représentant de l’empereur, avec les princes de Ts’i, de Soung, de Ouei, de Hiu, de Ts’ao, et avec K’ouan, héritier présomptif du prince de Tcheng, fit un traité à T’ao, sur le territoire de Ts’ao."
431,春秋,Tch'ouen Ts'iou,卷五,LIVRE V,僖公,Hi,53.0,僖公八年,HUITIÈME ANNÉE,651.0,郑伯乞盟。,Le prince de Tcheng demanda à faire un traité avec le prince de Ts’i et ses alliés.
432,春秋,Tch'ouen Ts'iou,卷五,LIVRE V,僖公,Hi,54.0,僖公八年,HUITIÈME ANNÉE,651.0,夏，狄伐晋。,"En été, les Ti attaquèrent Tsin."
433,春秋,Tch'ouen Ts'iou,卷五,LIVRE V,僖公,Hi,55.0,僖公八年,HUITIÈME ANNÉE,651.0,秋七月，禘于大庙，用致夫人。,"En été, le prince de Lou présenta les offrandes qui se font tous les trois ans dans la principale salle du temple de ses ancêtres (dans la salle de Tcheōu kōung). À cette occasion, il plaça la tablette de la princesse défunte."
434,春秋,Tch'ouen Ts'iou,卷五,LIVRE V,僖公,Hi,56.0,僖公八年,HUITIÈME ANNÉE,651.0,冬十有二月丁未，天王崩。,"En hiver, au douzième mois, le jour tīng ouéi, un messager impérial annonça au prince de Lou la mort du fils du ciel."
435,春秋,Tch'ouen Ts'iou,卷五,LIVRE V,僖公,Hi,57.0,僖公九年,NEUVIÈME ANNÉE,650.0,九年春，王三月丁丑，宋公御说卒。,"Au printemps, au premier mois selon le calendrier impérial, Iu iue (Houan koung), prince de Soung, mourut. (D’autres lisent Au troisième mois)."
436,春秋,Tch'ouen Ts'iou,卷五,LIVRE V,僖公,Hi,58.0,僖公九年,NEUVIÈME ANNÉE,650.0,夏，公会宰周公、齐侯、宋子、卫侯、郑伯、许男、曹伯于葵丘。,"En été, le prince de Lou conféra avec le prince de Tcheou, grand administrateur des États de l’empereur, et avec les princes de Ts’i, de Soung, de Ouei, de Tcheng, de Hiu, de Ts’ao, à K’ouei k’iou (dans le K’ai foung fou actuel)."
437,春秋,Tch'ouen Ts'iou,卷五,LIVRE V,僖公,Hi,59.0,僖公九年,NEUVIÈME ANNÉE,650.0,秋七月乙酉，伯姬卒。,"En automne, au septième mois, le jour ĭ iòu, Ki, sœur aînée du prince de Lou, mourut (avant d’avoir été mariée)."
438,春秋,Tch'ouen Ts'iou,卷五,LIVRE V,僖公,Hi,60.0,僖公九年,NEUVIÈME ANNÉE,650.0,九月戊辰，诸侯盟于葵丘。,"Au neuvième mois, le jour meóu tch’ên, les princes firent un traité à K’ouei k’iou."
439,春秋,Tch'ouen Ts'iou,卷五,LIVRE V,僖公,Hi,61.0,僖公九年,NEUVIÈME ANNÉE,650.0,甲子，晋侯佹诸卒。,"Le jour kiă tsèu, Kouei tchou (Hien koung), prince de Tsin, mourut."
440,春秋,Tch'ouen Ts'iou,卷五,LIVRE V,僖公,Hi,62.0,僖公九年,NEUVIÈME ANNÉE,650.0,冬，晋里克杀其君之子奚齐。,"En hiver, Li K’o, grand préfet de Tsin, mit à mort Hi ts’i, fils de son prince."
441,春秋,Tch'ouen Ts'iou,卷五,LIVRE V,僖公,Hi,63.0,僖公十年,DIXIÈME ANNÉE,649.0,十年春，王正月，公如齐。,"Au printemps, au premier mois selon le calendrier impérial (décembre-janvier), le prince de Lou alla à Ts’i."
442,春秋,Tch'ouen Ts'iou,卷五,LIVRE V,僖公,Hi,64.0,僖公十年,DIXIÈME ANNÉE,649.0,狄灭温，温子奔卫。,Les Ti détruisirent Ouen (capitale de la principauté de Sou). Le prince de Ouen (de Sou) s’enfuit à Ouei.
443,春秋,Tch'ouen Ts'iou,卷五,LIVRE V,僖公,Hi,65.0,僖公十年,DIXIÈME ANNÉE,649.0,晋里克弑其君卓，及其大夫荀息。,(Le prince de Lou reçut l’annonce que) Li K’o de Tsin avait mis à mort son prince Tchouo et le grand préfet Siun Si.
444,春秋,Tch'ouen Ts'iou,卷五,LIVRE V,僖公,Hi,66.0,僖公十年,DIXIÈME ANNÉE,649.0,夏，齐侯、许男伐北戎。,"En été, les princes de Ts’i et de Hiu attaquèrent les Joung septentrionaux."
445,春秋,Tch'ouen Ts'iou,卷五,LIVRE V,僖公,Hi,67.0,僖公十年,DIXIÈME ANNÉE,649.0,晋杀其大夫里克。,"Le prince de Tsin Houéi kōung, dont le prénom était î ôu, fit mourir Li K’o, son grand préfet."
446,春秋,Tch'ouen Ts'iou,卷五,LIVRE V,僖公,Hi,68.0,僖公十年,DIXIÈME ANNÉE,649.0,秋七月。,"En automne, au septième mois."
447,春秋,Tch'ouen Ts'iou,卷五,LIVRE V,僖公,Hi,69.0,僖公十年,DIXIÈME ANNÉE,649.0,冬，大雨雪。,"En hiver (octobre, novembre), il tomba beaucoup de neige."
448,春秋,Tch'ouen Ts'iou,卷五,LIVRE V,僖公,Hi,70.0,僖公十一年,ONZIÈME ANNÉE,648.0,十有一年春，晋杀其大夫丕郑父。,"Au printemps, de prince de Lou reçut l’annonce que le prince de Tsin, Houéi kōung, avait mis à mort son grand préfet P’ei Tcheng fou."
449,春秋,Tch'ouen Ts'iou,卷五,LIVRE V,僖公,Hi,71.0,僖公十一年,ONZIÈME ANNÉE,648.0,夏，公及夫人姜氏会齐侯于阳穀。,"En été, le prince de Lou, avec sa femme Kiang cheu, de la famille princière de Ts’i, alla voir le prince de Ts’i à Iang kou, sur le territoire de Ts’i."
450,春秋,Tch'ouen Ts'iou,卷五,LIVRE V,僖公,Hi,72.0,僖公十一年,ONZIÈME ANNÉE,648.0,秋八月，大雩。,"En automne, au huitième mois, eut lieu à Lou la grande cérémonie pour demander la pluie. (Elle aurait dû être faite trois mois plus tôt)."
451,春秋,Tch'ouen Ts'iou,卷五,LIVRE V,僖公,Hi,73.0,僖公十一年,ONZIÈME ANNÉE,648.0,冬，楚人伐黄。,"En hiver, les troupes de Tch’ou attaquèrent Houang."
452,春秋,Tch'ouen Ts'iou,卷五,LIVRE V,僖公,Hi,74.0,僖公十二年,DOUZIÈME ANNÉE,647.0,十有二年春，王三月庚午，日有食之。,"Au printemps, au troisième mois selon le calendrier impérial, il arriva que le soleil fut éclipsé."
453,春秋,Tch'ouen Ts'iou,卷五,LIVRE V,僖公,Hi,75.0,僖公十二年,DOUZIÈME ANNÉE,647.0,夏，楚人灭黄。,"En été, l’armée de Tch’ou mit fin à la principauté de Houang (dans le Kouāng tcheōu actuel, Ho nan)."
454,春秋,Tch'ouen Ts'iou,卷五,LIVRE V,僖公,Hi,76.0,僖公十二年,DOUZIÈME ANNÉE,647.0,秋七月。,"En automne, au septième mois."
455,春秋,Tch'ouen Ts'iou,卷五,LIVRE V,僖公,Hi,77.0,僖公十二年,DOUZIÈME ANNÉE,647.0,冬十有二月丁丑，陈侯杵臼卒。,"En hiver, au douzième mois, le jour tīng tch’eòu, Tch’ou kiou (Siuēn kōung), prince de Tch’en, mourut."
456,春秋,Tch'ouen Ts'iou,卷五,LIVRE V,僖公,Hi,78.0,僖公十三年,TREIZIÈME ANNÉE,646.0,十有三年春，狄侵卫。,"Au printemps, les Ti envahirent Ouei."
457,春秋,Tch'ouen Ts'iou,卷五,LIVRE V,僖公,Hi,79.0,僖公十三年,TREIZIÈME ANNÉE,646.0,夏四月，葬陈宣公。,"En été, au quatrième mois, on enterra Siuen koung, prince de Tch’en."
458,春秋,Tch'ouen Ts'iou,卷五,LIVRE V,僖公,Hi,80.0,僖公十三年,TREIZIÈME ANNÉE,646.0,公会齐侯、宋公、陈侯、卫侯、郑伯、许男、曹伯于鹹。,"Le prince de Lou conféra avec les princes de Ts’i, de Soung, de Tch’en, de Ouei, de Tcheng, de Hiu et de Ts’ao à Hien, sur le territoire de Ouei."
459,春秋,Tch'ouen Ts'iou,卷五,LIVRE V,僖公,Hi,81.0,僖公十三年,TREIZIÈME ANNÉE,646.0,秋九月，大雩。,"En automne, au neuvième mois, eut lieu une grande cérémonie pour obtenir la pluie."
460,春秋,Tch'ouen Ts'iou,卷五,LIVRE V,僖公,Hi,82.0,僖公十三年,TREIZIÈME ANNÉE,646.0,冬，公子友如齐。,"En hiver, Koung tseu Iou alla à Ts’i."
461,春秋,Tch'ouen Ts'iou,卷五,LIVRE V,僖公,Hi,83.0,僖公十四年,QUATORZIÈME ANNÉE,645.0,十有四年春，诸侯城缘陵。,"Au printemps, les princes firent fortifier Iuen ling."
462,春秋,Tch'ouen Ts'iou,卷五,LIVRE V,僖公,Hi,84.0,僖公十四年,QUATORZIÈME ANNÉE,645.0,夏六月，季姬及鄫子遇于防，使鄫子来朝。,"En été, au sixième mois, Ki Ki, de la famille princière de Lou, et le prince de Tseng se rencontrèrent à Fang, sur le territoire de Lou. Elle détermina le prince de Tseng à venir faire visite au prince de Lou."
463,春秋,Tch'ouen Ts'iou,卷五,LIVRE V,僖公,Hi,85.0,僖公十四年,QUATORZIÈME ANNÉE,645.0,秋八月辛卯，沙鹿崩。,"En automne, au huitième mois, le jour sīn maò, le mont Cha lou s’écroula (sur le territoire de Tsin, à présent dans le Iuên tch’êng hién, Tai ming fou, Tcheu li)."
464,春秋,Tch'ouen Ts'iou,卷五,LIVRE V,僖公,Hi,86.0,僖公十四年,QUATORZIÈME ANNÉE,645.0,狄侵郑。,Les Ti envahirent Tcheng.
465,春秋,Tch'ouen Ts'iou,卷五,LIVRE V,僖公,Hi,87.0,僖公十四年,QUATORZIÈME ANNÉE,645.0,冬，蔡侯肸卒。,"En hiver, Hi, prince de Ts’ai, mourut."
466,春秋,Tch'ouen Ts'iou,卷五,LIVRE V,僖公,Hi,88.0,僖公十五年,QUINZIÈME ANNÉE,644.0,十有五年春，王正月，公如齐。,"Au printemps, au premier mois selon le calendrier impérial (décembre-janvier), le prince de Lou alla à Ts’i (probablement pour rendre au prince de Ts’i les hommages dus au chef des princes)."
467,春秋,Tch'ouen Ts'iou,卷五,LIVRE V,僖公,Hi,89.0,僖公十五年,QUINZIÈME ANNÉE,644.0,楚人伐徐。,L’armée de Tch’ou attaqua Siu.
468,春秋,Tch'ouen Ts'iou,卷五,LIVRE V,僖公,Hi,90.0,僖公十五年,QUINZIÈME ANNÉE,644.0,三月，公会齐侯、宋公、陈侯、卫侯、郑伯、许男、曹伯，盟于牡丘，遂次于匡。公孙敖帅师及诸侯之大夫救徐。,"Au troisième mois, le prince de Lou, avec les princes de Ts’i, de Soung, de Tch’en, de Ouei, de Tcheng, de Hiu et de Ts’ao, fit un traité à Meou k’iou. Ensuite les princes stationnèrent à K’ouang, sur le territoire de Ouei. Koung suen Ngao (fils de K’ing fòu, grand préfet de Lou.), se mit à la tête des troupes de Lou, et avec les grands préfets des autres princes, alla au secours de Siu."
469,春秋,Tch'ouen Ts'iou,卷五,LIVRE V,僖公,Hi,91.0,僖公十五年,QUINZIÈME ANNÉE,644.0,夏五月，日有食之。,"En été, il arriva que le soleil fut éclipsé."
470,春秋,Tch'ouen Ts'iou,卷五,LIVRE V,僖公,Hi,92.0,僖公十五年,QUINZIÈME ANNÉE,644.0,秋七月，齐师、曹师伐厉。,"En automne, au septième mois, les troupes de Ts’i et de Ts’ao attaquèrent Li, petite principauté vassale de Tch’òu."
471,春秋,Tch'ouen Ts'iou,卷五,LIVRE V,僖公,Hi,93.0,僖公十五年,QUINZIÈME ANNÉE,644.0,八月，螽。,"Au huitième mois, les sauterelles firent des dégâts."
472,春秋,Tch'ouen Ts'iou,卷五,LIVRE V,僖公,Hi,94.0,僖公十五年,QUINZIÈME ANNÉE,644.0,九月，公至自会。,"Au neuvième mois, le prince de Lou arriva à sa capitale, revenant de la réunion des princes."
473,春秋,Tch'ouen Ts'iou,卷五,LIVRE V,僖公,Hi,95.0,僖公十五年,QUINZIÈME ANNÉE,644.0,季姬归于鄫。,"Ki, troisième fille du prince de Lou, retourna à Tseng auprès de son mari."
474,春秋,Tch'ouen Ts'iou,卷五,LIVRE V,僖公,Hi,96.0,僖公十五年,QUINZIÈME ANNÉE,644.0,己卯晦，震夷伯之庙。,"Le jour kì maò, qui était le dernier jour du neuvième mois lunaire, la foudre frappa le temple de I Pe (ancien grand préfet de Lou, dont la famille Tchàn était issue)."
475,春秋,Tch'ouen Ts'iou,卷五,LIVRE V,僖公,Hi,97.0,僖公十五年,QUINZIÈME ANNÉE,644.0,冬，宋人伐曹。,"En hiver, l’armée de Soung attaqua Ts’ao."
476,春秋,Tch'ouen Ts'iou,卷五,LIVRE V,僖公,Hi,98.0,僖公十五年,QUINZIÈME ANNÉE,644.0,楚人败徐于娄林。,"L’armée de Tch’ou défit l’armée de Siu à Leou lin, sur le territoire de Sin."
477,春秋,Tch'ouen Ts'iou,卷五,LIVRE V,僖公,Hi,99.0,僖公十五年,QUINZIÈME ANNÉE,644.0,十有一月壬戌，晋侯及秦伯战于韩。获晋侯。,"Au onzième mois, le jour jên siŭ, (le prince de Lou reçut l’annonce officielle de) la bataille de Han entre le prince de Tsin et le prince de Ts’in, et de la captivité du prince de Tsin."
478,春秋,Tch'ouen Ts'iou,卷五,LIVRE V,僖公,Hi,100.0,僖公十六年,SEIZIÈME ANNÉE,643.0,十有六年春，王正月戊申朔，陨石于宋五。是月，六鹢退飞过宋都。,"Au printemps, au premier mois selon le calendrier impérial (décembre-janvier), le jour meóu chēn, premier jour du mois, à Soung cinq pierres tombèrent du haut des airs. Le même mois, six hérons, volant à reculons, passèrent au dessus de la capitale de Soung."
479,春秋,Tch'ouen Ts'iou,卷五,LIVRE V,僖公,Hi,101.0,僖公十六年,SEIZIÈME ANNÉE,643.0,三月壬申，公子季友卒。,"Au troisième mois, Ki iou, fils de Houân koung, mourut."
480,春秋,Tch'ouen Ts'iou,卷五,LIVRE V,僖公,Hi,102.0,僖公十六年,SEIZIÈME ANNÉE,643.0,夏四月丙申，鄫季姬卒。,"En été, au quatrième mois, le jour pìng chēn, mourut Ki, fille du prince de Lou et femme du prince de Tseng."
481,春秋,Tch'ouen Ts'iou,卷五,LIVRE V,僖公,Hi,103.0,僖公十六年,SEIZIÈME ANNÉE,643.0,秋七月甲子，公孙兹卒。,"En automne, au septième mois, le jour kiă tsèu, Koung suen Tseu mourut."
482,春秋,Tch'ouen Ts'iou,卷五,LIVRE V,僖公,Hi,104.0,僖公十六年,SEIZIÈME ANNÉE,643.0,冬十有二月，公会齐侯、宋公、陈侯、卫侯、郑伯、许男、邢侯、曹伯于淮。,"En hiver, au douzième mois, le prince de Lou conféra avec les princes de Ts’i, de Soung, de Tch’en, de Ouei, de Tcheng, de Hiu, de Hing et de Ts’ao à Houai, (sur le bord de la Houai, à présent Houâi ngān fòu, Kiang sou)."
483,春秋,Tch'ouen Ts'iou,卷五,LIVRE V,僖公,Hi,105.0,僖公十七年,DIX-SEPTIÈME ANNÉE,642.0,十有七年春，齐人、徐人伐英氏。,"Au printemps, les troupes de Ts’i et de Siu attaquèrent Ing cheu, petit État dépendant de Tch’òu."
484,春秋,Tch'ouen Ts'iou,卷五,LIVRE V,僖公,Hi,106.0,僖公十七年,DIX-SEPTIÈME ANNÉE,642.0,夏，灭项。,"En été, les troupes mirent fin à la principauté de Hiang."
485,春秋,Tch'ouen Ts'iou,卷五,LIVRE V,僖公,Hi,107.0,僖公十七年,DIX-SEPTIÈME ANNÉE,642.0,秋，夫人姜氏会齐侯于卞。,"En automne, Kiang cheu ou Cheng Kiang, sœur du prince de Ts’i et femme du prince de Lou, alla trouver le prince de Ts’i à Pien, sur le territoire de Lou."
486,春秋,Tch'ouen Ts'iou,卷五,LIVRE V,僖公,Hi,108.0,僖公十七年,DIX-SEPTIÈME ANNÉE,642.0,九月，公至自会。,"Au neuvième mois, le prince de Lou arriva de la réunion de Houai."
487,春秋,Tch'ouen Ts'iou,卷五,LIVRE V,僖公,Hi,109.0,僖公十七年,DIX-SEPTIÈME ANNÉE,642.0,冬十有二月乙亥，齐侯小白卒。,"En hiver, au douzième mois, le jour ĭ hái, de prince de Lou reçut l’annonce officielle de la mort de Siao pe, prince de Ts’i."
488,春秋,Tch'ouen Ts'iou,卷五,LIVRE V,僖公,Hi,110.0,僖公十八年,DIX-HUITIÈME ANNÉE,641.0,十有八年春，王正月，宋公、曹伯、卫人、邾人伐齐。,"Au printemps, au premier mois selon le calendrier impérial (décembre-janvier), les princes de Soung et de Ts’ao, et les officiers de Ouei et de Tchou attaquèrent Ts’i."
489,春秋,Tch'ouen Ts'iou,卷五,LIVRE V,僖公,Hi,111.0,僖公十八年,DIX-HUITIÈME ANNÉE,641.0,夏，师救齐。,"En été, nos troupes portèrent secours à Ts’i, c’est-à-dire, à ceux des habitants de Ts’i qui refusaient de reconnaître Hiao koung et soutenaient le parti de ses quatre frères."
490,春秋,Tch'ouen Ts'iou,卷五,LIVRE V,僖公,Hi,112.0,僖公十八年,DIX-HUITIÈME ANNÉE,641.0,五月戊寅，宋师及齐师战于甗，齐师败绩。,"Au cinquième mois, le jour meóu în, à Ien, sur le territoire de Ts’i, l’armée de Soung livra bataille à l’armée de Ts’i, c'est-à-dire, des ennemis de Hiao koung. L’armée de Ts’i fut entièrement défaite."
491,春秋,Tch'ouen Ts'iou,卷五,LIVRE V,僖公,Hi,113.0,僖公十八年,DIX-HUITIÈME ANNÉE,641.0,狄救齐。,"Les Ti allèrent au secours de Ts’i, c.-à-d, des ennemis de Hiao koung."
492,春秋,Tch'ouen Ts'iou,卷五,LIVRE V,僖公,Hi,114.0,僖公十八年,DIX-HUITIÈME ANNÉE,641.0,秋八月丁亥，葬齐桓公。,"En automne, au huitième mois, le jour tīng hái, on enterra Houan koung, prince de Ts’i."
493,春秋,Tch'ouen Ts'iou,卷五,LIVRE V,僖公,Hi,115.0,僖公十八年,DIX-HUITIÈME ANNÉE,641.0,冬，邢人、狄人伐卫。,"En hiver, les troupes de Hing et celles des Ti attaquèrent Ouei."
494,春秋,Tch'ouen Ts'iou,卷五,LIVRE V,僖公,Hi,116.0,僖公十九年,DIX-NEUVIÈME ANNÉE,640.0,十有九年春，王三月，宋人执滕子婴齐。,"Au troisième mois selon le calendrier impérial, l’armée de Soung s’empara de Ing ts’i (Siuen koung), prince de T’eng."
495,春秋,Tch'ouen Ts'iou,卷五,LIVRE V,僖公,Hi,117.0,僖公十九年,DIX-NEUVIÈME ANNÉE,640.0,夏六月，宋公、曹人、邾人盟于曹南。,"En été, au sixième mois, les princes de Soung, de Ts’ao et de Tchou firent un traité dans le midi de Ts’ao."
496,春秋,Tch'ouen Ts'iou,卷五,LIVRE V,僖公,Hi,118.0,僖公十九年,DIX-NEUVIÈME ANNÉE,640.0,鄫子会盟于邾。,"Le prince Tseng fit un traité (avec les princes de Soung, de Ts’ao et de Tchou) à Tchou."
497,春秋,Tch'ouen Ts'iou,卷五,LIVRE V,僖公,Hi,119.0,僖公十九年,DIX-NEUVIÈME ANNÉE,640.0,己酉，邾人执鄫子，用之。,"Le jour kì iòu, le prince de Tchou fit saisir le prince de Tseng, pour l’employer comme victime."
498,春秋,Tch'ouen Ts'iou,卷五,LIVRE V,僖公,Hi,120.0,僖公十九年,DIX-NEUVIÈME ANNÉE,640.0,秋，宋人围曹。,"En automne, l’armée de Soung assiégea la capitale de Ts’ao."
499,春秋,Tch'ouen Ts'iou,卷五,LIVRE V,僖公,Hi,121.0,僖公十九年,DIX-NEUVIÈME ANNÉE,640.0,卫人伐邢。,L’armée de Ouei attaqua Hing.
500,春秋,Tch'ouen Ts'iou,卷五,LIVRE V,僖公,Hi,122.0,僖公十九年,DIX-NEUVIÈME ANNÉE,640.0,冬，会陈人、蔡人、楚人、郑人盟于齐。,"En hiver, le prince de Lou eut une conférence et fit un traité avec les envoyés de Tch’en, de Ts’ai, de Tch’ou et de Tcheng à Ts’i, sous la présidence du prince de Ts’i."
501,春秋,Tch'ouen Ts'iou,卷五,LIVRE V,僖公,Hi,123.0,僖公十九年,DIX-NEUVIÈME ANNÉE,640.0,梁亡。,La principauté de Leang prit fin.
502,春秋,Tch'ouen Ts'iou,卷五,LIVRE V,僖公,Hi,124.0,僖公二十年,VINGTIÈME ANNÉE,639.0,二十年春，新作南门。,"Au printemps, on refit à neuf et tsŏ sur un nouveau plan la porte méridionale de la capitale de Lou."
503,春秋,Tch'ouen Ts'iou,卷五,LIVRE V,僖公,Hi,125.0,僖公二十年,VINGTIÈME ANNÉE,639.0,夏，郜子来朝。,"En été, le prince de Hao vint faire visite au prince de Lou."
504,春秋,Tch'ouen Ts'iou,卷五,LIVRE V,僖公,Hi,126.0,僖公二十年,VINGTIÈME ANNÉE,639.0,五月乙巳，西宫灾。,"Au cinquième mois, le jour ĭ séu, le palais occidental éprouva un grand malheur (il fut brûlé)."
505,春秋,Tch'ouen Ts'iou,卷五,LIVRE V,僖公,Hi,127.0,僖公二十年,VINGTIÈME ANNÉE,639.0,郑人入滑。,L’armée de Tcheng entra dans Houa.
506,春秋,Tch'ouen Ts'iou,卷五,LIVRE V,僖公,Hi,128.0,僖公二十年,VINGTIÈME ANNÉE,639.0,秋，齐人、狄人盟于邢。,"En automne, les officiers de Ts’i et ceux des Ti firent, un traité à Hing."
507,春秋,Tch'ouen Ts'iou,卷五,LIVRE V,僖公,Hi,129.0,僖公二十年,VINGTIÈME ANNÉE,639.0,冬，楚人伐随。,"En hiver, l’armée de Tch’ou attaqua Souei."
508,春秋,Tch'ouen Ts'iou,卷五,LIVRE V,僖公,Hi,130.0,僖公二十一年,VINGT ET UNIÈME ANNÉE,638.0,二十有一年春，狄侵卫。,"Au printemps, les Ti envahirent Ouei, pour secourir Hing."
509,春秋,Tch'ouen Ts'iou,卷五,LIVRE V,僖公,Hi,131.0,僖公二十一年,VINGT ET UNIÈME ANNÉE,638.0,宋人、齐人、楚人盟于鹿上。,"Les officiers de Soung, de Ts’i et de Tch’ou firent un traité à Lou chang, sur le territoire de Soung."
510,春秋,Tch'ouen Ts'iou,卷五,LIVRE V,僖公,Hi,132.0,僖公二十一年,VINGT ET UNIÈME ANNÉE,638.0,夏，大旱。,"En été, la sécheresse fut grande."
511,春秋,Tch'ouen Ts'iou,卷五,LIVRE V,僖公,Hi,133.0,僖公二十一年,VINGT ET UNIÈME ANNÉE,638.0,秋，宋公、楚子、陈侯、蔡侯、郑伯、许男、曹伯会于盂。执宋公以伐宋。,"En automne, les princes de Soung, de Tch’ou, de Tch’en, p.328 de Ts’ai, de Tcheng, de Hiu et de Ts’ao se réunirent à Iu, sur le territoire de Soung. Le prince de Soung fut retenu prisonnier et ses États furent envahis, (parce qu’il s’arrogeait des droits sur les autres princes)."
512,春秋,Tch'ouen Ts'iou,卷五,LIVRE V,僖公,Hi,134.0,僖公二十一年,VINGT ET UNIÈME ANNÉE,638.0,冬，公伐邾。,"En hiver, le prince de Lou envahit Tchou, (parce que le prince de Tchou avait mis fin à la principauté de Siū k’iû)."
513,春秋,Tch'ouen Ts'iou,卷五,LIVRE V,僖公,Hi,135.0,僖公二十一年,VINGT ET UNIÈME ANNÉE,638.0,楚人使宜申来献捷。,Les officiers de Tch’ou envoyèrent I chen offrir au prince de Lou une partie des dépouilles de Soung.
514,春秋,Tch'ouen Ts'iou,卷五,LIVRE V,僖公,Hi,136.0,僖公二十一年,VINGT ET UNIÈME ANNÉE,638.0,十有二月癸丑，公会诸侯盟于薄，释宋公。,"Au douzième mois, le jour kouèi tch’eòu, le prince de Lou avec d’autres princes fit un traité à Po, et le prince de Soung fut mis en liberté."
515,春秋,Tch'ouen Ts'iou,卷五,LIVRE V,僖公,Hi,137.0,僖公二十二年,VINGT-DEUXIÈME ANNÉE,637.0,二十有二年春，公伐邾，取须句。,"Au printemps, le prince de Lou attaqua Tchou et prit la ville de Siu k’iu."
516,春秋,Tch'ouen Ts'iou,卷五,LIVRE V,僖公,Hi,138.0,僖公二十二年,VINGT-DEUXIÈME ANNÉE,637.0,夏，宋公、卫侯、许男、滕子伐郑。,"En été, les princes de Soung, de Ouei, de Hiu et de T’eng attaquèrent Tcheng."
517,春秋,Tch'ouen Ts'iou,卷五,LIVRE V,僖公,Hi,139.0,僖公二十二年,VINGT-DEUXIÈME ANNÉE,637.0,秋八月丁未，及邾人战于升陉。,"En automne, au huitième mois, le jour tīng ouéi, l’armée de Lou combattit contre celle de Tchou à Cheng hing, sur le territoire de Lou."
518,春秋,Tch'ouen Ts'iou,卷五,LIVRE V,僖公,Hi,140.0,僖公二十二年,VINGT-DEUXIÈME ANNÉE,637.0,冬十有一月己巳朔，宋公及楚人战于泓，宋师败绩。,"En hiver, au onzième mois, le jour kì séu, premier jour du mois, le prince de Soung combattit contre l’armée de Tch’ou près de la Houng. L’armée de Soung fut entièrement défaite."
519,春秋,Tch'ouen Ts'iou,卷五,LIVRE V,僖公,Hi,141.0,僖公二十三年,VINGT-TROISIÈME ANNÉE,636.0,二十有三年春，齐侯伐宋，围缗。,"Au printemps, le prince de Ts’i attaqua Soung et assiégea Min."
520,春秋,Tch'ouen Ts'iou,卷五,LIVRE V,僖公,Hi,142.0,僖公二十三年,VINGT-TROISIÈME ANNÉE,636.0,夏五月庚寅，宋公兹父卒。,"En été, au cinquième mois, le jour kēng în, Tseu fou, prince de Soung, mourut."
521,春秋,Tch'ouen Ts'iou,卷五,LIVRE V,僖公,Hi,143.0,僖公二十三年,VINGT-TROISIÈME ANNÉE,636.0,秋，楚人伐陈。,"En automne, l’armée de Tch’ou attaqua Tch’en."
522,春秋,Tch'ouen Ts'iou,卷五,LIVRE V,僖公,Hi,144.0,僖公二十三年,VINGT-TROISIÈME ANNÉE,636.0,冬十有一月，杞子卒。,"En hiver, au onzième mois, le prince de K’i mourut."
523,春秋,Tch'ouen Ts'iou,卷五,LIVRE V,僖公,Hi,145.0,僖公二十四年,VINGT-QUATRIÈME ANNÉE,635.0,二十有四年春，王正月。,"Au printemps, au premier mois selon le calendrier impérial (décembre-janvier)."
524,春秋,Tch'ouen Ts'iou,卷五,LIVRE V,僖公,Hi,146.0,僖公二十四年,VINGT-QUATRIÈME ANNÉE,635.0,夏，狄伐郑。,"En été, les Ti attaquèrent Tcheng."
525,春秋,Tch'ouen Ts'iou,卷五,LIVRE V,僖公,Hi,147.0,僖公二十四年,VINGT-QUATRIÈME ANNÉE,635.0,秋七月。,"En automne, au septième mois."
526,春秋,Tch'ouen Ts'iou,卷五,LIVRE V,僖公,Hi,148.0,僖公二十四年,VINGT-QUATRIÈME ANNÉE,635.0,冬，天王出居于郑。,"En hiver, le souverain du Céleste-empire quitta ses États et alla demeurer à Tcheng."
527,春秋,Tch'ouen Ts'iou,卷五,LIVRE V,僖公,Hi,149.0,僖公二十四年,VINGT-QUATRIÈME ANNÉE,635.0,晋侯夷吾卒。,"(Le prince de Lou reçut l’annonce officielle de la mort de) I ou (Houei koung), prince de Tsin."
528,春秋,Tch'ouen Ts'iou,卷五,LIVRE V,僖公,Hi,150.0,僖公二十五年,VINGT-CINQUIÈME ANNÉE,634.0,二十有五年春，王正月丙午，卫侯燬灭邢。,"Au printemps, au premier mois selon le calendrier impérial (décembre-janvier), le jour pìng òu, Houei (Ouên kōung), prince de Ouei, mit fin à la principauté de Hing."
529,春秋,Tch'ouen Ts'iou,卷五,LIVRE V,僖公,Hi,151.0,僖公二十五年,VINGT-CINQUIÈME ANNÉE,634.0,夏四月癸酉，卫侯燬卒。,"En été, au quatrième mois, le jour kouèi iòu, Houei (Ouen koung), prince de Ouei, mourut."
530,春秋,Tch'ouen Ts'iou,卷五,LIVRE V,僖公,Hi,152.0,僖公二十五年,VINGT-CINQUIÈME ANNÉE,634.0,宋荡伯姬来逆妇。,"Pe Ki, fille de la famille princière de Lou, et femme de Tang, grand préfet de Soung, vint à Lou chercher une fiancée, (probablement la fiancée de son fils. Cette fonction ne convenait pas à une femme)."
531,春秋,Tch'ouen Ts'iou,卷五,LIVRE V,僖公,Hi,153.0,僖公二十五年,VINGT-CINQUIÈME ANNÉE,634.0,宋杀其大夫。,"Le prince de Soung fit mettre à mort un de ses grands préfets, dont on ignore le nom."
532,春秋,Tch'ouen Ts'iou,卷五,LIVRE V,僖公,Hi,154.0,僖公二十五年,VINGT-CINQUIÈME ANNÉE,634.0,秋，楚人围陈，纳顿子于顿。,"En automne, l’armée de Tch’ou assiégea la capitale de Tch’en, et reconduisit dans sa capitale le prince de Toue"
533,春秋,Tch'ouen Ts'iou,卷五,LIVRE V,僖公,Hi,155.0,僖公二十五年,VINGT-CINQUIÈME ANNÉE,634.0,葬卫文公。,"On enterra Ouen koung, prince de Ouei."
534,春秋,Tch'ouen Ts'iou,卷五,LIVRE V,僖公,Hi,156.0,僖公二十五年,VINGT-CINQUIÈME ANNÉE,634.0,冬十有二月癸亥，公会卫子、莒庆，盟于洮。,"En hiver, au douzième mois, le jour kouèi hái, le prince de Lou, avec le fils héritier de Ouên kōung, prince de Ouei (mort depuis peu), et avec K’ing de Kiu, fit un traité à T’ao, sur le territoire de Lou."
535,春秋,Tch'ouen Ts'iou,卷五,LIVRE V,僖公,Hi,157.0,僖公二十六年,VINGT-SIXIÈME ANNÉE,633.0,二十有六年春，王正月己未，公会莒子、卫甯速，盟于向。,"Au printemps, au premier mois selon le calendrier impérial (décembre-janvier), le jour kì ouéi, le prince de Lou, avec le prince de Kiu et Ning Sou, grand préfet de Ouei, fit un traité à Hiang, sur le territoire de Kiu."
536,春秋,Tch'ouen Ts'iou,卷五,LIVRE V,僖公,Hi,158.0,僖公二十六年,VINGT-SIXIÈME ANNÉE,633.0,齐人侵我西鄙。公追齐师至酅，弗及。,"Les officiers de Ts’i envahirent notre frontière occidentale. Le prince de Lou poursuivit l’armée de Ts’i jusqu’à Hi, sur le territoire de Ts’i. Il ne put l’atteindre."
537,春秋,Tch'ouen Ts'iou,卷五,LIVRE V,僖公,Hi,159.0,僖公二十六年,VINGT-SIXIÈME ANNÉE,633.0,夏，齐人伐我北鄙。,"En été, le prince de Ts’i attaqua notre frontière septentrionale."
538,春秋,Tch'ouen Ts'iou,卷五,LIVRE V,僖公,Hi,160.0,僖公二十六年,VINGT-SIXIÈME ANNÉE,633.0,卫人伐齐。,Les troupes de Ouei attaquèrent Ts’i (pour secourir Lou).
539,春秋,Tch'ouen Ts'iou,卷五,LIVRE V,僖公,Hi,161.0,僖公二十六年,VINGT-SIXIÈME ANNÉE,633.0,公子遂如楚乞师。,"Souei, de la famille princière de Lou, alla à Tch’ou demander un secours de troupes."
540,春秋,Tch'ouen Ts'iou,卷五,LIVRE V,僖公,Hi,162.0,僖公二十六年,VINGT-SIXIÈME ANNÉE,633.0,秋，楚人灭夔，以夔子归。,"En automne, l’armée de Tch’ou mit fin à la principauté de K’ouei, et emmena à Tch’ou le prince de K’ouei."
541,春秋,Tch'ouen Ts'iou,卷五,LIVRE V,僖公,Hi,163.0,僖公二十六年,VINGT-SIXIÈME ANNÉE,633.0,冬，楚人伐宋，围缗。公以楚师伐齐，取穀。,"En hiver, les officiers de Tch’ou attaquèrent Soung et assiégèrent Min. Le prince de Lou, avec des troupes de Tch’ou, attaqua Ts’i et prit Kou."
542,春秋,Tch'ouen Ts'iou,卷五,LIVRE V,僖公,Hi,164.0,僖公二十六年,VINGT-SIXIÈME ANNÉE,633.0,公至自伐齐。,Le prince de Lou arriva de son expédition contre Ts’i.
543,春秋,Tch'ouen Ts'iou,卷五,LIVRE V,僖公,Hi,165.0,僖公二十七年,VINGT-SEPTIÈME ANNÉE,632.0,二十有七年春，杞子来朝。,"Au printemps, le prince de K’i, vint faire visite au prince de Lou."
544,春秋,Tch'ouen Ts'iou,卷五,LIVRE V,僖公,Hi,166.0,僖公二十七年,VINGT-SEPTIÈME ANNÉE,632.0,夏六月庚寅，齐侯昭卒。,"En été, au sixième mois, le jour kēng în, mourut Tchao (Hiao koung), prince de Ts’i."
545,春秋,Tch'ouen Ts'iou,卷五,LIVRE V,僖公,Hi,167.0,僖公二十七年,VINGT-SEPTIÈME ANNÉE,632.0,秋八月乙未，葬齐孝公。,"En été, au huitième mois, le jour ĭ ouéi, en enterra Hiao koung, prince de Ts’i."
546,春秋,Tch'ouen Ts'iou,卷五,LIVRE V,僖公,Hi,168.0,僖公二十七年,VINGT-SEPTIÈME ANNÉE,632.0,乙巳，公子遂帅师入杞。,"Le jour ĭ séu, Souéi, fils du prince Tchouāng kōung de Lou, à la tête d’une armée, entra dans K’i."
547,春秋,Tch'ouen Ts'iou,卷五,LIVRE V,僖公,Hi,169.0,僖公二十七年,VINGT-SEPTIÈME ANNÉE,632.0,冬，楚人、陈侯、蔡侯、郑伯、许男围宋。,"En hiver, les officiers de Tch’ou, les princes de Tch’en, de Ts’ai, de Tcheng et de Hiu assiégèrent la capitale de Soung."
548,春秋,Tch'ouen Ts'iou,卷五,LIVRE V,僖公,Hi,170.0,僖公二十七年,VINGT-SEPTIÈME ANNÉE,632.0,十有二月甲戌，公会诸侯盟于宋。,"Au douzième mois., le jour kiă siŭ, le prince de Lou alla trouver les princes qui assiégeaient la capitale de Soung, et prit part à leur traité."
549,春秋,Tch'ouen Ts'iou,卷五,LIVRE V,僖公,Hi,171.0,僖公二十八年,VINGT-HUITIÈME ANNÉE,631.0,二十有八年，春，晋侯侵曹。晋侯伐卫。,"Au printemps, (le prince de Ts’ao annonça que) le prince de Tsin avait envahi Ts’ao ; (le prince de Ouei annonça que) le prince de Tsin. avait attaqué Ouei."
550,春秋,Tch'ouen Ts'iou,卷五,LIVRE V,僖公,Hi,172.0,僖公二十八年,VINGT-HUITIÈME ANNÉE,631.0,公子买戍卫，不卒戍，刺之。,"Koung tseu Mai, grand préfet de Lou, gardait la frontière de Ouei, pour le prince de Tch’ou. Le prince de Lou le fit percer d’un coup de lance, sous le prétexte que Mai n’avait pas gardé son poste jusqu’à la fin."
551,春秋,Tch'ouen Ts'iou,卷五,LIVRE V,僖公,Hi,173.0,僖公二十八年,VINGT-HUITIÈME ANNÉE,631.0,楚人救卫。,Les officiers de Tchou portèrent secours à Ouei.
552,春秋,Tch'ouen Ts'iou,卷五,LIVRE V,僖公,Hi,174.0,僖公二十八年,VINGT-HUITIÈME ANNÉE,631.0,三月丙午，晋侯入曹，执曹伯，畀宋人。,"Au troisième mois, le jour pìng òu, le prince de Tsin entra dans la capitale de Ts’ao, s’empara du prince de Ts’ao et le livra aux officiers de Soung."
553,春秋,Tch'ouen Ts'iou,卷五,LIVRE V,僖公,Hi,175.0,僖公二十八年,VINGT-HUITIÈME ANNÉE,631.0,夏四月己巳，晋侯、齐师、宋师、秦师及楚人战于城濮，楚师败绩。,"En été, au quatrième mois, le jour kì séu, le prince de Tsin et les armées de Ts’i, de Soung, et de Ts’in combattirent contre l’armée de Tch’ou, à Tch’eng pou, sur le territoire de Ouei. L’armée de Tch’ou fut complètement battue."
554,春秋,Tch'ouen Ts'iou,卷五,LIVRE V,僖公,Hi,176.0,僖公二十八年,VINGT-HUITIÈME ANNÉE,631.0,楚杀其大夫得臣。,"Le prince de Tch’ou fit mourir son grand préfet Te tch’en (Tseu iu, qui avait livré bataille contre la volonté du prince et avait été défait)."
555,春秋,Tch'ouen Ts'iou,卷五,LIVRE V,僖公,Hi,177.0,僖公二十八年,VINGT-HUITIÈME ANNÉE,631.0,卫侯出奔楚。,Le prince de Ouei quitta ses États et s’enfuit à Tch’ou.
556,春秋,Tch'ouen Ts'iou,卷五,LIVRE V,僖公,Hi,178.0,僖公二十八年,VINGT-HUITIÈME ANNÉE,631.0,五月癸丑，公会晋侯、齐侯、宋公、蔡侯、郑伯、卫子、莒子，盟于践土。,"Au cinquième mois, le jour kouèi tch’eòu, le prince de Lou, les princes de Tsin, de Ts’i, de Soung, de Ts’ai, de Tcheng, le régent de Ouei (Chou ou) et le prince de Kiu firent un traité à Tsien t’ou, sur le territoire de Tcheng."
557,春秋,Tch'ouen Ts'iou,卷五,LIVRE V,僖公,Hi,179.0,僖公二十八年,VINGT-HUITIÈME ANNÉE,631.0,陈侯如会。,"Le prince de Tch’en alla à la réunion des princes (à Tsien t’ou. Quand il arriva, le traité était conclu)."
558,春秋,Tch'ouen Ts'iou,卷五,LIVRE V,僖公,Hi,180.0,僖公二十八年,VINGT-HUITIÈME ANNÉE,631.0,公朝于王所。,Le prince de Lou alla faire visite à l’empereur dans la résidence impériale de Tsien t’ou.
559,春秋,Tch'ouen Ts'iou,卷五,LIVRE V,僖公,Hi,181.0,僖公二十八年,VINGT-HUITIÈME ANNÉE,631.0,六月，卫侯郑自楚复归于卫。卫元咺出奔晋。,"Au sixième mois, Tcheng, prince de Ouei, quitta Tch’ou, et s’en retourna à Ouei. Iuen Hiuen de Ouei s’enfuit à Tsin."
560,春秋,Tch'ouen Ts'iou,卷五,LIVRE V,僖公,Hi,182.0,僖公二十八年,VINGT-HUITIÈME ANNÉE,631.0,陈侯款卒。,"K’ouan, prince de Tch’en, mourut."
561,春秋,Tch'ouen Ts'iou,卷五,LIVRE V,僖公,Hi,183.0,僖公二十八年,VINGT-HUITIÈME ANNÉE,631.0,秋，杞伯姬来。公子遂如齐。,"En automne, Pe Ki, sœur du prince de Lou et femme du prince de K’i, vint à Lou (voir sa mère)."
562,春秋,Tch'ouen Ts'iou,卷五,LIVRE V,僖公,Hi,184.0,僖公二十八年,VINGT-HUITIÈME ANNÉE,631.0,nan,"Souei, fils de Tchouang koung de Lou, alla à Ts’i (faire visite au prince)."
563,春秋,Tch'ouen Ts'iou,卷五,LIVRE V,僖公,Hi,185.0,僖公二十八年,VINGT-HUITIÈME ANNÉE,631.0,冬，公会晋侯、齐侯、宋公、蔡侯、郑伯、陈子、莒子、邾子、秦人于温。,"En hiver, le prince de Lou eut une conférence à Ouen, près de la capitale de l’empire, avec les princes de Tsin, de Ts’i, de Soung, de Ts’ai, de Tcheng, de Tch’en, de Kiu, et avec les délégués de Tchou et de Ts’in."
564,春秋,Tch'ouen Ts'iou,卷五,LIVRE V,僖公,Hi,186.0,僖公二十八年,VINGT-HUITIÈME ANNÉE,631.0,天王狩于河阳。,"Le fils du ciel alla à la chasse à Ho iang, territoire de Tsin."
565,春秋,Tch'ouen Ts'iou,卷五,LIVRE V,僖公,Hi,187.0,僖公二十八年,VINGT-HUITIÈME ANNÉE,631.0,壬申，公朝于王所。,"Le jour jên chēn (10e jour du dixième mois), le prince de Lou fit visite à l’empereur dans sa résidence à Ouēn."
566,春秋,Tch'ouen Ts'iou,卷五,LIVRE V,僖公,Hi,188.0,僖公二十八年,VINGT-HUITIÈME ANNÉE,631.0,晋人执卫侯，归之于京师。,"Le prince de Tsin s’empara du prince de Ouei, et le fit conduire à la capitale de l’empire."
567,春秋,Tch'ouen Ts'iou,卷五,LIVRE V,僖公,Hi,189.0,僖公二十八年,VINGT-HUITIÈME ANNÉE,631.0,卫元咺自晋复归于卫。,Iuen Hiuen de Ouei quitta Tsin et retourna à Ouei.
568,春秋,Tch'ouen Ts'iou,卷五,LIVRE V,僖公,Hi,190.0,僖公二十八年,VINGT-HUITIÈME ANNÉE,631.0,诸侯遂围许。,"Ensuite (en quittant Ouēn), les princes assiégèrent la capitale de Hiu, (parce que le prince de Hiu soutenait encore le parti du prince de Tch’òu)."
569,春秋,Tch'ouen Ts'iou,卷五,LIVRE V,僖公,Hi,191.0,僖公二十八年,VINGT-HUITIÈME ANNÉE,631.0,曹伯襄复归于曹，遂会诸侯围许。,"Siang, prince de Ts’ao, rétabli dans sa dignité, s’en retourna dans sa capitale. Ensuite il alla se joindre aux autres princes et assiéger avec eux la capitale de Hiu."
570,春秋,Tch'ouen Ts'iou,卷五,LIVRE V,僖公,Hi,192.0,僖公二十九年,VINGT-NEUVIÈME ANNÉE,630.0,二十有九年春，介葛卢来。,"Au printemps, Ko Iou, chef des barbares orientaux du pays de Kiai, vint à Lou."
571,春秋,Tch'ouen Ts'iou,卷五,LIVRE V,僖公,Hi,193.0,僖公二十九年,VINGT-NEUVIÈME ANNÉE,630.0,公至自围许。,Le prince de Lou arriva du siège de Hiu.
572,春秋,Tch'ouen Ts'iou,卷五,LIVRE V,僖公,Hi,194.0,僖公二十九年,VINGT-NEUVIÈME ANNÉE,630.0,夏六月，会王人、晋人、宋人、齐人、陈人、蔡人、秦人盟于翟泉。,"En été, au sixième mois, le prince de Lou conféra et fit un traité à Ti ts’iuen avec les ministres de l’empereur, de Tsin, de Soung, de Ts’i, de Tch’en, de Ts’ai et de Ts’in."
573,春秋,Tch'ouen Ts'iou,卷五,LIVRE V,僖公,Hi,195.0,僖公二十九年,VINGT-NEUVIÈME ANNÉE,630.0,秋，大雨雹。,"En automne, il tomba beaucoup de grêle."
574,春秋,Tch'ouen Ts'iou,卷五,LIVRE V,僖公,Hi,196.0,僖公二十九年,VINGT-NEUVIÈME ANNÉE,630.0,冬，介葛卢来。,"En hiver, Ko lou, prince de Kiai, vint à Lou."
575,春秋,Tch'ouen Ts'iou,卷五,LIVRE V,僖公,Hi,197.0,僖公三十年,TRENTIÈME ANNÉE,629.0,三十年春，王正月。,"Au printemps, au premier mois d’après le calendrier impérial (décembre-janvier)."
576,春秋,Tch'ouen Ts'iou,卷五,LIVRE V,僖公,Hi,198.0,僖公三十年,TRENTIÈME ANNÉE,629.0,夏，狄侵齐。,"En été, les Ti envahirent la principauté de Ts’i."
577,春秋,Tch'ouen Ts'iou,卷五,LIVRE V,僖公,Hi,199.0,僖公三十年,TRENTIÈME ANNÉE,629.0,秋，卫杀其大夫元咺及公子瑕。,"En automne, le prince de Ouei mit à mort son grand préfet Iuen Hiuen, et son propre frère, le prince Hia."
578,春秋,Tch'ouen Ts'iou,卷五,LIVRE V,僖公,Hi,200.0,僖公三十年,TRENTIÈME ANNÉE,629.0,卫侯郑归于卫。,"Tcheng (Ouên kōung), prince de Ouei, retourna dans ses États."
579,春秋,Tch'ouen Ts'iou,卷五,LIVRE V,僖公,Hi,201.0,僖公三十年,TRENTIÈME ANNÉE,629.0,晋人、秦人围郑。,L’armée de Tsin et celle de Ts’in assiégèrent la capitale de Tcheng.
580,春秋,Tch'ouen Ts'iou,卷五,LIVRE V,僖公,Hi,202.0,僖公三十年,TRENTIÈME ANNÉE,629.0,介人侵萧。,Les Tĭ de Kiai envahirent la petite principauté de Siao.
581,春秋,Tch'ouen Ts'iou,卷五,LIVRE V,僖公,Hi,203.0,僖公三十年,TRENTIÈME ANNÉE,629.0,冬，天王使周公来聘。,"En hiver, le prince de Tcheou, premier ministre de l’empire, envoyé par le fils du ciel, vint saluer le prince de Lou."
582,春秋,Tch'ouen Ts'iou,卷五,LIVRE V,僖公,Hi,204.0,僖公三十年,TRENTIÈME ANNÉE,629.0,公子遂如京师，遂如晋。,"Koung tseu Souei alla à la capitale de l’empire (rendre visite à l’empereur, rendre la visite du premier ministre). Ensuite il alla à Tsin."
583,春秋,Tch'ouen Ts'iou,卷五,LIVRE V,僖公,Hi,205.0,僖公三十一年,TRENTE ET UNIÈME ANNÉE,628.0,三十有一年春，取济西田。,"Au printemps, le prince de Lou reçut les terres situées à l’ouest de la Ts’i."
584,春秋,Tch'ouen Ts'iou,卷五,LIVRE V,僖公,Hi,206.0,僖公三十一年,TRENTE ET UNIÈME ANNÉE,628.0,公子遂如晋。,Koung tseu Souei alla à Tsin.
585,春秋,Tch'ouen Ts'iou,卷五,LIVRE V,僖公,Hi,207.0,僖公三十一年,TRENTE ET UNIÈME ANNÉE,628.0,夏四月，四卜郊不从，乃免牲，犹三望。,"En été, au quatrième mois, le prince de Lou consulta la tortue pour la quatrième fois sur le sacrifice qu’il devait offrir au ciel chaque année dans la campagne. Les présages furent défavorables. La victime fut mise en liberté (et le sacrifice n’eut pas lieu).Le prince de Lou offrit néanmoins les sacrifices Ouáng aux trois sortes d’esprits."
586,春秋,Tch'ouen Ts'iou,卷五,LIVRE V,僖公,Hi,208.0,僖公三十一年,TRENTE ET UNIÈME ANNÉE,628.0,秋七月。,"En automne, au septième mois."
587,春秋,Tch'ouen Ts'iou,卷五,LIVRE V,僖公,Hi,209.0,僖公三十一年,TRENTE ET UNIÈME ANNÉE,628.0,冬，杞伯姬来求妇。,"Ki, fille aînée du prince Tchouāng de Lou et femme du prince de K’i, vint à Lou chercher une femme pour son fils."
588,春秋,Tch'ouen Ts'iou,卷五,LIVRE V,僖公,Hi,210.0,僖公三十一年,TRENTE ET UNIÈME ANNÉE,628.0,狄围卫。,Les Ti assiégèrent la capitale de Ouei.
589,春秋,Tch'ouen Ts'iou,卷五,LIVRE V,僖公,Hi,211.0,僖公三十一年,TRENTE ET UNIÈME ANNÉE,628.0,十有二月，卫迁于帝丘。,"Au douzième mois, le prince de Ouei transporta sa résidence à Ti k’iou (dans le K’āi tcheōu actuel, Tai ming fou, Tcheu li)."
590,春秋,Tch'ouen Ts'iou,卷五,LIVRE V,僖公,Hi,212.0,僖公三十二年,TRENTE DEUXIÈME ANNÉE,627.0,三十有二年春，王正月。,"Au printemps, au premier mois d’après le calendrier impérial"
591,春秋,Tch'ouen Ts'iou,卷五,LIVRE V,僖公,Hi,213.0,僖公三十二年,TRENTE DEUXIÈME ANNÉE,627.0,夏四月己丑，郑伯捷卒。,"En été, au quatrième mois, le jour kì tch’eòu, Tsie (Ouên kōung), prince de Tcheng, mourut."
592,春秋,Tch'ouen Ts'iou,卷五,LIVRE V,僖公,Hi,214.0,僖公三十二年,TRENTE DEUXIÈME ANNÉE,627.0,夏四月己丑，郑伯捷卒。,L’armée de Ouei envahit le territoire des Ti.
593,春秋,Tch'ouen Ts'iou,卷五,LIVRE V,僖公,Hi,215.0,僖公三十二年,TRENTE DEUXIÈME ANNÉE,627.0,秋，卫人及狄盟。,"En automne, les officiers de Ouei firent un traité avec les Ti."
594,春秋,Tch'ouen Ts'iou,卷五,LIVRE V,僖公,Hi,216.0,僖公三十二年,TRENTE DEUXIÈME ANNÉE,627.0,冬十有二月己卯，晋侯重耳卒。,"En hiver, au douzième mois, le jour kì maò, Tch’oung eul (Ouen koung), prince de Tsin, mourut."
595,春秋,Tch'ouen Ts'iou,卷五,LIVRE V,僖公,Hi,217.0,僖公三十三年,TRENTE TROISIÈME ANNÉE,626.0,三十有三年春，王二月，秦人入滑。,"Au printemps, au deuxième mois selon le calendrier impérial (janvier-février), l’armée de Ts’in entra dans Houa, petite principauté voisine de Tcheng."
596,春秋,Tch'ouen Ts'iou,卷五,LIVRE V,僖公,Hi,218.0,僖公三十三年,TRENTE TROISIÈME ANNÉE,626.0,齐侯使国归父来聘。,"Kouo Kouei fou (Kouo Tchouang tseu), envoyé du prince de  Ts’i, vint faire visite au prince de Lou."
597,春秋,Tch'ouen Ts'iou,卷五,LIVRE V,僖公,Hi,219.0,僖公三十三年,TRENTE TROISIÈME ANNÉE,626.0,夏四月辛巳，晋人及姜戎败秦师于殽。,"En été, au quatrième mois, le jour sīn séu, les soldats de Tsin et les barbares Kiang Joung battirent l’armée de Ts’in à Hiao."
598,春秋,Tch'ouen Ts'iou,卷五,LIVRE V,僖公,Hi,220.0,僖公三十三年,TRENTE TROISIÈME ANNÉE,626.0,癸巳，葬晋文公。,"Le jour kouèi séu, ou enterra Ouen koung, prince de Tsin."
599,春秋,Tch'ouen Ts'iou,卷五,LIVRE V,僖公,Hi,221.0,僖公三十三年,TRENTE TROISIÈME ANNÉE,626.0,狄侵齐。,Les Ti envahirent Ts’i.
600,春秋,Tch'ouen Ts'iou,卷五,LIVRE V,僖公,Hi,222.0,僖公三十三年,TRENTE TROISIÈME ANNÉE,626.0,公伐邾，取訾娄。,Le prince de Lou attaqua Tchou et prit Tseu leou.
601,春秋,Tch'ouen Ts'iou,卷五,LIVRE V,僖公,Hi,223.0,僖公三十三年,TRENTE TROISIÈME ANNÉE,626.0,秋，公子遂帅师伐邾。,"En automne, Souei, de la famille princière de Lou, à la tête d’une armée, attaqua Tchou."
602,春秋,Tch'ouen Ts'iou,卷五,LIVRE V,僖公,Hi,224.0,僖公三十三年,TRENTE TROISIÈME ANNÉE,626.0,晋人败狄于箕。,L’armée de Tsin battit les Ti près de Ki.
603,春秋,Tch'ouen Ts'iou,卷五,LIVRE V,僖公,Hi,225.0,僖公三十三年,TRENTE TROISIÈME ANNÉE,626.0,冬十月，公如齐。十有二月，公至自齐。乙巳，公薨于小寝。陨霜不杀草，李、梅实。,"(Au onzième ou au douzième mois, octobre ou novembre) il y eut du givre ; il ne fit pas périr les plantes, ne gâta pas les deux sortes de poires."
604,春秋,Tch'ouen Ts'iou,卷五,LIVRE V,僖公,Hi,226.0,僖公三十三年,TRENTE TROISIÈME ANNÉE,626.0,晋人、陈人、郑人伐许。,"Les troupes de Tsin, de Tch’en et de Tcheng attaquèrent Hiu."
605,春秋,Tch'ouen Ts'iou,卷六,LIVRE VI,文公,Ouen,1.0,文公元年,PREMIÈRE ANNÉE,625.0,元年春，王正月，公即位。,"En automne, au premier mois selon le calendrier impérial (décembre-janvier), Ouen koung succéda à son père."
606,春秋,Tch'ouen Ts'iou,卷六,LIVRE VI,文公,Ouen,2.0,文公元年,PREMIÈRE ANNÉE,625.0,二月癸亥，日有食之。,"Au deuxième mois, le jour kouèi hái, il arriva que le soleil fut éclipsé."
607,春秋,Tch'ouen Ts'iou,卷六,LIVRE VI,文公,Ouen,3.0,文公元年,PREMIÈRE ANNÉE,625.0,天王使叔服来会葬。,"Chou Fou, envoyé par le fils du ciel, vint pour assister à l’enterrement de Hi koung."
608,春秋,Tch'ouen Ts'iou,卷六,LIVRE VI,文公,Ouen,4.0,文公元年,PREMIÈRE ANNÉE,625.0,夏四月丁巳，葬我君僖公。,"En été, au quatrième mois, le jour tīng séu, on enterra notre prince Hi koung."
609,春秋,Tch'ouen Ts'iou,卷六,LIVRE VI,文公,Ouen,5.0,文公元年,PREMIÈRE ANNÉE,625.0,天王使毛伯来锡公命。,"Le prince de Mao, envoyé par le fils du ciel, vint conférer à Ouen koung le titre de heôu chef de la principauté de Lou."
610,春秋,Tch'ouen Ts'iou,卷六,LIVRE VI,文公,Ouen,6.0,文公元年,PREMIÈRE ANNÉE,625.0,晋侯伐卫。,Le prince de Tsin attaqua Ouei.
611,春秋,Tch'ouen Ts'iou,卷六,LIVRE VI,文公,Ouen,7.0,文公元年,PREMIÈRE ANNÉE,625.0,叔孙得臣如京师。,"Te Tch’en, petit fils de Chou Ia, alla à la capitale de l’empire."
612,春秋,Tch'ouen Ts'iou,卷六,LIVRE VI,文公,Ouen,8.0,文公元年,PREMIÈRE ANNÉE,625.0,卫人伐晋。,L’armée de Ouei attaqua Tsin.
613,春秋,Tch'ouen Ts'iou,卷六,LIVRE VI,文公,Ouen,9.0,文公元年,PREMIÈRE ANNÉE,625.0,秋，公孙敖会晋侯于戚。,"En automne, Koung suen Ngao, grand préfet de Lou, conféra avec le prince de Tsin à Ts’i."
614,春秋,Tch'ouen Ts'iou,卷六,LIVRE VI,文公,Ouen,10.0,文公元年,PREMIÈRE ANNÉE,625.0,冬十月丁未，楚世子商臣弑其君頵。,"En hiver, au dixième mois, le jour tīng ouéi, Chang tch’en, héritier présomptif du prince de Tch’ou, fit mourir Kiun (Tch’êng ouâng), son père et son prince."
615,春秋,Tch'ouen Ts'iou,卷六,LIVRE VI,文公,Ouen,11.0,文公元年,PREMIÈRE ANNÉE,625.0,公孙敖如齐。,Koung suen Ngao alla à Ts’i.
616,春秋,Tch'ouen Ts'iou,卷六,LIVRE VI,文公,Ouen,12.0,文公二年,DEUXIÈME ANNÉE,624.0,二年春，王二月甲子，晋侯及秦师战于彭衙，秦师败绩。,"Au printemps, au deuxième mois selon le calendrier impérial (janvier-février), le jour kiă tsèu, le prince de Tsin combattit contre l’armée de Ts’in à P’eng ia. L’armée de Ts’in fut complètement défaite."
617,春秋,Tch'ouen Ts'iou,卷六,LIVRE VI,文公,Ouen,13.0,文公二年,DEUXIÈME ANNÉE,624.0,丁丑，作僖公主。,"Le jour tīng tch’eòu, on fit la tablette de Hi koung, prince de Lou."
618,春秋,Tch'ouen Ts'iou,卷六,LIVRE VI,文公,Ouen,14.0,文公二年,DEUXIÈME ANNÉE,624.0,三月乙巳，及晋处父盟。,"Au troisième mois, le jour ĭ séu, le prince de Lou fit un traité avec Tch’ou fou de Tsin."
619,春秋,Tch'ouen Ts'iou,卷六,LIVRE VI,文公,Ouen,15.0,文公二年,DEUXIÈME ANNÉE,624.0,夏六月，公孙敖会宋公、陈侯、郑伯、晋士縠盟于垂陇。,"En été, au sixième mois, Koung suen Ngao (qui gouvernait la principauté de Lou en l’absence du prince) alla trouver les princes de Soung, de Tch’en, de Tcheng et Cheu Hou de Tsin, et fit un traité avec eux à Chouei loung, sur le territoire de Tcheng."
620,春秋,Tch'ouen Ts'iou,卷六,LIVRE VI,文公,Ouen,16.0,文公二年,DEUXIÈME ANNÉE,624.0,自十有二月不雨，至于秋七月。,"Depuis le douzième mois de l’année précédente jusqu’au septième mois de cette année, en automne, il ne tomba pas de pluie."
621,春秋,Tch'ouen Ts'iou,卷六,LIVRE VI,文公,Ouen,17.0,文公二年,DEUXIÈME ANNÉE,624.0,八月丁卯，大事于大庙，跻僖公。,"Au huitième mois, le jour tīng maò, eurent lieu les grandes offrandes dans la salle du premier des ancêtres. On mit Hi koung avant Mîn kōung, son prédécesseur."
622,春秋,Tch'ouen Ts'iou,卷六,LIVRE VI,文公,Ouen,18.0,文公二年,DEUXIÈME ANNÉE,624.0,冬，晋人、宋人、陈人、郑人伐秦。,"En hiver, les troupes de Tsin, de Soung, de Tch’en et de Tcheng attaquèrent Ts’in."
623,春秋,Tch'ouen Ts'iou,卷六,LIVRE VI,文公,Ouen,19.0,文公二年,DEUXIÈME ANNÉE,624.0,公子遂如齐纳币。,"Souei, fils de Tchouāng kōung, alla à Ts’i porter les présents de noces."
624,春秋,Tch'ouen Ts'iou,卷六,LIVRE VI,文公,Ouen,20.0,文公三年,TROISIÈME ANNÉE,623.0,三年春，王正月，叔孙得臣会晋人、宋人、陈人、卫人、郑人伐沈。沈溃。,"Au printemps, au premier mois selon le calendrier impérial (décembre-janvier), Chou suen Te tch’en de Lou se joignit aux officiers de Tsin, de Soung, de Tch’en, de Ouei et de Tcheng, pour attaquer la petite principauté de Chen. Les habitants de Chen se dispersèrent."
625,春秋,Tch'ouen Ts'iou,卷六,LIVRE VI,文公,Ouen,21.0,文公三年,TROISIÈME ANNÉE,623.0,夏五月，王子虎卒。,"En été, au cinquième mois, arriva la mort du prince impérial Hou."
626,春秋,Tch'ouen Ts'iou,卷六,LIVRE VI,文公,Ouen,22.0,文公三年,TROISIÈME ANNÉE,623.0,秦人伐晋。,L’armée de Ts’in attaqua Tsin.
627,春秋,Tch'ouen Ts'iou,卷六,LIVRE VI,文公,Ouen,23.0,文公三年,TROISIÈME ANNÉE,623.0,秋，楚人围江。,"En automne, l’armée de Tch’ou assiégea Kiang."
628,春秋,Tch'ouen Ts'iou,卷六,LIVRE VI,文公,Ouen,24.0,文公三年,TROISIÈME ANNÉE,623.0,雨螽于宋。,Il tomba une pluie de sauterelles dans la principauté de Soung.
629,春秋,Tch'ouen Ts'iou,卷六,LIVRE VI,文公,Ouen,25.0,文公三年,TROISIÈME ANNÉE,623.0,冬，公如晋。十有二月己巳，公及晋侯盟。,"En hiver, le prince de Lou alla à Tsin. Au douzième mois ; le jour kì séu, il fit un traité avec le prince de Tsin."
630,春秋,Tch'ouen Ts'iou,卷六,LIVRE VI,文公,Ouen,26.0,文公三年,TROISIÈME ANNÉE,623.0,晋阳处父帅师伐楚以救江。,"Iang Tch’ou fou de Tsin, à la fête d’une armée, envahit Tch’ou, pour délivrer Kiang."
631,春秋,Tch'ouen Ts'iou,卷六,LIVRE VI,文公,Ouen,27.0,文公四年,QUATRIÈME ANNÉE,622.0,四年春，公至自晋。,"Au printemps, le prince de Lou arriva de Tsin."
632,春秋,Tch'ouen Ts'iou,卷六,LIVRE VI,文公,Ouen,28.0,文公四年,QUATRIÈME ANNÉE,622.0,夏，逆妇姜于齐。,"En été, le prince de Lou envoya à Ts’i chercher Kiang cheu, sa fiancée."
633,春秋,Tch'ouen Ts'iou,卷六,LIVRE VI,文公,Ouen,29.0,文公四年,QUATRIÈME ANNÉE,622.0,狄侵齐。,Les Barbares Ti envahirent Ts’i.
634,春秋,Tch'ouen Ts'iou,卷六,LIVRE VI,文公,Ouen,30.0,文公四年,QUATRIÈME ANNÉE,622.0,秋，楚人灭江。,"En automne, l’armée de Tch’ou détruisit Kiang."
635,春秋,Tch'ouen Ts'iou,卷六,LIVRE VI,文公,Ouen,31.0,文公四年,QUATRIÈME ANNÉE,622.0,晋侯伐秦。,Le prince de Tsin envahit Ts’in.
636,春秋,Tch'ouen Ts'iou,卷六,LIVRE VI,文公,Ouen,32.0,文公四年,QUATRIÈME ANNÉE,622.0,卫侯使甯俞来聘。,Le prince de Ouei envoya Ning Iu (Ou tseu) faire une visite d’amitié au prince de Lou.
637,春秋,Tch'ouen Ts'iou,卷六,LIVRE VI,文公,Ouen,33.0,文公四年,QUATRIÈME ANNÉE,622.0,冬十有一月壬寅，夫人风氏薨。,"En hiver, au onzième mois, le jour jên în, Foung cheu, femme de Tchouāng kōung, prince de Lou, mourut."
638,春秋,Tch'ouen Ts'iou,卷六,LIVRE VI,文公,Ouen,34.0,文公五年,CINQUIÈME ANNÉE,621.0,五年春，王正月，王使荣叔归含，且赗。,"Au printemps, au premier mois selon le calendrier impérial (décembre-janvier), l’empereur envoya Ioung chou à Lou donner des perles pour mettre dans la bouche de la princesse Tch’eng Foung ; puis offrir des voitures, des chevaux et d’autres choses pour les funérailles."
639,春秋,Tch'ouen Ts'iou,卷六,LIVRE VI,文公,Ouen,35.0,文公五年,CINQUIÈME ANNÉE,621.0,三月辛亥，葬我小君成风。王使召伯来会葬。,"Au troisième mois, le jour sīn hái, on enterra notre princesse Tch’eng Foung. L’empereur envoya le prince de Chao assister à l’enterrement."
640,春秋,Tch'ouen Ts'iou,卷六,LIVRE VI,文公,Ouen,36.0,文公五年,CINQUIÈME ANNÉE,621.0,夏，公孙敖如晋。,"En été, Koung suen Ngao, envoyé par le prince de Lou, alla à Tsin."
641,春秋,Tch'ouen Ts'iou,卷六,LIVRE VI,文公,Ouen,37.0,文公五年,CINQUIÈME ANNÉE,621.0,秦人入鄀。,L’armée de Ts’in entra dans Jo.
642,春秋,Tch'ouen Ts'iou,卷六,LIVRE VI,文公,Ouen,38.0,文公五年,CINQUIÈME ANNÉE,621.0,秋，楚人灭六。,"En automne, l’armée de Tch’ou mit fin à la petite principauté de Lou (Liou)."
643,春秋,Tch'ouen Ts'iou,卷六,LIVRE VI,文公,Ouen,39.0,文公五年,CINQUIÈME ANNÉE,621.0,冬十月甲申，许男业卒。,"En hiver, le (Hī kōung), prince de Hiu, mourut."
644,春秋,Tch'ouen Ts'iou,卷六,LIVRE VI,文公,Ouen,40.0,文公六年,SIXIÈME ANNÉE,620.0,六年春，葬许僖公。,"Au printemps, on enterra Hi koung, prince de Hiu."
645,春秋,Tch'ouen Ts'iou,卷六,LIVRE VI,文公,Ouen,41.0,文公六年,SIXIÈME ANNÉE,620.0,夏，季孙行父如陈。,"En été, Ki suen Hang fou de Lou alla à Tch’en."
646,春秋,Tch'ouen Ts'iou,卷六,LIVRE VI,文公,Ouen,42.0,文公六年,SIXIÈME ANNÉE,620.0,秋，季孙行父如晋。,"En automne, Ki suen Hang fou alla à Tsin."
647,春秋,Tch'ouen Ts'iou,卷六,LIVRE VI,文公,Ouen,43.0,文公六年,SIXIÈME ANNÉE,620.0,八月乙亥，晋侯驩卒。,"Au huitième mois, le jour ĭ hái, Houan (Siang koung), prince de Tsin, mourut."
648,春秋,Tch'ouen Ts'iou,卷六,LIVRE VI,文公,Ouen,44.0,文公六年,SIXIÈME ANNÉE,620.0,冬十月，公子遂如晋，葬晋襄公。,"En hiver, au dixième mois, Souei (Siang tchoung), fils du prince Tchouāng de Lou, alla à Tsin, assister à l’enterrement. de Siang koung, prince de Tsin."
649,春秋,Tch'ouen Ts'iou,卷六,LIVRE VI,文公,Ouen,45.0,文公六年,SIXIÈME ANNÉE,620.0,晋杀其大夫阳处父。晋狐射姑出奔狄。,Tsin mit à mort son grand préfet Iang Tch’ou fou. Hou I kou de Tsin s’enfuit chez les Ti.
650,春秋,Tch'ouen Ts'iou,卷六,LIVRE VI,文公,Ouen,46.0,文公六年,SIXIÈME ANNÉE,620.0,闰月，不告月，犹朝于庙。,"Le premier du mois intercalaire, le prince de Lou n’annonça pas dans le temple des ancêtres ce qui aurait lieu durant le mois. Cependant il alla honorer ses ancêtres dans leur temple."
651,春秋,Tch'ouen Ts'iou,卷六,LIVRE VI,文公,Ouen,47.0,文公七年,SEPTIÈME ANNEE.,619.0,七年春，公伐邾。,"Au printemps, le prince de Lou attaqua Tchou."
652,春秋,Tch'ouen Ts'iou,卷六,LIVRE VI,文公,Ouen,48.0,文公七年,SEPTIÈME ANNEE.,619.0,三月甲戌，取须句。遂城郚。,"Au troisième mois, le jour kiă siŭ, le prince de Lou prit Siu keou. Puis il fortifia Ou, ville de Lou."
653,春秋,Tch'ouen Ts'iou,卷六,LIVRE VI,文公,Ouen,49.0,文公七年,SEPTIÈME ANNEE.,619.0,夏四月，宋公王臣卒。,"En été, au quatrième mois, Ouang tch’en (Tch’êng kōung), prince de Soung, mourut."
654,春秋,Tch'ouen Ts'iou,卷六,LIVRE VI,文公,Ouen,50.0,文公七年,SEPTIÈME ANNEE.,619.0,戊子，晋人及秦人战于令狐。晋先蔑奔秦。,"Le jour meóu tsèu, les armées de Tsin et de Ts’in combattirent l’une contre l’autre à Ling hou, sur le territoire de Tsin. Sien Mie de Tsin s’enfuit a Ts’in."
655,春秋,Tch'ouen Ts'iou,卷六,LIVRE VI,文公,Ouen,51.0,文公七年,SEPTIÈME ANNEE.,619.0,狄侵我西鄙。,Les Ti envahirent nos frontières occidentales.
656,春秋,Tch'ouen Ts'iou,卷六,LIVRE VI,文公,Ouen,52.0,文公七年,SEPTIÈME ANNEE.,619.0,秋八月，公会诸侯、晋大夫，盟于扈。,"En automne, au huitième mois, le prince de Lou alla trouver plusieurs princes et un grand préfet de Tsin ; il fit avec eux un traité à Hou, sur le territoire de Tcheng."
657,春秋,Tch'ouen Ts'iou,卷六,LIVRE VI,文公,Ouen,53.0,文公七年,SEPTIÈME ANNEE.,619.0,冬，徐伐莒。,"En hiver, Siu envahit Kiu."
658,春秋,Tch'ouen Ts'iou,卷六,LIVRE VI,文公,Ouen,54.0,文公七年,SEPTIÈME ANNEE.,619.0,公孙敖如莒涖盟。,Koung suen Ngao alla à Kiu faire un traité.
659,春秋,Tch'ouen Ts'iou,卷六,LIVRE VI,文公,Ouen,55.0,文公八年,HUITIÈME ANNÉE,618.0,八年春，王正月。,"Au printemps, au premier mois selon le calendrier impérial (décembre-janvier)."
660,春秋,Tch'ouen Ts'iou,卷六,LIVRE VI,文公,Ouen,56.0,文公八年,HUITIÈME ANNÉE,618.0,夏四月。,"En été, au quatrième mois."
661,春秋,Tch'ouen Ts'iou,卷六,LIVRE VI,文公,Ouen,57.0,文公八年,HUITIÈME ANNÉE,618.0,秋八月戊申，天王崩。,"En automne, au huitième mois, le jour meóu chēn, l’empereur Siang ouang mourut."
662,春秋,Tch'ouen Ts'iou,卷六,LIVRE VI,文公,Ouen,58.0,文公八年,HUITIÈME ANNÉE,618.0,冬十月壬午，公子遂会晋赵盾，盟于衡雍。,"En hiver, au dixième mois, le jour jên òu, Souei, fils du prince Tchouāng de Lou, alla trouver Tchao Touen de Tsin, et fit avec lui un traité à Heng ioung, près de Hóu."
663,春秋,Tch'ouen Ts'iou,卷六,LIVRE VI,文公,Ouen,59.0,文公八年,HUITIÈME ANNÉE,618.0,乙酉，公子遂会雒戎，盟于暴。,"Le jour ĭ iòu, Souei, fils du prince Tchouang de Lou, alla trouver les Joung de Lo (ou I lo), et fit un traité avec eux à Pao, sur le territoire de Tchéng."
664,春秋,Tch'ouen Ts'iou,卷六,LIVRE VI,文公,Ouen,60.0,文公八年,HUITIÈME ANNÉE,618.0,公孙敖如京师，不至而复。丙戌，奔莒。,"Koung suen Ngao (Mou pe de Lou) prit le chemin de la capitale de l’empire. Avant d’y arriver, il retourna sur ses pas. Le jour pìng siŭ, il s’enfuit à Kiu."
665,春秋,Tch'ouen Ts'iou,卷六,LIVRE VI,文公,Ouen,61.0,文公八年,HUITIÈME ANNÉE,618.0,螽。,Il y eut des sauterelles.
666,春秋,Tch'ouen Ts'iou,卷六,LIVRE VI,文公,Ouen,62.0,文公八年,HUITIÈME ANNÉE,618.0,宋人杀其大夫司马，宋司城来奔。,"Les habitants de Soung mirent à mort leur grand préfet, le ministre de la guerre. Le ministre des travaux publics de Soung vint se réfugier à Lou."
667,春秋,Tch'ouen Ts'iou,卷六,LIVRE VI,文公,Ouen,63.0,文公九年,NEUVIÈME ANNÉE,617.0,九年春，毛伯来求金。,"Au printemps, le prince de Mao vint à Lou demander une contribution (pour l’enterrement de l’empereur Siāng ouang)."
668,春秋,Tch'ouen Ts'iou,卷六,LIVRE VI,文公,Ouen,64.0,文公九年,NEUVIÈME ANNÉE,617.0,夫人姜氏如齐。,"Kiang cheu, femme du prince de Lou, alla à Ts’i faire visite à ses parents."
669,春秋,Tch'ouen Ts'iou,卷六,LIVRE VI,文公,Ouen,65.0,文公九年,NEUVIÈME ANNÉE,617.0,二月，叔孙得臣如京师。辛丑，葬襄王。,"Au deuxième mois Chou suen Te tch’en (Tchouang chou) alla à Tcheou, à la capitale de l’empire, assister à l’enterrement de Siang ouang ;. Le jour sīn tch’eòu, on enterra Siang ouang."
670,春秋,Tch'ouen Ts'iou,卷六,LIVRE VI,文公,Ouen,66.0,文公九年,NEUVIÈME ANNÉE,617.0,晋人杀其大夫先都。,Les habitants de Tsin mirent à mort leur grand préfet Sien Tou.
671,春秋,Tch'ouen Ts'iou,卷六,LIVRE VI,文公,Ouen,67.0,文公九年,NEUVIÈME ANNÉE,617.0,三月，夫人姜氏至自齐。,"Au troisième mois, Kiang cheu, femme du prince de Lou, arriva de Ts’i."
672,春秋,Tch'ouen Ts'iou,卷六,LIVRE VI,文公,Ouen,68.0,文公九年,NEUVIÈME ANNÉE,617.0,晋人杀其大夫士縠及箕郑父。,"Les habitants de Tsin mirent à mort leur grand préfet Cheu Hou, ainsi que Ki Tcheng fou."
673,春秋,Tch'ouen Ts'iou,卷六,LIVRE VI,文公,Ouen,69.0,文公九年,NEUVIÈME ANNÉE,617.0,楚人伐郑。公子遂会晋人、宋人、卫人、许人救郑。,"L’armée de Tch’ou envahit Tcheng. Souei, fils de Tchouāng kōung de Lou, joignit ses troupes à celles de Tsin, de Soung, de Ouei et de Hiu, pour secourir Tcheng."
674,春秋,Tch'ouen Ts'iou,卷六,LIVRE VI,文公,Ouen,70.0,文公九年,NEUVIÈME ANNÉE,617.0,夏，狄侵齐。,"En été, les Ti envahirent Ts’i."
675,春秋,Tch'ouen Ts'iou,卷六,LIVRE VI,文公,Ouen,71.0,文公九年,NEUVIÈME ANNÉE,617.0,秋八月，曹伯襄卒。,"En automne, au huitième mois, Siang, prince de Ts’ao, mourut."
676,春秋,Tch'ouen Ts'iou,卷六,LIVRE VI,文公,Ouen,72.0,文公九年,NEUVIÈME ANNÉE,617.0,九月癸酉，地震。,"Au neuvième mois, le jour kouèi iòu, la terre trembla."
677,春秋,Tch'ouen Ts'iou,卷六,LIVRE VI,文公,Ouen,73.0,文公九年,NEUVIÈME ANNÉE,617.0,冬，楚子使椒来聘。,"En hiver, le prince de Tch’ou envoya Tsiao (Tseu iue Tsiao) faire une visite d’amitié au prince de Lou."
678,春秋,Tch'ouen Ts'iou,卷六,LIVRE VI,文公,Ouen,74.0,文公九年,NEUVIÈME ANNÉE,617.0,秦人来归僖公、成风之襚。,Les envoyés de Ts’in apportèrent à Lou des vêtements pour parer les corps de Hi koung (enterré la première année de Ouen koung) et de Tch’eng Foung (femme de Tchouāng kōung et enterrée la cinquième année de Ouen koung. Il était un peu tard).
679,春秋,Tch'ouen Ts'iou,卷六,LIVRE VI,文公,Ouen,75.0,文公九年,NEUVIÈME ANNÉE,617.0,葬曹共公。,"On enterra Koung koung, prince de Ts’ao."
680,春秋,Tch'ouen Ts'iou,卷六,LIVRE VI,文公,Ouen,76.0,文公十年,DIXIÈME ANNÉE,616.0,十年春，王正月辛卯，臧孙辰卒。,"Au printemps, au troisième mois selon le calendrier impérial (février-mars), Tsang suen Tch’en mourut."
681,春秋,Tch'ouen Ts'iou,卷六,LIVRE VI,文公,Ouen,77.0,文公十年,DIXIÈME ANNÉE,616.0,夏，秦伐晋。,"En été, Ts’in envahit Tsin."
682,春秋,Tch'ouen Ts'iou,卷六,LIVRE VI,文公,Ouen,78.0,文公十年,DIXIÈME ANNÉE,616.0,楚杀其大夫宜申。,Tch’ou mit à mort son grand préfet I chen (Tseu si).
683,春秋,Tch'ouen Ts'iou,卷六,LIVRE VI,文公,Ouen,79.0,文公十年,DIXIÈME ANNÉE,616.0,自正月不雨，至于秋七月。,"Depuis le premier mois de l’année jusqu’au septième mois en automne, il n’y eut pas de pluie."
684,春秋,Tch'ouen Ts'iou,卷六,LIVRE VI,文公,Ouen,80.0,文公十年,DIXIÈME ANNÉE,616.0,及苏子盟于女栗。,"Le prince de Lou fit un traité à Jou li avec Sou tseu, envoyé de l’empereur."
685,春秋,Tch'ouen Ts'iou,卷六,LIVRE VI,文公,Ouen,81.0,文公十年,DIXIÈME ANNÉE,616.0,冬，狄侵宋。,"En hiver, les Ti envahirent Soung."
686,春秋,Tch'ouen Ts'iou,卷六,LIVRE VI,文公,Ouen,82.0,文公十年,DIXIÈME ANNÉE,616.0,楚子、蔡侯次于厥貉。,Les princes de Tch’ou et de Ts’ai stationnèrent à Kiue me.
687,春秋,Tch'ouen Ts'iou,卷六,LIVRE VI,文公,Ouen,83.0,文公十一年,ONZIÈME ANNÉE,615.0,十有一年春，楚子伐麇。,"Au printemps, le prince de Tch’ou envahit Kiun, (parce que le prince de Kiun avait quitté furtivement Kiue me."
688,春秋,Tch'ouen Ts'iou,卷六,LIVRE VI,文公,Ouen,84.0,文公十一年,ONZIÈME ANNÉE,615.0,夏，叔彭生会晋郤缺于承筐。,"En été, Chou tchoung P’eng cheng (Houei pe) alla trouver K’io K’iue de Tsin à Tch’eng k’ouang."
689,春秋,Tch'ouen Ts'iou,卷六,LIVRE VI,文公,Ouen,85.0,文公十一年,ONZIÈME ANNÉE,615.0,秋，曹伯来朝。,"En automne, Ouen koung, prince de Ts’ao, vint saluer le prince de Iou."
690,春秋,Tch'ouen Ts'iou,卷六,LIVRE VI,文公,Ouen,86.0,文公十一年,ONZIÈME ANNÉE,615.0,公子遂如宋。,Koung tseu Souei de Lou alla à Soung.
691,春秋,Tch'ouen Ts'iou,卷六,LIVRE VI,文公,Ouen,87.0,文公十一年,ONZIÈME ANNÉE,615.0,狄侵齐。,Les Ti envahirent Ts’i.
692,春秋,Tch'ouen Ts'iou,卷六,LIVRE VI,文公,Ouen,88.0,文公十一年,ONZIÈME ANNÉE,615.0,冬十月甲午，叔孙得臣败狄于鹹。,"En hiver, au dixième mois, le jour kiă òu, Chou suen Te tch’en défit les Ti à Hien, sur le territoire de Lou."
693,春秋,Tch'ouen Ts'iou,卷六,LIVRE VI,文公,Ouen,89.0,文公十二年,DOUZIÈME ANNÉE,614.0,十有二年春，王正月，郕伯来奔。,"Au printemps, au premier mois selon le calendrier impérial, le prince de Tch’eng (nommé Tchou jou) vint se réfugier à Lou."
694,春秋,Tch'ouen Ts'iou,卷六,LIVRE VI,文公,Ouen,90.0,文公十二年,DOUZIÈME ANNÉE,614.0,杞伯来朝。,Le prince de K’i vint saluer le prince de Lou.
695,春秋,Tch'ouen Ts'iou,卷六,LIVRE VI,文公,Ouen,91.0,文公十二年,DOUZIÈME ANNÉE,614.0,二月庚子，子叔姬卒。,"Au deuxième mois, le jour kēng tsèu, Ki, la seconde fille du prince Hi de Lou, mourut."
696,春秋,Tch'ouen Ts'iou,卷六,LIVRE VI,文公,Ouen,92.0,文公十二年,DOUZIÈME ANNÉE,614.0,夏，楚人围巢。,"En été, l’armée de Tch’ou assiégea Tch’ao."
697,春秋,Tch'ouen Ts'iou,卷六,LIVRE VI,文公,Ouen,93.0,文公十二年,DOUZIÈME ANNÉE,614.0,秋，滕子来朝。,"En automne, le prince de T’eng, vint faire visite au prince de Lou."
698,春秋,Tch'ouen Ts'iou,卷六,LIVRE VI,文公,Ouen,94.0,文公十二年,DOUZIÈME ANNÉE,614.0,秦伯使术来聘。,Le prince de Ts’in envoya Chou faire une visite d’amitié au prince de Lou.
699,春秋,Tch'ouen Ts'iou,卷六,LIVRE VI,文公,Ouen,95.0,文公十二年,DOUZIÈME ANNÉE,614.0,冬十有二月戊午，晋人、秦人战于河曲。,"En hiver, au douzième mois, le jour meóu òu, l’armée de Tsin et celle de Ts’in combattirent à Ho k’iu, (sur le territoire de Tsin. Elles se rencontrèrent, mais ne combattirent pas)."
700,春秋,Tch'ouen Ts'iou,卷六,LIVRE VI,文公,Ouen,96.0,文公十二年,DOUZIÈME ANNÉE,614.0,季孙行父帅师城诸及郓。,"Ki suen Hang fou, à la tête d’une armée, fortifia Tchou et Mun, pour garantir Lou contre Kiù."
701,春秋,Tch'ouen Ts'iou,卷六,LIVRE VI,文公,Ouen,97.0,文公十三年,TREIZIÈME ANNÉE,613.0,十有三年春，王正月。,"Au printemps, au premier mois selon le calendrier impérial (décembre-janvier)."
702,春秋,Tch'ouen Ts'iou,卷六,LIVRE VI,文公,Ouen,98.0,文公十三年,TREIZIÈME ANNÉE,613.0,夏五月壬午，陈侯朔卒。,"En été, au cinquième mois, le jour jên óu, Chouo, prince de Tch’en, mourut."
703,春秋,Tch'ouen Ts'iou,卷六,LIVRE VI,文公,Ouen,99.0,文公十三年,TREIZIÈME ANNÉE,613.0,邾子蘧蒢卒。,"K’iu Tch’ou (Ouen koung), prince de Tchou, mourut."
704,春秋,Tch'ouen Ts'iou,卷六,LIVRE VI,文公,Ouen,100.0,文公十三年,TREIZIÈME ANNÉE,613.0,自正月不雨至于秋七月。,"Depuis le premier mois de l’année jusqu’au septième mois en automne, la pluie manqua."
705,春秋,Tch'ouen Ts'iou,卷六,LIVRE VI,文公,Ouen,101.0,文公十三年,TREIZIÈME ANNÉE,613.0,大室屋坏。,Le toit de la principale salle du temple des ancêtres s’écroula.
706,春秋,Tch'ouen Ts'iou,卷六,LIVRE VI,文公,Ouen,102.0,文公十三年,TREIZIÈME ANNÉE,613.0,冬，公如晋。卫侯会公于沓。,"En hiver, le prince de Lou alla à Tsin. Le prince de Ouei alla trouver le prince de Lou à Ta. (On ignore où était Ta)."
707,春秋,Tch'ouen Ts'iou,卷六,LIVRE VI,文公,Ouen,103.0,文公十三年,TREIZIÈME ANNÉE,613.0,狄侵卫。,Les Ti envahirent Ouei.
708,春秋,Tch'ouen Ts'iou,卷六,LIVRE VI,文公,Ouen,104.0,文公十三年,TREIZIÈME ANNÉE,613.0,十有二月己丑，公及晋侯盟。公还自晋。郑伯会公于棐。,"Au douzième mois, le jour kì tch’eòu, le prince de Lou et le prince de Tsin firent un traité. Comme le prince de Lou revenait de Tsin, le prince de Tcheng alla le trouver à Fei, sur le territoire de Tcheng."
709,春秋,Tch'ouen Ts'iou,卷六,LIVRE VI,文公,Ouen,105.0,文公十四年,QUATORZIÈME ANNÉE,612.0,十有四年春，王正月，公至自晋。,"Au printemps, au premier mois selon le calendrier impérial (décembre-janvier), le prince de Lou arriva de Tsin."
710,春秋,Tch'ouen Ts'iou,卷六,LIVRE VI,文公,Ouen,106.0,文公十四年,QUATORZIÈME ANNÉE,612.0,邾人伐我南鄙。叔彭生帅师伐邾。,"Une armée de Tchou envahit nos frontières méridionales. Choa P’eng cheng, à la tête d’une armée, attaqua Tchou."
711,春秋,Tch'ouen Ts'iou,卷六,LIVRE VI,文公,Ouen,107.0,文公十四年,QUATORZIÈME ANNÉE,612.0,夏五月乙亥，齐侯潘卒。,"En été, au cinquième mois, le jour ĭ hái, P’an (Tchao koung), prince de Ts’i, mourut."
712,春秋,Tch'ouen Ts'iou,卷六,LIVRE VI,文公,Ouen,108.0,文公十四年,QUATORZIÈME ANNÉE,612.0,六月，公会宋公、陈侯、卫侯、郑伯、许男、曹伯、晋赵盾，癸酉，同盟于新城。,"Au sixième mois, le prince de Lou alla trouver les princes de Soung, de Tch’en, de Ouei, de Tcheng, de Hiu, de Ts’ao, et Tchao Touen de Tsin ; le jour kouèi iòu, il fit un traité avec eux à Siu tch’eng, sur le territoire de Soung."
713,春秋,Tch'ouen Ts'iou,卷六,LIVRE VI,文公,Ouen,109.0,文公十四年,QUATORZIÈME ANNÉE,612.0,秋七月，有星孛入于北斗。,"En automne, au septième mois, parut une comète dans la Grande Ourse."
714,春秋,Tch'ouen Ts'iou,卷六,LIVRE VI,文公,Ouen,110.0,文公十四年,QUATORZIÈME ANNÉE,612.0,公至自会。,Le prince de Lou arriva de la réunion des princes.
715,春秋,Tch'ouen Ts'iou,卷六,LIVRE VI,文公,Ouen,111.0,文公十四年,QUATORZIÈME ANNÉE,612.0,晋人纳捷菑于邾，弗克纳。,"Les officiers de Tsin conduisirent Tsie tcheu à Tchou, pour l’élever au pouvoir ; ce fut sans succès."
716,春秋,Tch'ouen Ts'iou,卷六,LIVRE VI,文公,Ouen,112.0,文公十四年,QUATORZIÈME ANNÉE,612.0,九月甲申，公孙敖卒于齐。,"Au neuvième mois, le jour kiă chēn, Koung suen Ngao (Mou pe) mourut à Ts’i."
717,春秋,Tch'ouen Ts'iou,卷六,LIVRE VI,文公,Ouen,113.0,文公十四年,QUATORZIÈME ANNÉE,612.0,齐公子商人弑其君舍。,"(On annonça officiellement à Lou que Koung tseu Chang jen (qui devint I koung, prince) de Ts’i avait mis à mort son prince Che."
718,春秋,Tch'ouen Ts'iou,卷六,LIVRE VI,文公,Ouen,114.0,文公十四年,QUATORZIÈME ANNÉE,612.0,宋子哀来奔。,Tseu ngai de Soung vint se réfugier à Lou.
719,春秋,Tch'ouen Ts'iou,卷六,LIVRE VI,文公,Ouen,115.0,文公十四年,QUATORZIÈME ANNÉE,612.0,冬，单伯如齐。齐人执单伯。,"En hiver, le prince de Chan, ministre d’État de l’empereur, alla à Ts’i, intercéder en faveur de Lou. Les officiers de Ts’i le retinrent prisonnier."
720,春秋,Tch'ouen Ts'iou,卷六,LIVRE VI,文公,Ouen,116.0,文公十四年,QUATORZIÈME ANNÉE,612.0,齐人执子叔姬。,Les officiers de Ts’i retinrent prisonnière Tseu Chou Ki.
721,春秋,Tch'ouen Ts'iou,卷六,LIVRE VI,文公,Ouen,117.0,文公十五年,QUINZIÈME ANNÉE,611.0,十有五年春，季孙行父如晋。,"Au printemps, Ki suen Hang fou de Lou alla à Tsin."
722,春秋,Tch'ouen Ts'iou,卷六,LIVRE VI,文公,Ouen,118.0,文公十五年,QUINZIÈME ANNÉE,611.0,三月，宋司马华孙来盟。,"Au troisième mois, Houa suen, ministre de la guerre à Soung, vint à Lou faire un traité."
723,春秋,Tch'ouen Ts'iou,卷六,LIVRE VI,文公,Ouen,119.0,文公十五年,QUINZIÈME ANNÉE,611.0,夏，曹伯来朝。,"En été, le prince de Ts’ao vint faire visite au prince de Lou."
724,春秋,Tch'ouen Ts'iou,卷六,LIVRE VI,文公,Ouen,120.0,文公十五年,QUINZIÈME ANNÉE,611.0,齐人归公孙敖之丧。,Les officiers de Ts’i envoyèrent à Lou le cercueil de Koung suen Ngao.
725,春秋,Tch'ouen Ts'iou,卷六,LIVRE VI,文公,Ouen,121.0,文公十五年,QUINZIÈME ANNÉE,611.0,六月辛丑朔，日有食之。鼓，用牲于社。,"Au sixième mois, le jour sīn tch’eòu, premier jour du mois, il arriva que le soleil fut éclipsé. On battit le tambour et on offrit des victimes à l’autel de la terre."
726,春秋,Tch'ouen Ts'iou,卷六,LIVRE VI,文公,Ouen,122.0,文公十五年,QUINZIÈME ANNÉE,611.0,单伯至自齐。,Le prince de Chan arriva de Ts’i à Lou.
727,春秋,Tch'ouen Ts'iou,卷六,LIVRE VI,文公,Ouen,123.0,文公十五年,QUINZIÈME ANNÉE,611.0,晋郤缺帅师伐蔡。戊申，入蔡。,"K’i K’iue de Tsin, à la tête d’une armée, envahit Ts’ai. Le jour meóu chēn, il entra dans la capitale de Ts’ai."
728,春秋,Tch'ouen Ts'iou,卷六,LIVRE VI,文公,Ouen,124.0,文公十五年,QUINZIÈME ANNÉE,611.0,秋，齐人侵我西鄙。季孙行父如晋。,Une armée de Ts’i envahit nos frontières occidentales. Ki suen Hang fou (Ki Ouen tseu de Lou) alla à Tsin.
729,春秋,Tch'ouen Ts'iou,卷六,LIVRE VI,文公,Ouen,125.0,文公十五年,QUINZIÈME ANNÉE,611.0,冬十有一月，诸侯盟于扈。,"En hiver, au onzième mois, les princes firent un traité."
730,春秋,Tch'ouen Ts'iou,卷六,LIVRE VI,文公,Ouen,126.0,文公十五年,QUINZIÈME ANNÉE,611.0,十有二月，齐人来归子叔姬。,"Au douzième mois, un officier de Ts’i vint ramener Tseu Chou Ki."
731,春秋,Tch'ouen Ts'iou,卷六,LIVRE VI,文公,Ouen,127.0,文公十五年,QUINZIÈME ANNÉE,611.0,齐侯侵我西鄙。遂伐曹，入其郛。,"Le prince, de Ts’i envahit notre frontière occidentale. Ensuite il attaqua Ts’ao et entra dans les murs extérieurs de la capitale de Ts’ao."
732,春秋,Tch'ouen Ts'iou,卷六,LIVRE VI,文公,Ouen,128.0,文公十六年,SEIZIÈME ANNÉE,610.0,十有六年春，季孙行父会齐侯于阳穀，齐侯弗及盟。,"Au printemps, Ki suen Hang fou (Ki Ouen tseu) alla trouver le prince de Ts’i à Iang kou. Le prince ne fit pas de traité avec lui."
733,春秋,Tch'ouen Ts'iou,卷六,LIVRE VI,文公,Ouen,129.0,文公十六年,SEIZIÈME ANNÉE,610.0,夏五月，公四不视朔。,"En été, au cinquième mois, pour la quatrième fois, le prince de Lou, le premier jour du mois, n’alla pas (selon l’usage) informer ses ancêtres de ses projets pour le mois."
734,春秋,Tch'ouen Ts'iou,卷六,LIVRE VI,文公,Ouen,130.0,文公十六年,SEIZIÈME ANNÉE,610.0,六月戊辰，公子遂及齐侯盟于郪丘。,"Au sixième mois, le jour meóu tch’ên, Koung tseu Souei conclut un traité avec le prince de Ts’i à Ts’i k’iou."
735,春秋,Tch'ouen Ts'iou,卷六,LIVRE VI,文公,Ouen,131.0,文公十六年,SEIZIÈME ANNÉE,610.0,秋八月辛未，夫人姜氏薨。,"En automne, au huitième mois, le jour sīn ouéi, Kiang cheu (Cheng Kiang), femme de Hī kōung de Lou et mère de Ouên kōung, mourut."
736,春秋,Tch'ouen Ts'iou,卷六,LIVRE VI,文公,Ouen,132.0,文公十六年,SEIZIÈME ANNÉE,610.0,毁泉台。,On détruisit la tour de Ts’iuen.
737,春秋,Tch'ouen Ts'iou,卷六,LIVRE VI,文公,Ouen,133.0,文公十六年,SEIZIÈME ANNÉE,610.0,楚人、秦人、巴人灭庸。,"Les troupes de Tch’ou, de Ts’in et de Pa mirent fin à la principauté de Ioung."
738,春秋,Tch'ouen Ts'iou,卷六,LIVRE VI,文公,Ouen,134.0,文公十六年,SEIZIÈME ANNÉE,610.0,冬十有一月，宋人弑其君杵臼。,"En hiver, au onzième mois, les habitants de Soung mirent à mort leur prince Tch’ou kiou (Tchaō kōung)."
739,春秋,Tch'ouen Ts'iou,卷六,LIVRE VI,文公,Ouen,135.0,文公十七年,,,十有七年春，晋人、卫人、陈人、郑人伐宋。,"Au printemps, les officiers de Tsin, de Ouei, de Tch’en et de Tcheng envahirent Soung."
740,春秋,Tch'ouen Ts'iou,卷六,LIVRE VI,文公,Ouen,136.0,文公十七年,,,十有七年春，晋人、卫人、陈人、郑人伐宋。,"En été, au quatrième mois, le jour kouèi hái, on enterra notre princesse Cheng Kiang."
741,春秋,Tch'ouen Ts'iou,卷六,LIVRE VI,文公,Ouen,137.0,文公十七年,,,齐侯伐我西鄙。,"Le prince de Ts’i envahit notre frontière occidentale. Au sixième mois, le jour kouèi ouéi, le prince de Lou fit un traité avec le prince de Ts’i, à Kou, dans le nord de Lou. (Au lieu de sī, on pense qu’il faut lire pĕ, comme dans le Tso tchouan)."
742,春秋,Tch'ouen Ts'iou,卷六,LIVRE VI,文公,Ouen,138.0,文公十七年,,,六月癸未，公及齐侯盟于穀。诸侯会于扈。,Les chefs d’États se réunirent à Hou.
743,春秋,Tch'ouen Ts'iou,卷六,LIVRE VI,文公,Ouen,139.0,文公十七年,,,秋，公至自穀。,"En automne, le prince de Lou arriva de Kou."
744,春秋,Tch'ouen Ts'iou,卷六,LIVRE VI,文公,Ouen,140.0,文公十七年,,,冬，公子遂如齐。,"En hiver, Koung tseu Souei de Lou alla à Ts’i,"
745,春秋,Tch'ouen Ts'iou,卷六,LIVRE VI,文公,Ouen,141.0,文公十八年,DIX-HUITIÈME ANNÉE,608.0,十有八年春，王二月丁丑，公薨于台下。,"Au printemps, au deuxième mois selon le calendrier impérial (janvier-février), le jour tīng tch’eòu, le prince de Lou mourut au pied d’une tour du palais."
746,春秋,Tch'ouen Ts'iou,卷六,LIVRE VI,文公,Ouen,142.0,文公十八年,DIX-HUITIÈME ANNÉE,608.0,秦伯荦卒。,"Ing (K’āng kōung), prince de Ts’in, mourut."
747,春秋,Tch'ouen Ts'iou,卷六,LIVRE VI,文公,Ouen,143.0,文公十八年,DIX-HUITIÈME ANNÉE,608.0,夏五月戊戌，齐人弑其君商人。,"En été, au cinquième mois, le jour meóu siŭ, les habitants de Ts’i mirent à mort leur prince Chang jen."
748,春秋,Tch'ouen Ts'iou,卷六,LIVRE VI,文公,Ouen,144.0,文公十八年,DIX-HUITIÈME ANNÉE,608.0,六月癸酉，葬我君文公。,"Au sixième mois, le jour kouèi iòu, on enterra notre prince Ouen koung."
749,春秋,Tch'ouen Ts'iou,卷六,LIVRE VI,文公,Ouen,145.0,文公十八年,DIX-HUITIÈME ANNÉE,608.0,秋，公子遂、叔孙得臣如齐。,"En automne, Koung tseu Souei et Chou suen Te tch’en allèrent à Ts’i."
750,春秋,Tch'ouen Ts'iou,卷六,LIVRE VI,文公,Ouen,146.0,文公十八年,DIX-HUITIÈME ANNÉE,608.0,冬十月，子卒。,"En hiver, au dixième mois, le fils du prince Ouên kōung de Lou mourut."
751,春秋,Tch'ouen Ts'iou,卷六,LIVRE VI,文公,Ouen,147.0,文公十八年,DIX-HUITIÈME ANNÉE,608.0,夫人姜氏归于齐。,"Kiang cheu, femme principale de Ouen koung, retourna à Ts’i, dans sa maison paternelle."
752,春秋,Tch'ouen Ts'iou,卷六,LIVRE VI,文公,Ouen,148.0,文公十八年,DIX-HUITIÈME ANNÉE,608.0,季孙行父如齐。,Ki suen Hang fou alla à Ts’i.
753,春秋,Tch'ouen Ts'iou,卷六,LIVRE VI,文公,Ouen,149.0,文公十八年,DIX-HUITIÈME ANNÉE,608.0,莒弑其君庶其。,Les habitants de Kiu mirent à mort leur prince Chou k’i.
754,春秋,Tch'ouen Ts'iou,卷七,LIVRE VII,宣公,Siuen,1.0,宣公元年,PREMIÈRE ANNÉE,607.0,元年春，王正月，公即位。,"Au printemps, au premier mois selon le calendrier impérial (décembre-janvier), Siuen koung, prince de Lou, fut élevé au pouvoir."
755,春秋,Tch'ouen Ts'iou,卷七,LIVRE VII,宣公,Siuen,2.0,宣公元年,PREMIÈRE ANNÉE,607.0,公子遂如齐逆女。,"Souei, fils du prince Tchouāng kōung de Lou, alla à Ts’i chercher la fiancée de Siuen koung."
756,春秋,Tch'ouen Ts'iou,卷七,LIVRE VII,宣公,Siuen,3.0,宣公元年,PREMIÈRE ANNÉE,607.0,三月，遂以夫人妇姜至自齐。,"Au troisième mois, Souei arriva de Ts’i avec Kiang, qui devint femme du prince de Lou."
757,春秋,Tch'ouen Ts'iou,卷七,LIVRE VII,宣公,Siuen,4.0,宣公元年,PREMIÈRE ANNÉE,607.0,夏，季孙行父如齐。,"En été, Ki suen Hang fou (Ouen tseu) alla à Ts’i."
758,春秋,Tch'ouen Ts'iou,卷七,LIVRE VII,宣公,Siuen,5.0,宣公元年,PREMIÈRE ANNÉE,607.0,晋放其大夫胥甲父于卫。,Tsin relégua son grand préfet Sin Kia fou à Ouei.
759,春秋,Tch'ouen Ts'iou,卷七,LIVRE VII,宣公,Siuen,6.0,宣公元年,PREMIÈRE ANNÉE,607.0,公会齐侯于平州。,Le prince de Lou conféra avec le prince de Ts’i à P’ing tcheou.
760,春秋,Tch'ouen Ts'iou,卷七,LIVRE VII,宣公,Siuen,7.0,宣公元年,PREMIÈRE ANNÉE,607.0,公子遂如齐。,"Siang tchoung (Souei, appelé Toung men, parce qu’il demeurait près de la porte orientale), alla à Ts’i remercier le prince de Ts’i d’avoir procuré à Siuen koung la paisible possession de la principauté par l’entrevue de P’ing tcheou."
761,春秋,Tch'ouen Ts'iou,卷七,LIVRE VII,宣公,Siuen,8.0,宣公元年,PREMIÈRE ANNÉE,607.0,六月，齐人取济西田。,"Au sixième mois, les habitants de Tsi prirent possession des terres situées à l’ouest de la Ts’i."
762,春秋,Tch'ouen Ts'iou,卷七,LIVRE VII,宣公,Siuen,9.0,宣公元年,PREMIÈRE ANNÉE,607.0,秋，邾子来朝。,"En automne, le prince de Tchou vint faire visite au prince de Lou."
763,春秋,Tch'ouen Ts'iou,卷七,LIVRE VII,宣公,Siuen,10.0,宣公元年,PREMIÈRE ANNÉE,607.0,楚子、郑人侵陈，遂侵宋。晋赵盾帅师救陈。,"Le prince de Tch’ou et les officiers de Tcheng envahirent Tch’en. Ensuite ils envahirent Soung. Tchao Touen de Tsin, à la tête d’une armée, secourut Tch’en."
764,春秋,Tch'ouen Ts'iou,卷七,LIVRE VII,宣公,Siuen,11.0,宣公元年,PREMIÈRE ANNÉE,607.0,宋公、陈侯、卫侯、曹伯会晋师于棐林，伐郑。,"Les princes de Soung, de Tch’en, de Ouei et de Ts’ao joignirent leurs troupes à l’armée de Tsin à Fei lin, et envahirent Tcheng."
765,春秋,Tch'ouen Ts'iou,卷七,LIVRE VII,宣公,Siuen,12.0,宣公元年,PREMIÈRE ANNÉE,607.0,冬，晋赵穿帅师侵崇。,"En hiver, Tchao Tch’ouan de Tsin, à la tête d’une armée, envahit Tch’oung."
766,春秋,Tch'ouen Ts'iou,卷七,LIVRE VII,宣公,Siuen,13.0,宣公元年,PREMIÈRE ANNÉE,607.0,晋人、宋人伐郑。,Les armées de Tsin et de Soung envahirent Tcheng.
767,春秋,Tch'ouen Ts'iou,卷七,LIVRE VII,宣公,Siuen,14.0,宣公二年,DEUXIÈME ANNÉE,606.0,二年春，王二月壬子，宋华元帅师及郑公子归生帅师，战于大棘。宋师败绩，获宋华元。,"Au printemps, au deuxième mois selon le calendrier impérial (janvier-février), le jour jên tsèu, Houa Iuen de Soung, avec une armée, et Kouei cheng, fils de Ouên kōung de Tcheng, aussi avec une armée, combattirent l’un contre l’autre à Ta ki. L’armée de Soung fut complètement défaite, et Houa Iuen de Soung fut pris."
768,春秋,Tch'ouen Ts'iou,卷七,LIVRE VII,宣公,Siuen,15.0,宣公二年,DEUXIÈME ANNÉE,606.0,秦师伐晋。,L’armée de Ts’in envahit Tsin.
769,春秋,Tch'ouen Ts'iou,卷七,LIVRE VII,宣公,Siuen,16.0,宣公二年,DEUXIÈME ANNÉE,606.0,夏，晋人、宋人、卫人、陈人侵郑。,"En été, les soldats de Tsin, de Soung, de Ouei et de Tch’en envahirent Tcheng."
770,春秋,Tch'ouen Ts'iou,卷七,LIVRE VII,宣公,Siuen,17.0,宣公二年,DEUXIÈME ANNÉE,606.0,秋九月乙丑，晋赵盾弑其君夷皋。,"En automne, au neuvième mois, le jour ĭ tch’eòu, Tchao Touen de Tsin mit à mort sou prince I hao (Ling koung)."
771,春秋,Tch'ouen Ts'iou,卷七,LIVRE VII,宣公,Siuen,18.0,宣公二年,DEUXIÈME ANNÉE,606.0,冬十月乙亥，天王崩。,"En hiver, au dixième mois, le jour ĭ hái, l’empereur K’ouāng ouâng mourut."
772,春秋,Tch'ouen Ts'iou,卷七,LIVRE VII,宣公,Siuen,19.0,宣公三年,TROISIÈME ANNÉE,605.0,三年春，王正月，郊。牛之口伤，改卜牛，牛死，乃不郊。犹三望。,"Au printemps, au premier mois selon le calendrier impérial (décembre-janvier), le bœuf destiné à être immolé dans la campagne eut la bouche blessée ou malade. On consulta l’écaille de tortue et l’on choisit un autre bœuf. Cet autre mourut. Le sacrifice dans la campagne n’eut pas lieu. On offrit cependant les trois sacrifices habituels aux esprits des montagnes et des rivières."
773,春秋,Tch'ouen Ts'iou,卷七,LIVRE VII,宣公,Siuen,20.0,宣公三年,TROISIÈME ANNÉE,605.0,葬匡王。,On enterra l’empereur Kouang ouang.
774,春秋,Tch'ouen Ts'iou,卷七,LIVRE VII,宣公,Siuen,21.0,宣公三年,TROISIÈME ANNÉE,605.0,楚子伐陆浑之戎。,Le prince de Tch’ou alla attaquer les barbares de Lou houen.
775,春秋,Tch'ouen Ts'iou,卷七,LIVRE VII,宣公,Siuen,22.0,宣公三年,TROISIÈME ANNÉE,605.0,夏，楚人侵郑。,"En été, une armée de Tch’ou envahit Tcheng."
776,春秋,Tch'ouen Ts'iou,卷七,LIVRE VII,宣公,Siuen,23.0,宣公三年,TROISIÈME ANNÉE,605.0,秋，赤狄侵齐。,"En automne, les Ti Rouges envahirent Ts’i."
777,春秋,Tch'ouen Ts'iou,卷七,LIVRE VII,宣公,Siuen,24.0,宣公三年,TROISIÈME ANNÉE,605.0,宋师围曹。,L’armée de Soung assiégea Ts’ao.
778,春秋,Tch'ouen Ts'iou,卷七,LIVRE VII,宣公,Siuen,25.0,宣公三年,TROISIÈME ANNÉE,605.0,冬十月丙戌，郑伯兰卒。,"En hiver, à la dixième lune, le jour pìng siŭ, Lan (Mou koung), prince de Tcheng, mourut."
779,春秋,Tch'ouen Ts'iou,卷七,LIVRE VII,宣公,Siuen,26.0,宣公三年,TROISIÈME ANNÉE,605.0,葬郑穆公。,"On enterra Mou koung, prince de Tcheng."
780,春秋,Tch'ouen Ts'iou,卷七,LIVRE VII,宣公,Siuen,27.0,宣公四年,QUATRIÈME ANNÉE,604.0,四年春，王正月，公及齐侯平莒及郯。莒人不肯，公伐莒，取向。,"Au printemps, au premier mois selon le calendrier impérial (décembre-janvier), le prince de Lou et le prince de Ts’i essayèrent de rétablir la paix entre Kiu et T’an. Les habitants de Kiu ne voulurent pas. Le prince de Lou envahit Kiu et prit Hiang."
781,春秋,Tch'ouen Ts'iou,卷七,LIVRE VII,宣公,Siuen,28.0,宣公四年,QUATRIÈME ANNÉE,604.0,秦伯稻卒。,"Tao, prince de Ts’in, mourut."
782,春秋,Tch'ouen Ts'iou,卷七,LIVRE VII,宣公,Siuen,29.0,宣公四年,QUATRIÈME ANNÉE,604.0,夏六月乙酉，郑公子归生弑其君夷。,"En été, au sixième mois, le jour ĭ iòu, Kouei cheng (Tseu koung), fils de Ouên kōung de Tcheng, mit à mort son prince I (Ling koung, fils aîné de Mŏu kōung)."
783,春秋,Tch'ouen Ts'iou,卷七,LIVRE VII,宣公,Siuen,30.0,宣公四年,QUATRIÈME ANNÉE,604.0,赤狄侵齐。,Les Ti Rouges envahirent Ts’i.
784,春秋,Tch'ouen Ts'iou,卷七,LIVRE VII,宣公,Siuen,31.0,宣公四年,QUATRIÈME ANNÉE,604.0,秋，公如齐。,"En automne, le prince de Lou alla à Ts’i."
785,春秋,Tch'ouen Ts'iou,卷七,LIVRE VII,宣公,Siuen,32.0,宣公四年,QUATRIÈME ANNÉE,604.0,公至自齐。,Le prince de Lou arriva de Ts’i.
786,春秋,Tch'ouen Ts'iou,卷七,LIVRE VII,宣公,Siuen,33.0,宣公四年,QUATRIÈME ANNÉE,604.0,冬，楚子伐郑。,"En hiver, le prince de Tch’ou envahit Tcheng."
787,春秋,Tch'ouen Ts'iou,卷七,LIVRE VII,宣公,Siuen,34.0,宣公五年,CINQUIÈME ANNÉE,603.0,五年春，公如齐。,"Au printemps, le prince de Lou alla à Ts’i."
788,春秋,Tch'ouen Ts'iou,卷七,LIVRE VII,宣公,Siuen,35.0,宣公五年,CINQUIÈME ANNÉE,603.0,夏，公至自齐。,"En été, le prince de Lou arriva de Ts’i."
789,春秋,Tch'ouen Ts'iou,卷七,LIVRE VII,宣公,Siuen,36.0,宣公五年,CINQUIÈME ANNÉE,603.0,秋九月，齐高固来逆叔姬。,"En automne, au neuvième mois, Nao Kou, ministre de Ts’i, vint chercher Ki, seconde fille du prince de Lou."
790,春秋,Tch'ouen Ts'iou,卷七,LIVRE VII,宣公,Siuen,37.0,宣公五年,CINQUIÈME ANNÉE,603.0,叔孙得臣卒。,Chou suen Te tch’en mourut.
791,春秋,Tch'ouen Ts'iou,卷七,LIVRE VII,宣公,Siuen,38.0,宣公五年,CINQUIÈME ANNÉE,603.0,冬，齐高固及子叔姬来。,"En hiver Kao Kou, ministre de Ts’i, et sa femme Ki, (tsèu chŏu deuxième fille du prince de Lou, vinrent de Ts’i à Lou."
792,春秋,Tch'ouen Ts'iou,卷七,LIVRE VII,宣公,Siuen,39.0,宣公五年,CINQUIÈME ANNÉE,603.0,楚人伐郑。,Les soldats de Tch’ou envahirent Tcheng.
793,春秋,Tch'ouen Ts'iou,卷七,LIVRE VII,宣公,Siuen,40.0,宣公六年,SIXIÈME ANNÉE,602.0,六年春，晋赵盾、卫孙免侵陈。,"Au printemps, Tchao Touen de Tsin et Suen Mien de Ouei envahirent Tch’en."
794,春秋,Tch'ouen Ts'iou,卷七,LIVRE VII,宣公,Siuen,41.0,宣公六年,SIXIÈME ANNÉE,602.0,夏四月。,"En été, au quatrième mois."
795,春秋,Tch'ouen Ts'iou,卷七,LIVRE VII,宣公,Siuen,42.0,宣公六年,SIXIÈME ANNÉE,602.0,秋八月，螽。,"En automne, au huitième mois, les sauterelles firent des ravages."
796,春秋,Tch'ouen Ts'iou,卷七,LIVRE VII,宣公,Siuen,43.0,宣公六年,SIXIÈME ANNÉE,602.0,冬，十月。,"En hiver, au dixième mois."
797,春秋,Tch'ouen Ts'iou,卷七,LIVRE VII,宣公,Siuen,44.0,宣公七年,SEPTIÈME ANNÉE,601.0,七年春，卫侯使孙良夫来盟。,"Au printemps, le prince de Ouei envoya Suen Leang fou (Houan tseu) à Lou faire un traité."
798,春秋,Tch'ouen Ts'iou,卷七,LIVRE VII,宣公,Siuen,45.0,宣公七年,SEPTIÈME ANNÉE,601.0,夏，公会齐侯伐莱。,"En été, le prince de Lou se joignit au prince de Ts’i pour envahir Lai."
799,春秋,Tch'ouen Ts'iou,卷七,LIVRE VII,宣公,Siuen,46.0,宣公七年,SEPTIÈME ANNÉE,601.0,秋，公至自伐莱。,"En automne, le prince de Lou arriva de son expédition contre Lai."
800,春秋,Tch'ouen Ts'iou,卷七,LIVRE VII,宣公,Siuen,47.0,宣公七年,SEPTIÈME ANNÉE,601.0,大旱。,Grande sécheresse.
801,春秋,Tch'ouen Ts'iou,卷七,LIVRE VII,宣公,Siuen,48.0,宣公七年,SEPTIÈME ANNÉE,601.0,冬，公会晋侯、宋公、卫侯、郑伯、曹伯于黑壤。,"En hiver, le prince de Lou alla trouver les princes de Tsin, de Soung, de Ouei, de Tcheng et de Ts’ao à He jang, sur le territoire de Tsin."
802,春秋,Tch'ouen Ts'iou,卷七,LIVRE VII,宣公,Siuen,49.0,宣公八年,HUITIÈME ANNÉE,600.0,八年春，公至自会。,"Au printemps, le prince de Lou arriva de la réunion des princes à He jang."
803,春秋,Tch'ouen Ts'iou,卷七,LIVRE VII,宣公,Siuen,50.0,宣公八年,HUITIÈME ANNÉE,600.0,夏六月，公子遂如齐，至黄乃复。,"En été, au sixième mois, Souei (Siang tchoung), fils du prince Tchouāng kōung de Lou, partit pour Ts’i. Arrivé à Houang, sur le territoire de Ts’i, il revint sur ses pas (probablement pour cause de maladie)."
804,春秋,Tch'ouen Ts'iou,卷七,LIVRE VII,宣公,Siuen,51.0,宣公八年,HUITIÈME ANNÉE,600.0,辛巳，有事于大庙，仲遂卒于垂。,"Le jour sīn séu, il y eut sacrifice dans la principale salle du temple des ancêtres, et l’on apprit que Siang tchoung Souei, en revenant de Ts’i, était mort à Chouei, sur le territoire de Ts’i."
805,春秋,Tch'ouen Ts'iou,卷七,LIVRE VII,宣公,Siuen,52.0,宣公八年,HUITIÈME ANNÉE,600.0,壬午，犹绎。《万》入去籥。,"(Le lendemain) le jour jên òu, on renouvela cependant le sacrifice. On donna des représentations mimiques. Les flûtes furent exclues."
806,春秋,Tch'ouen Ts'iou,卷七,LIVRE VII,宣公,Siuen,53.0,宣公八年,HUITIÈME ANNÉE,600.0,戊子，夫人嬴氏薨。,"Le jour meóu tsèu, Ing cheu, femme de Ouên kōung de Lou et mère de Siuen koung, mourut."
807,春秋,Tch'ouen Ts'iou,卷七,LIVRE VII,宣公,Siuen,54.0,宣公八年,HUITIÈME ANNÉE,600.0,晋师、白狄伐秦。,L’armée de Tsin et les Ti Blancs envahirent Ts’in.
808,春秋,Tch'ouen Ts'iou,卷七,LIVRE VII,宣公,Siuen,55.0,宣公八年,HUITIÈME ANNÉE,600.0,楚人灭舒、蓼。,"L’armée de Tch’ou anéantit les principautés de Chou et de Leao, ou la principauté de Chou leao. (On n’est pas d’accord)."
809,春秋,Tch'ouen Ts'iou,卷七,LIVRE VII,宣公,Siuen,56.0,宣公八年,HUITIÈME ANNÉE,600.0,秋七月甲子，日有食之，既。,"En automne, au septième mois, le jour kiă tsèu, il y eut éclipse totale de soleil."
810,春秋,Tch'ouen Ts'iou,卷七,LIVRE VII,宣公,Siuen,57.0,宣公八年,HUITIÈME ANNÉE,600.0,冬十月己丑，葬我小君敬嬴。,"En hiver, au dixième mois, le jour kì tch’eòu, (on devait faire et on prépara) l’enterrement de King Ing, femme de notre prince Ouen."
811,春秋,Tch'ouen Ts'iou,卷七,LIVRE VII,宣公,Siuen,58.0,宣公八年,HUITIÈME ANNÉE,600.0,雨，不克葬。庚寅，日中而克葬。,"Le jour kì tch’eòu, la pluie tomba ; on ne put faire l’enterrement de la princesse. Il se fit le lendemain, jour kēng în, à midi."
812,春秋,Tch'ouen Ts'iou,卷七,LIVRE VII,宣公,Siuen,59.0,宣公八年,HUITIÈME ANNÉE,600.0,城平阳。,Lou fortifia P’ing iang.
813,春秋,Tch'ouen Ts'iou,卷七,LIVRE VII,宣公,Siuen,60.0,宣公八年,HUITIÈME ANNÉE,600.0,楚师伐陈。,Une armée de Tch’ou envahit Tch’en.
814,春秋,Tch'ouen Ts'iou,卷七,LIVRE VII,宣公,Siuen,61.0,宣公九年,NEUVIÈME ANNÉE,599.0,九年春，王正月，公如齐。,"Au printemps, au premier mois selon le calendrier impérial (décembre-janvier), le prince de Lou alla à Ts’i."
815,春秋,Tch'ouen Ts'iou,卷七,LIVRE VII,宣公,Siuen,62.0,宣公九年,NEUVIÈME ANNÉE,599.0,公至自齐。,Le prince de Lou arriva de Ts’i.
816,春秋,Tch'ouen Ts'iou,卷七,LIVRE VII,宣公,Siuen,63.0,宣公九年,NEUVIÈME ANNÉE,599.0,夏，仲孙蔑如京师。,"En été, Tchoung suen Mie (Meng Hien tseu) alla à la capitale de l’empire."
817,春秋,Tch'ouen Ts'iou,卷七,LIVRE VII,宣公,Siuen,64.0,宣公九年,NEUVIÈME ANNÉE,599.0,齐侯伐莱。,Le prince de Ts’i envahit Lai.
818,春秋,Tch'ouen Ts'iou,卷七,LIVRE VII,宣公,Siuen,65.0,宣公九年,NEUVIÈME ANNÉE,599.0,秋，取根牟。,"En automne, l’armée de Lou s’empara de Ken meou."
819,春秋,Tch'ouen Ts'iou,卷七,LIVRE VII,宣公,Siuen,66.0,宣公九年,NEUVIÈME ANNÉE,599.0,八月，滕子卒。,"Au huitième mois, le prince de T’eng (Tchao koung) mourut."
820,春秋,Tch'ouen Ts'iou,卷七,LIVRE VII,宣公,Siuen,67.0,宣公九年,NEUVIÈME ANNÉE,599.0,九月，晋侯、宋公、卫侯、郑伯、曹伯会于扈。,"Au neuvième mois, les princes de Tsin, de Soung, de Ouei, de Tcheng et de Ts’ao se réunirent à Hou."
821,春秋,Tch'ouen Ts'iou,卷七,LIVRE VII,宣公,Siuen,68.0,宣公九年,NEUVIÈME ANNÉE,599.0,晋荀林父帅师伐陈。,"Siun Lin fou de Tsin, à la tête d’une armée, envahit Tch’en."
822,春秋,Tch'ouen Ts'iou,卷七,LIVRE VII,宣公,Siuen,69.0,宣公九年,NEUVIÈME ANNÉE,599.0,辛酉，晋侯黑臀卒于扈。,"Le jour sīn iòu, He t’ouen, prince de Tsin, mourut à Hou."
823,春秋,Tch'ouen Ts'iou,卷七,LIVRE VII,宣公,Siuen,70.0,宣公九年,NEUVIÈME ANNÉE,599.0,冬十月癸酉，卫侯郑卒。,"En hiver, au dixième mois, le jour kouèi iòu, Tcheng, prince de Ouei, mourut."
824,春秋,Tch'ouen Ts'iou,卷七,LIVRE VII,宣公,Siuen,71.0,宣公九年,NEUVIÈME ANNÉE,599.0,宋人围滕。,L’armée de Soung assiégea la capitale de T’eng.
825,春秋,Tch'ouen Ts'iou,卷七,LIVRE VII,宣公,Siuen,72.0,宣公九年,NEUVIÈME ANNÉE,599.0,楚子伐郑。,Le prince de Tch’ou envahit Tcheng.
826,春秋,Tch'ouen Ts'iou,卷七,LIVRE VII,宣公,Siuen,73.0,宣公九年,NEUVIÈME ANNÉE,599.0,晋郤缺帅师救郑。,"K’i K’iue de Tsin, à la tête d’une armée, délivra Tcheng."
827,春秋,Tch'ouen Ts'iou,卷七,LIVRE VII,宣公,Siuen,74.0,宣公九年,NEUVIÈME ANNÉE,599.0,陈杀其大夫洩冶。,Le prince de Tch’en mit à mort son grand préfet Sie Ie.
828,春秋,Tch'ouen Ts'iou,卷七,LIVRE VII,宣公,Siuen,75.0,宣公十年,DIXIÈME ANNÉE,598.0,十年春，公如齐。公至自齐。,"Au printemps, le prince de Lou alla à Ts’i. Le prince de Lou arriva de Ts’i."
829,春秋,Tch'ouen Ts'iou,卷七,LIVRE VII,宣公,Siuen,76.0,宣公十年,DIXIÈME ANNÉE,598.0,齐人归我济西田。,Les habitants de Ts’i nous rendirent les terres que nous leur avions cédées à l’ouest de la Tsi.
830,春秋,Tch'ouen Ts'iou,卷七,LIVRE VII,宣公,Siuen,77.0,宣公十年,DIXIÈME ANNÉE,598.0,夏四月丙辰，日有食之。,"En été, au quatrième mois, le jour pìng tch’ên, le soleil fut éclipsé."
831,春秋,Tch'ouen Ts'iou,卷七,LIVRE VII,宣公,Siuen,78.0,宣公十年,DIXIÈME ANNÉE,598.0,己巳，齐侯元卒。,"Le jour kì séu, Iuen (Houei koung), prince de Ts’i, mourut."
832,春秋,Tch'ouen Ts'iou,卷七,LIVRE VII,宣公,Siuen,79.0,宣公十年,DIXIÈME ANNÉE,598.0,齐崔氏出奔卫。,"Le chef de la famille Ts’ouei, grand préfet de Ts’i, se réfugia à Ouei."
833,春秋,Tch'ouen Ts'iou,卷七,LIVRE VII,宣公,Siuen,80.0,宣公十年,DIXIÈME ANNÉE,598.0,公如齐。,Le prince de Lou alla à Ts’i.
834,春秋,Tch'ouen Ts'iou,卷七,LIVRE VII,宣公,Siuen,81.0,宣公十年,DIXIÈME ANNÉE,598.0,五月，公至自齐。,"Au cinquième mois, le prince de Lou arriva de Ts’i."
835,春秋,Tch'ouen Ts'iou,卷七,LIVRE VII,宣公,Siuen,82.0,宣公十年,DIXIÈME ANNÉE,598.0,癸巳，陈夏徵舒弑其君平国。,"Le jour kouèi séu, Hia Tcheng chou, grand préfet de Tch’en, tua son prince P’ing kouo (Ling koung)."
836,春秋,Tch'ouen Ts'iou,卷七,LIVRE VII,宣公,Siuen,83.0,宣公十年,DIXIÈME ANNÉE,598.0,六月，宋师伐滕。,"Au sixième mois, une armée de Soung envahit T’eng."
837,春秋,Tch'ouen Ts'iou,卷七,LIVRE VII,宣公,Siuen,84.0,宣公十年,DIXIÈME ANNÉE,598.0,公孙归父如齐，葬齐惠公。,"Koung suen Kouei fou alla à Ts’i assister à l’enterrement de Houei koung, prince de Ts’i."
838,春秋,Tch'ouen Ts'iou,卷七,LIVRE VII,宣公,Siuen,85.0,宣公十年,DIXIÈME ANNÉE,598.0,晋人、宋人、卫人、曹人伐郑。,"Les soldats de Tsin, de Soung, de Ouei et de Ts’ao envahirent Tcheng."
839,春秋,Tch'ouen Ts'iou,卷七,LIVRE VII,宣公,Siuen,86.0,宣公十年,DIXIÈME ANNÉE,598.0,秋，天王使王季子来聘。,"En automne, l’empereur envoya son frère puîné, K’ang koung, présenter ses amitiés au prince de Lou."
840,春秋,Tch'ouen Ts'iou,卷七,LIVRE VII,宣公,Siuen,87.0,宣公十年,DIXIÈME ANNÉE,598.0,公孙归父帅师伐邾，取绎。,"Koung suen Kouei fou, à la tête d’une armée, envahit Tchou et prit I."
841,春秋,Tch'ouen Ts'iou,卷七,LIVRE VII,宣公,Siuen,88.0,宣公十年,DIXIÈME ANNÉE,598.0,大水。,Inondation à Lou.
842,春秋,Tch'ouen Ts'iou,卷七,LIVRE VII,宣公,Siuen,89.0,宣公十年,DIXIÈME ANNÉE,598.0,季孙行父如齐。,Ki suen Hang fou (Ouen tseu) alla à Ts’i.
843,春秋,Tch'ouen Ts'iou,卷七,LIVRE VII,宣公,Siuen,90.0,宣公十年,DIXIÈME ANNÉE,598.0,冬，公孙归父如齐。,"En hiver, Koung suen Kouei fou (Tseu kia) alla à Ts’i."
844,春秋,Tch'ouen Ts'iou,卷七,LIVRE VII,宣公,Siuen,91.0,宣公十年,DIXIÈME ANNÉE,598.0,齐侯使国佐来聘。,Le prince de Ts’i envoya Kouo Tso (Ou tseu) rendre la visite de Ouen tseu.
845,春秋,Tch'ouen Ts'iou,卷七,LIVRE VII,宣公,Siuen,92.0,宣公十年,DIXIÈME ANNÉE,598.0,饥。,Famine à Lou.
846,春秋,Tch'ouen Ts'iou,卷七,LIVRE VII,宣公,Siuen,93.0,宣公十年,DIXIÈME ANNÉE,598.0,楚子伐郑。,Le prince de Tch’ou envahit Tcheng.
847,春秋,Tch'ouen Ts'iou,卷七,LIVRE VII,宣公,Siuen,94.0,宣公十一年,ONZIÈME ANNÉE,597.0,十有一年春，王正月。,"Au printemps, au premier mois selon le calendrier impérial (décembre-janvier)."
848,春秋,Tch'ouen Ts'iou,卷七,LIVRE VII,宣公,Siuen,95.0,宣公十一年,ONZIÈME ANNÉE,597.0,夏，楚子、陈侯、郑伯盟于辰陵。,"En été, les princes de Tch’ou, de Tch’en et de Tcheng firent un traité à Tch’en ling."
849,春秋,Tch'ouen Ts'iou,卷七,LIVRE VII,宣公,Siuen,96.0,宣公十一年,ONZIÈME ANNÉE,597.0,公孙归父会齐人伐莒。,Koung suen Kouei fou joignit ses soldats aux soldats de Ts’i pour envahir Kiu.
850,春秋,Tch'ouen Ts'iou,卷七,LIVRE VII,宣公,Siuen,97.0,宣公十一年,ONZIÈME ANNÉE,597.0,秋，晋侯会狄于欑函。,"En automne, le prince de Lou alla trouver les chefs des Ti à Ts’ouan hien, sur le territoire de ces barbares."
851,春秋,Tch'ouen Ts'iou,卷七,LIVRE VII,宣公,Siuen,98.0,宣公十一年,ONZIÈME ANNÉE,597.0,冬十月，楚人杀陈夏徵舒。,"En hiver, au dixième mois, les officiers de Tch’ou mirent à mort Hia Tcheng chou de Tch’en."
852,春秋,Tch'ouen Ts'iou,卷七,LIVRE VII,宣公,Siuen,99.0,宣公十一年,ONZIÈME ANNÉE,597.0,丁亥，楚子入陈。,"Le jour tīng hái, le prince de Tch’ou entra dans la capitale de Tch’en."
853,春秋,Tch'ouen Ts'iou,卷七,LIVRE VII,宣公,Siuen,100.0,宣公十一年,ONZIÈME ANNÉE,597.0,纳公孙宁、仪行父于陈。,Il rétablit Koung suen Ning et I Hang fou à Tch’en.
854,春秋,Tch'ouen Ts'iou,卷七,LIVRE VII,宣公,Siuen,101.0,宣公十二年,DOUZIÈME ANNÉE,596.0,十有二年春，葬陈灵公。,"Au printemps, on enterra Ling koung, prince de Tch’en."
855,春秋,Tch'ouen Ts'iou,卷七,LIVRE VII,宣公,Siuen,102.0,宣公十二年,DOUZIÈME ANNÉE,596.0,楚子围郑。,Le prince de Tch’ou assiégea la capitale de Tcheng.
856,春秋,Tch'ouen Ts'iou,卷七,LIVRE VII,宣公,Siuen,103.0,宣公十二年,DOUZIÈME ANNÉE,596.0,夏六月乙卯，晋荀林父帅师及楚子战于邲，晋师败绩。,"En été, au sixième mois, le jour ĭ maò, Siun Lin fou de Tsin, à la tête d’une armée, combattit contre le prince de Tch’ou à Pi, sur le territoire de Tcheng. L’armée de Tsin fut entièrement défaite."
857,春秋,Tch'ouen Ts'iou,卷七,LIVRE VII,宣公,Siuen,104.0,宣公十二年,DOUZIÈME ANNÉE,596.0,秋七月。,"En automne, au septième mois."
858,春秋,Tch'ouen Ts'iou,卷七,LIVRE VII,宣公,Siuen,105.0,宣公十二年,DOUZIÈME ANNÉE,596.0,冬十有二月戊寅，楚子灭萧。,"En hiver, au douzième mois, le jour meóu în, le prince de Tch’ou mit fin à la principauté de Siao."
859,春秋,Tch'ouen Ts'iou,卷七,LIVRE VII,宣公,Siuen,106.0,宣公十二年,DOUZIÈME ANNÉE,596.0,晋人、宋人、卫人、曹人同盟于清丘。,"Les officiers de Tsin, de Soung, de Ouei et de Ts’ao firent ensemble un traité à Ts’ing k’iou."
860,春秋,Tch'ouen Ts'iou,卷七,LIVRE VII,宣公,Siuen,107.0,宣公十二年,DOUZIÈME ANNÉE,596.0,宋师伐陈，卫人救陈。,L’armée de Soung envahit Tch’en. Les soldats de Ouei allèrent au secours de Tch’en.
861,春秋,Tch'ouen Ts'iou,卷七,LIVRE VII,宣公,Siuen,108.0,宣公十三年,TREIZIÈME ANNÉE,595.0,十有三年春，齐师伐莒。,"Au printemps, l’armée de Ts’i envahit Kiu."
862,春秋,Tch'ouen Ts'iou,卷七,LIVRE VII,宣公,Siuen,109.0,宣公十三年,TREIZIÈME ANNÉE,595.0,夏，楚子伐宋。,"En été, le prince de Tch’ou envahit Soung."
863,春秋,Tch'ouen Ts'iou,卷七,LIVRE VII,宣公,Siuen,110.0,宣公十三年,TREIZIÈME ANNÉE,595.0,秋，螽。,"En automne, il y eut des sauterelles."
864,春秋,Tch'ouen Ts'iou,卷七,LIVRE VII,宣公,Siuen,111.0,宣公十三年,TREIZIÈME ANNÉE,595.0,冬，晋杀其大夫先縠。,"En hiver, Tsin mit à mort son grand préfet Sien Hou."
865,春秋,Tch'ouen Ts'iou,卷七,LIVRE VII,宣公,Siuen,112.0,宣公十四年,QUATORZIÈME ANNÉE,594.0,十有四年春，卫杀其大夫孔达。,"Au printemps, les habitants de Ouei firent mourir leur grand préfet K’oung Ta."
866,春秋,Tch'ouen Ts'iou,卷七,LIVRE VII,宣公,Siuen,113.0,宣公十四年,QUATORZIÈME ANNÉE,594.0,夏五月壬申，曹伯寿卒。,"En été, au cinquième mois, le jour jên chēn, Cheou (Ouên kōung), prince de Ts’ao, mourut."
867,春秋,Tch'ouen Ts'iou,卷七,LIVRE VII,宣公,Siuen,114.0,宣公十四年,QUATORZIÈME ANNÉE,594.0,晋侯伐郑。,Le prince de Tsin envahit Tcheng.
868,春秋,Tch'ouen Ts'iou,卷七,LIVRE VII,宣公,Siuen,115.0,宣公十四年,QUATORZIÈME ANNÉE,594.0,秋九月，楚子围宋。,"En automne, au neuvième mois, le prince de Tch’ou assiégea la capitale de Soung."
869,春秋,Tch'ouen Ts'iou,卷七,LIVRE VII,宣公,Siuen,116.0,宣公十四年,QUATORZIÈME ANNÉE,594.0,葬曹文公。,"On enterra Ouen koung, prince de Ts’ao."
870,春秋,Tch'ouen Ts'iou,卷七,LIVRE VII,宣公,Siuen,117.0,宣公十四年,QUATORZIÈME ANNÉE,594.0,冬，公孙归父会齐侯于穀。,"En hiver, Koung suen Kouei fou alla trouver le prince de Ts’i à Kou."
871,春秋,Tch'ouen Ts'iou,卷七,LIVRE VII,宣公,Siuen,118.0,宣公十五年,QUINZIÈME ANNÉE,593.0,十有五年春，公孙归父会楚子于宋。,"Au printemps, Koung suen Kouei fou de Lou alla trouver le prince de Tch’ou à Soung."
872,春秋,Tch'ouen Ts'iou,卷七,LIVRE VII,宣公,Siuen,119.0,宣公十五年,QUINZIÈME ANNÉE,593.0,夏五月，宋人及楚人平。,"En été, au cinquième mois, les habitants de Soung firent la paix avec ceux de Tch’ou."
873,春秋,Tch'ouen Ts'iou,卷七,LIVRE VII,宣公,Siuen,120.0,宣公十五年,QUINZIÈME ANNÉE,593.0,六月癸卯，晋师灭赤狄潞氏，以潞子婴儿归。,"Au sixième mois, le jour kouèi maò, l’armée de Tsin anéantit la tribu de Lou, une des tribus des Ti Rouges, et emmena à Tsin Ing eul, chef de cette tribu."
874,春秋,Tch'ouen Ts'iou,卷七,LIVRE VII,宣公,Siuen,121.0,宣公十五年,QUINZIÈME ANNÉE,593.0,秦人伐晋。,L’armée de Ts’in envahit Tsin.
875,春秋,Tch'ouen Ts'iou,卷七,LIVRE VII,宣公,Siuen,122.0,宣公十五年,QUINZIÈME ANNÉE,593.0,王札子杀召伯、毛伯。,"Tcha, fils de l’un des empereurs de la Chine, mit à mort le prince de Chao et le prince de Mao, tous deux ministres de l’empire."
876,春秋,Tch'ouen Ts'iou,卷七,LIVRE VII,宣公,Siuen,123.0,宣公十五年,QUINZIÈME ANNÉE,593.0,秋，螽。,"En automne, il y eut des sauterelles."
877,春秋,Tch'ouen Ts'iou,卷七,LIVRE VII,宣公,Siuen,124.0,宣公十五年,QUINZIÈME ANNÉE,593.0,仲孙蔑会齐高固于无娄。,"Tchoung suen Mie alla trouver Kao Kou de Ts’i à Ou leou, ville de K’ì."
878,春秋,Tch'ouen Ts'iou,卷七,LIVRE VII,宣公,Siuen,125.0,宣公十五年,QUINZIÈME ANNÉE,593.0,初税亩。,On commença à mettre des impôts sur les terres labourées des particuliers.
879,春秋,Tch'ouen Ts'iou,卷七,LIVRE VII,宣公,Siuen,126.0,宣公十五年,QUINZIÈME ANNÉE,593.0,冬，蝝生。,"En hiver, éclosion de sauterelles."
880,春秋,Tch'ouen Ts'iou,卷七,LIVRE VII,宣公,Siuen,127.0,宣公十五年,QUINZIÈME ANNÉE,593.0,饥。,La terre fut stérile.
881,春秋,Tch'ouen Ts'iou,卷七,LIVRE VII,宣公,Siuen,128.0,宣公十六年,SEIZIÈME ANNÉE,592.0,十有六年春，王正月，晋人灭赤狄甲氏及留吁。,"Au printemps, au premier mois selon le calendrier impérial (décembre-janvier), Tsin anéantit deux tribus de Ti Rouges, les tribus de Kia cheu et de Liou hiu."
882,春秋,Tch'ouen Ts'iou,卷七,LIVRE VII,宣公,Siuen,129.0,宣公十六年,SEIZIÈME ANNÉE,592.0,夏，成周宣榭火。,"En été, le feu prit au belvédère où l’on expliquait l’art militaire (ou bien, au temple dédié à l’empereur Siuen ouang), à Tch’eng tcheou, près de Lô iâng, capitale de l’empire."
883,春秋,Tch'ouen Ts'iou,卷七,LIVRE VII,宣公,Siuen,130.0,宣公十六年,SEIZIÈME ANNÉE,592.0,秋，郯伯姬来归。,"En automne, Ki, sœur aînée du prince de Lou et femme du prince de T’an, revint à Lou."
884,春秋,Tch'ouen Ts'iou,卷七,LIVRE VII,宣公,Siuen,131.0,宣公十六年,SEIZIÈME ANNÉE,592.0,冬，大有年。,"En hiver (en septembre), la moisson fut très abondante."
885,春秋,Tch'ouen Ts'iou,卷七,LIVRE VII,宣公,Siuen,132.0,宣公十七年,DIX-SEPTIÈME ANNÉE,591.0,十有七年春，王正月庚子，许男锡我卒。,"Au printemps, au premier mois selon le calendrier impérial (décembre-janvier), le jour kēng tsèu, Si ngo (Tchaō kōung), prince de Hiu, mourut."
886,春秋,Tch'ouen Ts'iou,卷七,LIVRE VII,宣公,Siuen,133.0,宣公十七年,DIX-SEPTIÈME ANNÉE,591.0,丁未，蔡侯申卒。,"Le jour tīng ouéi, Chen (Ouên kōung), prince de Ts’ai, mourut."
887,春秋,Tch'ouen Ts'iou,卷七,LIVRE VII,宣公,Siuen,134.0,宣公十七年,DIX-SEPTIÈME ANNÉE,591.0,夏，葬许昭公。,"En été, on enterra Tchao koung, prince de Hiu."
888,春秋,Tch'ouen Ts'iou,卷七,LIVRE VII,宣公,Siuen,135.0,宣公十七年,DIX-SEPTIÈME ANNÉE,591.0,葬蔡文公。,"On enterra Ouen koung, prince de Ts’ai."
889,春秋,Tch'ouen Ts'iou,卷七,LIVRE VII,宣公,Siuen,136.0,宣公十七年,DIX-SEPTIÈME ANNÉE,591.0,六月癸卯，日有食之。,"Au sixième mois, le jour kouèi maò, le soleil fut éclipsé."
890,春秋,Tch'ouen Ts'iou,卷七,LIVRE VII,宣公,Siuen,137.0,宣公十七年,DIX-SEPTIÈME ANNÉE,591.0,己未，公会晋侯、卫侯、曹伯、邾子同盟于断道。,"Le jour kì ouéi, le prince de Lou alla trouver les princes de Tsin, de Ouei, de Ts’ao et de Tchou, et fit un traité avec eux à Touan tao, sur le territoire de Tsin."
891,春秋,Tch'ouen Ts'iou,卷七,LIVRE VII,宣公,Siuen,138.0,宣公十七年,DIX-SEPTIÈME ANNÉE,591.0,秋，公至自会。,"En automne, le prince de Lou arriva de la réunion des princes."
892,春秋,Tch'ouen Ts'iou,卷七,LIVRE VII,宣公,Siuen,139.0,宣公十七年,DIX-SEPTIÈME ANNÉE,591.0,冬十有一月壬午，公弟叔肸卒。,"En hiver, au onzième mois, le jour jên òu, mourut Hi, né du même père et de la même mère que le prince de Lou."
893,春秋,Tch'ouen Ts'iou,卷七,LIVRE VII,宣公,Siuen,140.0,宣公十八年,DIX-HUITIÈME ANNÉE,590.0,十有八年春，晋侯、卫世子臧伐齐。,"Au printemps, le prince de Tsin et Tsang, héritier présomptif du prince de Ouei, envahirent Ts’i."
894,春秋,Tch'ouen Ts'iou,卷七,LIVRE VII,宣公,Siuen,141.0,宣公十八年,DIX-HUITIÈME ANNÉE,590.0,公伐杞。,Le prince de Lou envahit K’i.
895,春秋,Tch'ouen Ts'iou,卷七,LIVRE VII,宣公,Siuen,142.0,宣公十八年,DIX-HUITIÈME ANNÉE,590.0,夏四月。,"En été, au quatrième mois."
896,春秋,Tch'ouen Ts'iou,卷七,LIVRE VII,宣公,Siuen,143.0,宣公十八年,DIX-HUITIÈME ANNÉE,590.0,秋七月，邾人戕鄫子于鄫。,"En automne, au septième mois, des hommes de Tchou mirent à mort le prince de Ts’eng à Ts’eng."
897,春秋,Tch'ouen Ts'iou,卷七,LIVRE VII,宣公,Siuen,144.0,宣公十八年,DIX-HUITIÈME ANNÉE,590.0,甲戌，楚子旅卒。,"Le jour kiă siŭ, Liu, prince de Tch’ou, mourut."
898,春秋,Tch'ouen Ts'iou,卷七,LIVRE VII,宣公,Siuen,145.0,宣公十八年,DIX-HUITIÈME ANNÉE,590.0,公孙归父如晋。,Koung suen Kouei fou alla à Tsin.
899,春秋,Tch'ouen Ts'iou,卷七,LIVRE VII,宣公,Siuen,146.0,宣公十八年,DIX-HUITIÈME ANNÉE,590.0,冬十月壬戌，公薨于路寝。,"En hiver, au dixième mois, le jour jên siŭ, le prince de Lou mourut dans ses appartements particuliers."
900,春秋,Tch'ouen Ts'iou,卷七,LIVRE VII,宣公,Siuen,147.0,宣公十八年,DIX-HUITIÈME ANNÉE,590.0,归父还自晋，至笙，遂奔齐。,"Kouei fou, revenant de Tsin, s’arrêta à Cheng. De là il s’enfuit à Ts’i."
901,春秋,Tch'ouen Ts'iou,卷八,LIVRE VIII,成公,Tch'eng,1.0,成公元年,PREMIÈRE ANNÉE,589.0,元年春，王正月，公即位。,"Au printemps, au premier mois de l’année selon le calendrier impérial (décembre-janvier), Tch’eng koung commença son règne."
902,春秋,Tch'ouen Ts'iou,卷八,LIVRE VIII,成公,Tch'eng,2.0,成公元年,PREMIÈRE ANNÉE,589.0,二月辛酉，葬我君宣公。,"Au deuxième mois, le jour sīn iòu, on enterra notre prince Siuen koung."
903,春秋,Tch'ouen Ts'iou,卷八,LIVRE VIII,成公,Tch'eng,3.0,成公元年,PREMIÈRE ANNÉE,589.0,无冰。,Il n’y eut pas de glace.
904,春秋,Tch'ouen Ts'iou,卷八,LIVRE VIII,成公,Tch'eng,4.0,成公元年,PREMIÈRE ANNÉE,589.0,三月，作丘甲。,"Au troisième mois, le prince de Lou ordonna que chaque k’iōu (16 tsìng de terre) fournirait un kiă (un attelage de quatre chevaux, douze bœufs, trois hommes munis de cuirasses et soixante-douze fantassins, quatre fois plus que d’ordinaire)."
905,春秋,Tch'ouen Ts'iou,卷八,LIVRE VIII,成公,Tch'eng,5.0,成公元年,PREMIÈRE ANNÉE,589.0,夏，臧孙许及晋侯盟于赤棘。,"En été, Tsang suen Hiu de Lou fit un traité avec le prince de Tsin à Tch’eu ki."
906,春秋,Tch'ouen Ts'iou,卷八,LIVRE VIII,成公,Tch'eng,6.0,成公元年,PREMIÈRE ANNÉE,589.0,秋，王师败绩于茅戎。,"En automne, (le prince de Lou reçut l’annonce de) la défaite de l’armée impériale dans le pays des Mao Joung."
907,春秋,Tch'ouen Ts'iou,卷八,LIVRE VIII,成公,Tch'eng,7.0,成公元年,PREMIÈRE ANNÉE,589.0,冬十月。,"En hiver, au dixième mois."
908,春秋,Tch'ouen Ts'iou,卷八,LIVRE VIII,成公,Tch'eng,8.0,成公二年,DEUXIÈME ANNÉE,588.0,二年春，齐侯伐我北鄙。,"Au printemps, le prince de Ts’i envahit nos frontières septentrionales."
909,春秋,Tch'ouen Ts'iou,卷八,LIVRE VIII,成公,Tch'eng,9.0,成公二年,DEUXIÈME ANNÉE,588.0,夏四月丙戌，卫孙良夫帅师及齐师战于新筑，卫师败绩。,"En été, au quatrième mois, le jour pìng siŭ, Suen Leang fou de Ouei, à la tête d’une armée, combattit contre l’armée de Ts’i à Sin tchou, sur le territoire de Ouei. L’armée de Ouei fut complètement défaite."
910,春秋,Tch'ouen Ts'iou,卷八,LIVRE VIII,成公,Tch'eng,10.0,成公二年,DEUXIÈME ANNÉE,588.0,六月癸酉，季孙行父、臧孙许、叔孙侨如、公孙婴齐帅师会晋郤克、卫孙良夫、曹公子首及齐侯战于鞌，齐师败绩。,"Au sixième mois, le jour kouèi iòu, Ki suen Hang fou, Tsang suen Hiu, Chou suen K’iao jou, Koung suen Ing ts’i, à la tête de l’armée de Lou, se joignirent à K’i K’o de Tsin, à Suen Leang fou de Ouei, à Koung tseu Cheou de Ts’ao, et combattirent avec eux contre le prince de Ts’i à Ngan. L’armée de Ts’i fut complètement défaite."
911,春秋,Tch'ouen Ts'iou,卷八,LIVRE VIII,成公,Tch'eng,11.0,成公二年,DEUXIÈME ANNÉE,588.0,秋七月，齐侯使国佐如师。己酉，及国佐盟于袁娄。,"En automne, au septième mois, le prince de Ts’i envoya Kouo Tso à l’armée de Tsin. Le jour kì iòu, elle conclut un traité avec Kouo Tso à Iuen Ieou."
912,春秋,Tch'ouen Ts'iou,卷八,LIVRE VIII,成公,Tch'eng,12.0,成公二年,DEUXIÈME ANNÉE,588.0,八月壬午，宋公鲍卒。,"Au huitième mois, le jour jên òu, Pao (Ouen koung), prince de Soung, mourut."
913,春秋,Tch'ouen Ts'iou,卷八,LIVRE VIII,成公,Tch'eng,13.0,成公二年,DEUXIÈME ANNÉE,588.0,庚寅，卫侯速卒。,"Le jour kēng în, Sou (Mou koung), prince de Ouei, mourut."
914,春秋,Tch'ouen Ts'iou,卷八,LIVRE VIII,成公,Tch'eng,14.0,成公二年,DEUXIÈME ANNÉE,588.0,取汶阳田。,"Le prince de Lou rentra en possession des terres de Ouen iang, que le prince de Ts’i nous avait prises."
915,春秋,Tch'ouen Ts'iou,卷八,LIVRE VIII,成公,Tch'eng,15.0,成公二年,DEUXIÈME ANNÉE,588.0,冬，楚师、郑师侵卫。,"En hiver, les troupes de Tch’ou et de Tcheng envahirent Ouei."
916,春秋,Tch'ouen Ts'iou,卷八,LIVRE VIII,成公,Tch'eng,16.0,成公二年,DEUXIÈME ANNÉE,588.0,十有一月，公会楚公子婴齐于蜀。,"Au onzième mois, le prince de Lou alla à Chou conférer avec Ing ts’i, fils du prince de Tch’ou."
917,春秋,Tch'ouen Ts'iou,卷八,LIVRE VIII,成公,Tch'eng,17.0,成公二年,DEUXIÈME ANNÉE,588.0,丙申，公及楚人、秦人、宋人、陈人、卫人、郑人、齐人、曹人、邾人、薛人、鄫人盟于蜀。,"Le jour pìng chēn, le prince de Lou fit un traité à Chou avec les envoyés de Tch’ou, de Ts’in, de Soung, de Tch’en, de Ouei, de Tcheng, de Ts’i, de Ts’ao, de Tchou, de Sie et de Tseng."
918,春秋,Tch'ouen Ts'iou,卷八,LIVRE VIII,成公,Tch'eng,18.0,成公三年,TROISIÈME ANNÉE,587.0,三年春，王正月，公会晋侯、宋公、卫侯、曹伯伐郑。,"Au printemps, au premier mois de l’année selon le calendrier impérial (décembre-janvier), le prince de Lou se joignit aux princes de Tsin, de Soung, de Ouei et de Ts’ao, et envahit Tcheng."
919,春秋,Tch'ouen Ts'iou,卷八,LIVRE VIII,成公,Tch'eng,19.0,成公三年,TROISIÈME ANNÉE,587.0,辛亥，葬卫穆公。,"Le jour sīn hái, on enterra Mou koung, prince de Ouei."
920,春秋,Tch'ouen Ts'iou,卷八,LIVRE VIII,成公,Tch'eng,20.0,成公三年,TROISIÈME ANNÉE,587.0,二月，公至自伐郑。,"Au troisième mois, le prince de Lou arriva de son expédition contre Tcheng."
921,春秋,Tch'ouen Ts'iou,卷八,LIVRE VIII,成公,Tch'eng,21.0,成公三年,TROISIÈME ANNÉE,587.0,甲子，新宫灾，三日哭。,"Le jour kiă tsèu, la salle du temple des ancêtres où l’on venait de placer la tablette de Siuēn kōung de Lou, fut incendiée. On fit des lamentations durant trois jours."
922,春秋,Tch'ouen Ts'iou,卷八,LIVRE VIII,成公,Tch'eng,22.0,成公三年,TROISIÈME ANNÉE,587.0,乙亥，葬宋文公。,"Le jour ĭ hái, on enterra Ouen koung, prince de Soung."
923,春秋,Tch'ouen Ts'iou,卷八,LIVRE VIII,成公,Tch'eng,23.0,成公三年,TROISIÈME ANNÉE,587.0,夏，公如晋。,"En été, le prince de Lou alla à Tsin."
924,春秋,Tch'ouen Ts'iou,卷八,LIVRE VIII,成公,Tch'eng,24.0,成公三年,TROISIÈME ANNÉE,587.0,郑公子去疾帅师伐许。,"K’iu tsi (Tseu leang), fils du prince Mŏu kōung de Tcheng, à la tête d’une armée, envahit Hiu."
925,春秋,Tch'ouen Ts'iou,卷八,LIVRE VIII,成公,Tch'eng,25.0,成公三年,TROISIÈME ANNÉE,587.0,公至自晋。,"Le prince de Lou arriva à Lou, revenant de Tsin."
926,春秋,Tch'ouen Ts'iou,卷八,LIVRE VIII,成公,Tch'eng,26.0,成公三年,TROISIÈME ANNÉE,587.0,秋，叔孙侨如帅师围棘。,"En automne, Chou suen K’iao jou (Tĕ tch’ên), à la tête d’une armée, assiégea Ki."
927,春秋,Tch'ouen Ts'iou,卷八,LIVRE VIII,成公,Tch'eng,27.0,成公三年,TROISIÈME ANNÉE,587.0,大雩。,Offrande solennelle pour demander la pluie.
928,春秋,Tch'ouen Ts'iou,卷八,LIVRE VIII,成公,Tch'eng,28.0,成公三年,TROISIÈME ANNÉE,587.0,晋郤克、卫孙良夫伐啬咎如。,K’i K’o de Tsin et Suen Leang fou de Ouei attaquèrent la tribu des Ts’iang kiou jou.
929,春秋,Tch'ouen Ts'iou,卷八,LIVRE VIII,成公,Tch'eng,29.0,成公三年,TROISIÈME ANNÉE,587.0,冬十有一月，晋侯使荀庚来聘。卫侯使孙良夫来聘。,"En hiver, au onzième mois, Siun Keng, envoyé du prince de Tsin, et Suen Leang fou, envoyé du prince de Ouei, vinrent faire visite au prince de Lou."
930,春秋,Tch'ouen Ts'iou,卷八,LIVRE VIII,成公,Tch'eng,30.0,成公三年,TROISIÈME ANNÉE,587.0,丙午，及荀庚盟。丁未，及孙良夫盟。,"Le jour pìng òu, le prince de Lou conclut un traité avec Siun Keng, et le jour tīng ouéi, avec Suen Leang fou."
931,春秋,Tch'ouen Ts'iou,卷八,LIVRE VIII,成公,Tch'eng,31.0,成公三年,TROISIÈME ANNÉE,587.0,郑伐许。,Tcheng envahit Hiu.
932,春秋,Tch'ouen Ts'iou,卷八,LIVRE VIII,成公,Tch'eng,32.0,成公四年,QUATRIÈME ANNÉE,586.0,四年春，宋公使华元来聘。,"Au printemps, Houa Iuen, envoyé du prince de Soung, vint à Lou faire une visite d’amitié."
933,春秋,Tch'ouen Ts'iou,卷八,LIVRE VIII,成公,Tch'eng,33.0,成公四年,QUATRIÈME ANNÉE,586.0,三月壬申，郑伯坚卒。,"Au troisième mois, le jour jên chēn, Kien  (Siāng kōung), prince de Tcheng, mourut."
934,春秋,Tch'ouen Ts'iou,卷八,LIVRE VIII,成公,Tch'eng,34.0,成公四年,QUATRIÈME ANNÉE,586.0,杞伯来朝。,Le prince de K’i vint faire une visite officielle au prince de Lou.
935,春秋,Tch'ouen Ts'iou,卷八,LIVRE VIII,成公,Tch'eng,35.0,成公四年,QUATRIÈME ANNÉE,586.0,夏四月甲寅，臧孙许卒。,"En été, au quatrième mois, le jour kiă în, Tsang suen Hiu, officier de Lou, mourut."
936,春秋,Tch'ouen Ts'iou,卷八,LIVRE VIII,成公,Tch'eng,36.0,成公四年,QUATRIÈME ANNÉE,586.0,公如晋。,Le prince de Lou alla à Tsin.
937,春秋,Tch'ouen Ts'iou,卷八,LIVRE VIII,成公,Tch'eng,37.0,成公四年,QUATRIÈME ANNÉE,586.0,葬郑襄公。,"On enterra Siang koung, prince de Tcheng."
938,春秋,Tch'ouen Ts'iou,卷八,LIVRE VIII,成公,Tch'eng,38.0,成公四年,QUATRIÈME ANNÉE,586.0,秋，公至自晋。,"En automne, le prince de Lou arriva de Tsin."
939,春秋,Tch'ouen Ts'iou,卷八,LIVRE VIII,成公,Tch'eng,39.0,成公四年,QUATRIÈME ANNÉE,586.0,冬，城郓。,"En hiver, le prince de Lou fit fortifier Iun (pour se prémunir contre Tsin)."
940,春秋,Tch'ouen Ts'iou,卷八,LIVRE VIII,成公,Tch'eng,40.0,成公四年,QUATRIÈME ANNÉE,586.0,郑伯伐许。,Le prince de Tcheng envahit Hiu.
941,春秋,Tch'ouen Ts'iou,卷八,LIVRE VIII,成公,Tch'eng,41.0,成公五年,CINQUIÈME ANNÉE,585.0,五年春，王正月，杞叔姬来归。,"Au printemps, au premier mois de l’année selon le calendrier impérial (décembre-janvier), Ki, sœur puînée ou fille de Tch’êng koung de Lou et femme du prince de K’i, revint à Lou."
942,春秋,Tch'ouen Ts'iou,卷八,LIVRE VIII,成公,Tch'eng,42.0,成公五年,CINQUIÈME ANNÉE,585.0,仲孙蔑如宋。,Tchoung suen Mie (Meng Hien tseu) alla à Soung.
943,春秋,Tch'ouen Ts'iou,卷八,LIVRE VIII,成公,Tch'eng,43.0,成公五年,CINQUIÈME ANNÉE,585.0,夏，叔孙侨如会晋荀首于穀。,"En été, Chou suen K’iao jou (Siuen pe) alla trouver Siun Cheou de Tsin à Kou, sur le territoire de Ts’i."
944,春秋,Tch'ouen Ts'iou,卷八,LIVRE VIII,成公,Tch'eng,44.0,成公五年,CINQUIÈME ANNÉE,585.0,梁山崩。,Le mont Leang (sur le territoire de Tsin) s’écroula.
945,春秋,Tch'ouen Ts'iou,卷八,LIVRE VIII,成公,Tch'eng,45.0,成公五年,CINQUIÈME ANNÉE,585.0,秋，大水。,"En automne, grande inondation à Lou."
946,春秋,Tch'ouen Ts'iou,卷八,LIVRE VIII,成公,Tch'eng,46.0,成公五年,CINQUIÈME ANNÉE,585.0,冬十有一月己酉，天王崩。,"En hiver, au onzième mois, le jour kì iòu, le souverain du céleste empire (Ting ouang) mourut."
947,春秋,Tch'ouen Ts'iou,卷八,LIVRE VIII,成公,Tch'eng,47.0,成公五年,CINQUIÈME ANNÉE,585.0,十有二月己丑，公会晋侯、齐侯、宋公、卫侯、郑伯、曹伯、邾子、杞伯同盟于虫牢。,"Au douzième mois, le jour kì tch’eòu, le prince de Lou alla trouver les princes de Tsin, de Ts’i, de Soung, de Ouei, de Tcheng, de Ts’ao, de Tchou et de K’i, et conclut un traité avec p.52 eux à Tch’oung lao, sur le territoire de Tcheng."
948,春秋,Tch'ouen Ts'iou,卷八,LIVRE VIII,成公,Tch'eng,48.0,成公六年,SIXIÈME ANNÉE,584.0,六年春，王正月，公至自会。,"Au printemps, au premier mois de l’année selon le calendrier impérial (décembre-janvier), le prince de Lou arriva de la réunion de Tch’oung lao."
949,春秋,Tch'ouen Ts'iou,卷八,LIVRE VIII,成公,Tch'eng,49.0,成公六年,SIXIÈME ANNÉE,584.0,二月辛巳，立武宫。,"Au deuxième mois, le jour sīn séu, on bâtit à Lou un temple à Ou koung, ancien prince de Lou. (825-815)."
950,春秋,Tch'ouen Ts'iou,卷八,LIVRE VIII,成公,Tch'eng,50.0,成公六年,SIXIÈME ANNÉE,584.0,取鄟。,"Lou s’empara de Tchouan, principauté vassale de Lou."
951,春秋,Tch'ouen Ts'iou,卷八,LIVRE VIII,成公,Tch'eng,51.0,成公六年,SIXIÈME ANNÉE,584.0,卫孙良夫帅师侵宋。,"Suen Leang fou de Ouei, à la tête d’une armée, envahit Soung."
952,春秋,Tch'ouen Ts'iou,卷八,LIVRE VIII,成公,Tch'eng,52.0,成公六年,SIXIÈME ANNÉE,584.0,夏六月，邾子来朝。,"En été, au sixième mois, le prince de Tchou vint à Lou faire une visite officielle."
953,春秋,Tch'ouen Ts'iou,卷八,LIVRE VIII,成公,Tch'eng,53.0,成公六年,SIXIÈME ANNÉE,584.0,公孙婴齐如晋。,"Ing ts’i (Tseu chou Cheng pe), petit-fils de Ouên kōung de Lou, alla à Tsin."
954,春秋,Tch'ouen Ts'iou,卷八,LIVRE VIII,成公,Tch'eng,54.0,成公六年,SIXIÈME ANNÉE,584.0,壬申，郑伯费卒。,"Le jour jên chēn, Fei, prince de Tcheng, mourut."
955,春秋,Tch'ouen Ts'iou,卷八,LIVRE VIII,成公,Tch'eng,55.0,成公六年,SIXIÈME ANNÉE,584.0,秋，仲孙蔑、叔孙侨如帅师侵宋。,"En automne, Tchoung suen Mie (Meng Hien tseu) et Chou suen K’iao jou (Siuen pe), à la tête d’une armée, envahirent Soung."
956,春秋,Tch'ouen Ts'iou,卷八,LIVRE VIII,成公,Tch'eng,56.0,成公六年,SIXIÈME ANNÉE,584.0,楚公子婴齐帅师伐郑。,Koung tseu Ing ts’i (Tseu tchoung) de Tch’ou envahit Tcheng.
957,春秋,Tch'ouen Ts'iou,卷八,LIVRE VIII,成公,Tch'eng,57.0,成公六年,SIXIÈME ANNÉE,584.0,冬，季孙行父如晋。,"En hiver, Ki suen Hang fou (Ouen tseu) alla à Tsin."
958,春秋,Tch'ouen Ts'iou,卷八,LIVRE VIII,成公,Tch'eng,58.0,成公六年,SIXIÈME ANNÉE,584.0,晋栾书帅师救郑。,"Louan Chou de Tsin, à la tête d’une armée, alla au secours de Tcheng."
959,春秋,Tch'ouen Ts'iou,卷八,LIVRE VIII,成公,Tch'eng,59.0,成公七年,SEPTIÈME ANNÉE,583.0,七年春，王正月，鼷鼠食郊牛角，改卜牛。鼷鼠又食其角，乃免牛。,"Au printemps, au premier mois de l’année selon le calendrier impérial (décembre-janvier) un petit rat rongea les cornes du bœuf qui devait être immolé dans la campagne. On choisit un autre bœuf qui fut approuvé par les sorts. Le petit rat lui rongea aussi les cornes. On n’immola pas de bœuf."
960,春秋,Tch'ouen Ts'iou,卷八,LIVRE VIII,成公,Tch'eng,60.0,成公七年,SEPTIÈME ANNÉE,583.0,吴伐郯。,Ou envahit T’an.
961,春秋,Tch'ouen Ts'iou,卷八,LIVRE VIII,成公,Tch'eng,61.0,成公七年,SEPTIÈME ANNÉE,583.0,夏五月，曹伯来朝。,"En été, au cinquième mois, Siuen koung, prince de Ts’ao, vint faire une visite officielle au prince de Lou."
962,春秋,Tch'ouen Ts'iou,卷八,LIVRE VIII,成公,Tch'eng,62.0,成公七年,SEPTIÈME ANNÉE,583.0,不郊，犹三望。,Le sacrifice au ciel dans la campagne n’eut pas lieu. Le prince de Lou sacrifia néanmoins aux trois sortes d’esprits.
963,春秋,Tch'ouen Ts'iou,卷八,LIVRE VIII,成公,Tch'eng,63.0,成公七年,SEPTIÈME ANNÉE,583.0,秋，楚公子婴齐帅师伐郑。公会晋侯、齐侯、宋公、卫侯、曹伯、莒子、邾子、杞伯救郑。八月戊辰，同盟于马陵。,"En automne, Koung tseu Ing ts’i de Tch’ou, à la tête d’une armée, envahit Tcheng. Le prince de Lou se joignit aux princes de Tsin, de Ts’i, de Soung, de Ouei, de Ts’ao, de Kiu, de Tchou et de K’i, pour secourir Tcheng. Au huitième mois, le jour meóu tch’ên, il fit un traité avec eux à Ma ling, sur le territoire de Ouei."
964,春秋,Tch'ouen Ts'iou,卷八,LIVRE VIII,成公,Tch'eng,64.0,成公七年,SEPTIÈME ANNÉE,583.0,公至自会。,Le prince de Lou arriva de la réunion des princes.
965,春秋,Tch'ouen Ts'iou,卷八,LIVRE VIII,成公,Tch'eng,65.0,成公七年,SEPTIÈME ANNÉE,583.0,吴入州来。,"Ou entra dans Tcheou lai, ville de Tch’ou."
966,春秋,Tch'ouen Ts'iou,卷八,LIVRE VIII,成公,Tch'eng,66.0,成公七年,SEPTIÈME ANNÉE,583.0,冬，大雩。,"En hiver, sacrifice solennel pour demander la pluie. (En hiver, il est trop tard, disent les commentateurs)."
967,春秋,Tch'ouen Ts'iou,卷八,LIVRE VIII,成公,Tch'eng,67.0,成公七年,SEPTIÈME ANNÉE,583.0,卫孙林父出奔晋。,Suen Lin fou de Ouei s’enfuit à Tsin.
968,春秋,Tch'ouen Ts'iou,卷八,LIVRE VIII,成公,Tch'eng,68.0,成公八年,HUITIÈME ANNÉE,582.0,八年春，晋侯使韩穿来言汶阳之田，归之于齐。,"Au printemps, Han Tch’ouan, envoyé par le prince de Tsin, vint parler des terres de Ouen iang. Lou les rendit à Ts’i."
969,春秋,Tch'ouen Ts'iou,卷八,LIVRE VIII,成公,Tch'eng,69.0,成公八年,HUITIÈME ANNÉE,582.0,晋栾书帅师侵蔡。,"Louan Chou de Tsin, à la tête d’une armée, envahit Ts’ai."
970,春秋,Tch'ouen Ts'iou,卷八,LIVRE VIII,成公,Tch'eng,70.0,成公八年,HUITIÈME ANNÉE,582.0,公孙婴齐如莒。,Koung suen Ing ts’i (Cheng pe) alla à Kiu.
971,春秋,Tch'ouen Ts'iou,卷八,LIVRE VIII,成公,Tch'eng,71.0,成公八年,HUITIÈME ANNÉE,582.0,宋公使华元来聘。,"Houa Iuen, envoyé par le prince de Soung, vint faire visite au prince de Lou. Il demanda en mariage, pour Koung koung, prince de Soung, Ki, sœur du prince Tch’êng kōung."
972,春秋,Tch'ouen Ts'iou,卷八,LIVRE VIII,成公,Tch'eng,72.0,成公八年,HUITIÈME ANNÉE,582.0,夏，宋公使公孙寿来纳币。,"En été, Koung suen Cheou, envoyé du prince de Soung, vint apporter les présents des fiançailles."
973,春秋,Tch'ouen Ts'iou,卷八,LIVRE VIII,成公,Tch'eng,73.0,成公八年,HUITIÈME ANNÉE,582.0,晋杀其大夫赵同、赵括。,Tsin mit à mort ses grands préfets Tchao T’oung et Tchao Kouo.
974,春秋,Tch'ouen Ts'iou,卷八,LIVRE VIII,成公,Tch'eng,74.0,成公八年,HUITIÈME ANNÉE,582.0,秋七月，天子使召伯来赐公命。,"Au printemps, au septième mois, le prince de Chao (Houan koung), envoyé du fils du ciel, vint apporter au prince de Lou les insignes que l’empereur a coutume de conférer aux chefs d’États."
975,春秋,Tch'ouen Ts'iou,卷八,LIVRE VIII,成公,Tch'eng,75.0,成公八年,HUITIÈME ANNÉE,582.0,冬十月癸卯，杞叔姬卒。,"En hiver, au dixième mois, le jour kouèi maò, Ki, sœur puînée du prince Ouên de Lou et femme du prince de K’i, mourut."
976,春秋,Tch'ouen Ts'iou,卷八,LIVRE VIII,成公,Tch'eng,76.0,成公八年,HUITIÈME ANNÉE,582.0,晋侯使士燮来聘。叔孙侨如会晋士燮、齐人、邾人伐郯。,"Cheu Sie, envoyé du prince de Tsin, vint faire visite au prince de Lou. Chou suen K’iao jou, avec Cheu Sie de Tsin et des officiers de Ts’i et de Tchou, attaqua T’an."
977,春秋,Tch'ouen Ts'iou,卷八,LIVRE VIII,成公,Tch'eng,77.0,成公八年,HUITIÈME ANNÉE,582.0,卫人来媵。,Un officier de Ouei vint avec des femmes pour accompagner une fiancée.
978,春秋,Tch'ouen Ts'iou,卷八,LIVRE VIII,成公,Tch'eng,78.0,成公九年,NEUVIÈME ANNÉE,581.0,九年春，王正月，杞伯来逆叔姬之丧以归。,"Au printemps, au premier mois de l’année selon le calendrier impérial (décembre-janvier), le prince de K’i (Houan koung) vint chercher le cercueil de sa femme Chou Ki et l’emmena."
979,春秋,Tch'ouen Ts'iou,卷八,LIVRE VIII,成公,Tch'eng,79.0,成公九年,NEUVIÈME ANNÉE,581.0,公会晋侯、齐侯、宋公、卫侯、郑伯、曹伯、莒子、杞伯同盟于蒲。,"Le prince de Lou alla trouver les princes de Tsin, de Ts’i, de Soung, de Ouei, de Tcheng, de Ts’ao, de Kiu et de K’i, et fit un traité avec eux à P’ou, sur le territoire de Ouei."
980,春秋,Tch'ouen Ts'iou,卷八,LIVRE VIII,成公,Tch'eng,80.0,成公九年,NEUVIÈME ANNÉE,581.0,公至自会。,"Le prince de Lou, revenant de la réunion des princes, arriva à Lou."
981,春秋,Tch'ouen Ts'iou,卷八,LIVRE VIII,成公,Tch'eng,81.0,成公九年,NEUVIÈME ANNÉE,581.0,二月，伯姬归于宋。,"Au deuxième mois, Ki, fille aînée de Siuēn kōung de Lou, alla à Soung célébrer ses noces avec le prince de Soung."
982,春秋,Tch'ouen Ts'iou,卷八,LIVRE VIII,成公,Tch'eng,82.0,成公九年,NEUVIÈME ANNÉE,581.0,夏，季孙行父如宋致女。,"En été, Ki suen Hang fou (Ki Ouen tseu) alla à Soung porter un message du prince de Lou à sa sœur Pe ki, mariée au prince de Soung."
983,春秋,Tch'ouen Ts'iou,卷八,LIVRE VIII,成公,Tch'eng,83.0,成公九年,NEUVIÈME ANNÉE,581.0,晋人来媵。,Un officier de Tsin vint amener des femmes de Tsin destinées à aller à Soung tenir compagnie à Pe Ki dans le sérail du prince.
984,春秋,Tch'ouen Ts'iou,卷八,LIVRE VIII,成公,Tch'eng,84.0,成公九年,NEUVIÈME ANNÉE,581.0,秋七月丙子，齐侯无野卒。,"En automne, au septième mois, le jour pìng tsèu, Ou ie (K’īng kōung), prince de Ts’i, mourut."
985,春秋,Tch'ouen Ts'iou,卷八,LIVRE VIII,成公,Tch'eng,85.0,成公九年,NEUVIÈME ANNÉE,581.0,晋人执郑伯。晋栾书帅师伐郑。,"Les officiers de Tsin saisirent et retinrent le prince de Tcheng. Louan Chou de Tsin, à la tête d’une armée, envahit Tcheng."
986,春秋,Tch'ouen Ts'iou,卷八,LIVRE VIII,成公,Tch'eng,86.0,成公九年,NEUVIÈME ANNÉE,581.0,冬十有一月，葬齐顷公。,"En hiver, on enterra K’ing koung, prince de Ts’i."
987,春秋,Tch'ouen Ts'iou,卷八,LIVRE VIII,成公,Tch'eng,87.0,成公九年,NEUVIÈME ANNÉE,581.0,楚公子婴齐帅师伐郑。庚申，莒溃。楚人入郓。,"Koung tseu Ing ts’i (Tseu tchoung) de Tch’ou, à la tête d’une armée, envahit Kiu. Le jour kēng chēn, les habitants de Kiu se dispersèrent. L’armée de Tch’ou entra dans Iun, ville de Kiu."
988,春秋,Tch'ouen Ts'iou,卷八,LIVRE VIII,成公,Tch'eng,88.0,成公九年,NEUVIÈME ANNÉE,581.0,秦人、白狄伐晋。,Les soldats de Ts’in et les Ti Blancs envahirent Tsin.
989,春秋,Tch'ouen Ts'iou,卷八,LIVRE VIII,成公,Tch'eng,89.0,成公九年,NEUVIÈME ANNÉE,581.0,郑人围许。,L’année de Tcheng assiégea la capitale de Hiu.
990,春秋,Tch'ouen Ts'iou,卷八,LIVRE VIII,成公,Tch'eng,90.0,成公九年,NEUVIÈME ANNÉE,581.0,城中城。,Lou fortifia Tchoung tch’eng.
991,春秋,Tch'ouen Ts'iou,卷八,LIVRE VIII,成公,Tch'eng,91.0,成公十年,DIXIÈME ANNÉE,580.0,十年春，卫侯之弟黑背帅师侵郑。,"Au printemps, He pei, frère puîné du prince de Ouei, à la tête d’une armée, envahit Tcheng."
992,春秋,Tch'ouen Ts'iou,卷八,LIVRE VIII,成公,Tch'eng,92.0,成公十年,DIXIÈME ANNÉE,580.0,夏四月，五卜郊，不从，乃不郊。,"En été, au quatrième mois, l’écaille de la tortue fut consultée cinq fois en vue de sacrifier au ciel dans la campagne. Les réponses n’ayant pas été favorables, ce sacrifice fut omis."
993,春秋,Tch'ouen Ts'iou,卷八,LIVRE VIII,成公,Tch'eng,93.0,成公十年,DIXIÈME ANNÉE,580.0,五月，公会晋侯、齐侯、宋公、卫侯、曹伯伐郑。,"Au cinquième mois, le prince de Lou se joignit aux princes de Tsin, de Ts’i, de Soung, de Ouei et de Ts’ao, et envahit Tcheng."
994,春秋,Tch'ouen Ts'iou,卷八,LIVRE VIII,成公,Tch'eng,94.0,成公十年,DIXIÈME ANNÉE,580.0,齐人来媵。,"Un officier de Ts’i vint à Lou avec des filles de Ts’i, pour accompagner Pĕ Kī allant au sérail de Soung."
995,春秋,Tch'ouen Ts'iou,卷八,LIVRE VIII,成公,Tch'eng,95.0,成公十年,DIXIÈME ANNÉE,580.0,丙午，晋侯獳卒。,"Le jour pìng òu, Neou (Kìng kōung), prince de Tsin, mourut."
996,春秋,Tch'ouen Ts'iou,卷八,LIVRE VIII,成公,Tch'eng,96.0,成公十年,DIXIÈME ANNÉE,580.0,秋七月，公如晋。,"En automne, au septième mois, le prince de Lou alla à Tsin."
997,春秋,Tch'ouen Ts'iou,卷八,LIVRE VIII,成公,Tch'eng,97.0,成公十年,DIXIÈME ANNÉE,580.0,冬十月。,"En hiver, au dixième mois."
998,春秋,Tch'ouen Ts'iou,卷八,LIVRE VIII,成公,Tch'eng,98.0,成公十一年,ONZIÈME ANNÉE,579.0,十有一年春，王三月，公至自晋。,"Au printemps, au troisième mois de l’année selon le calendrier impérial, le prince de Lou, arriva de Tsin."
999,春秋,Tch'ouen Ts'iou,卷八,LIVRE VIII,成公,Tch'eng,99.0,成公十一年,ONZIÈME ANNÉE,579.0,晋侯使郤犫来聘。己丑，及郤犫盟。,"K’i Tch’eou (cousin de K’ĭ K’ŏ), envoyé du prince de Tsin, vint faire visite au prince de Lou. Le jour ki tch’eòu, le prince fit un traité avec lui."
1000,春秋,Tch'ouen Ts'iou,卷八,LIVRE VIII,成公,Tch'eng,100.0,成公十一年,ONZIÈME ANNÉE,579.0,夏，季孙行父如晋。,"En été, Ki suen Hang fou (Ouen tseu) alla à Tsin."
1001,春秋,Tch'ouen Ts'iou,卷八,LIVRE VIII,成公,Tch'eng,101.0,成公十一年,ONZIÈME ANNÉE,579.0,秋，叔孙侨如如齐。,"En automne, Chou suen K’iao jou (Siuen pe) alla à Ts’i."
1002,春秋,Tch'ouen Ts'iou,卷八,LIVRE VIII,成公,Tch'eng,102.0,成公十一年,ONZIÈME ANNÉE,579.0,冬十月。,"En hiver, au dixième mois."
1003,春秋,Tch'ouen Ts'iou,卷八,LIVRE VIII,成公,Tch'eng,103.0,成公十二年,DOUZIÈME ANNÉE,578.0,十有二年春，周公出奔晋。,"Au printemps, le prince de Tcheou était sorti de l’empire et s’était réfugié à Tsin."
1004,春秋,Tch'ouen Ts'iou,卷八,LIVRE VIII,成公,Tch'eng,104.0,成公十二年,DOUZIÈME ANNÉE,578.0,夏，公会晋侯、卫侯于琐泽。,"En été, le prince de Lou alla trouver les princes de Tsin et de Ouei à Souo tche (ville inconnue des interprètes)."
1005,春秋,Tch'ouen Ts'iou,卷八,LIVRE VIII,成公,Tch'eng,105.0,成公十二年,DOUZIÈME ANNÉE,578.0,秋，晋人败狄于交刚。,"En automne, l’armée de Tsin défit les Ti à Kiao kang (ville inconnue des interprètes)."
1006,春秋,Tch'ouen Ts'iou,卷八,LIVRE VIII,成公,Tch'eng,106.0,成公十二年,DOUZIÈME ANNÉE,578.0,冬十月。,"En hiver, au dixième mois."
1007,春秋,Tch'ouen Ts'iou,卷八,LIVRE VIII,成公,Tch'eng,107.0,成公十三年,TREIZIÈME ANNÉE,577.0,十有三年春，晋侯使郤锜来乞师。,"Au printemps, K’i I, envoyé du prince de Tsin, vint demander des renforts (pour attaquer Ts’in)."
1008,春秋,Tch'ouen Ts'iou,卷八,LIVRE VIII,成公,Tch'eng,108.0,成公十三年,TREIZIÈME ANNÉE,577.0,三月，公如京师。,"Au troisième mois, le prince de Lou alla à la capitale de l’empire."
1009,春秋,Tch'ouen Ts'iou,卷八,LIVRE VIII,成公,Tch'eng,109.0,成公十三年,TREIZIÈME ANNÉE,577.0,夏五月，公自京师，遂会晋侯、齐侯、宋公、卫侯、郑伯、曹伯、邾人、滕人伐秦。,"En été, au cinquième mois, le prince de Lou fut de retour de la capitale de l’empire. Ensuite, il se joignit aux princes de Tsin, de Ts’i, de Soung, de Ouei, de Tcheng et de Ts’ao, et aux officiers de Tchou et de T’eng, pour envahir Ts’in."
1010,春秋,Tch'ouen Ts'iou,卷八,LIVRE VIII,成公,Tch'eng,110.0,成公十三年,TREIZIÈME ANNÉE,577.0,曹伯卢卒于师。,"Liu (Siuēn kōung), prince de Ts’ao, mourut dans l’expédition."
1011,春秋,Tch'ouen Ts'iou,卷八,LIVRE VIII,成公,Tch'eng,111.0,成公十三年,TREIZIÈME ANNÉE,577.0,秋七月，公至自伐秦。,"En automne, au septième mois, le prince de Lou arriva de l’expédition contre Ts’in."
1012,春秋,Tch'ouen Ts'iou,卷八,LIVRE VIII,成公,Tch'eng,112.0,成公十三年,TREIZIÈME ANNÉE,577.0,冬，葬曹宣公。,"En hiver, on enterra Siuen koung, prince de Ts’ao."
1013,春秋,Tch'ouen Ts'iou,卷八,LIVRE VIII,成公,Tch'eng,113.0,成公十四年,QUATORZIÈME ANNÉE,576.0,十有四年春，王正月，莒子朱卒。,"Au printemps, au premier mois de l’année selon le calendrier impérial (décembre-janvier), Tchou, prince de Kiu, mourut."
1014,春秋,Tch'ouen Ts'iou,卷八,LIVRE VIII,成公,Tch'eng,114.0,成公十四年,QUATORZIÈME ANNÉE,576.0,夏，卫孙林父自晋归于卫。,"En été, Siun Lin fou de Ouei retourna de Tsin à Ouei."
1015,春秋,Tch'ouen Ts'iou,卷八,LIVRE VIII,成公,Tch'eng,115.0,成公十四年,QUATORZIÈME ANNÉE,576.0,秋，叔孙侨如如齐逆女。,"En automne, Chou suen K’iao jou (Siuen pe) alla à Ts’i chercher la fiancée du prince de Lou."
1016,春秋,Tch'ouen Ts'iou,卷八,LIVRE VIII,成公,Tch'eng,116.0,成公十四年,QUATORZIÈME ANNÉE,576.0,郑公子喜帅师伐许。,"Koung tseu Hi de Tcheng, à la tête d’une armée, envahit Hiu."
1017,春秋,Tch'ouen Ts'iou,卷八,LIVRE VIII,成公,Tch'eng,117.0,成公十四年,QUATORZIÈME ANNÉE,576.0,九月，侨如以夫人妇姜氏至自齐。,"Au neuvième mois, (Chou suen) K’iao jou arriva de Ts’i avec Kiang cheu, qui devait être la femme du prince de Lou."
1018,春秋,Tch'ouen Ts'iou,卷八,LIVRE VIII,成公,Tch'eng,118.0,成公十四年,QUATORZIÈME ANNÉE,576.0,冬十月庚寅，卫侯臧卒。,"En hiver, au dixième mois, le jour kēng în, Tsang (Ting koung), prince de Ouei, mourut."
1019,春秋,Tch'ouen Ts'iou,卷八,LIVRE VIII,成公,Tch'eng,119.0,成公十四年,QUATORZIÈME ANNÉE,576.0,秦伯卒。,Le prince de Ts’in Houân kōung mourut.
1020,春秋,Tch'ouen Ts'iou,卷八,LIVRE VIII,成公,Tch'eng,120.0,成公十五年,QUINZIÈME ANNÉE,575.0,十有五年春，王二月，葬卫定公。,"Au printemps, au deuxième mois de l’année selon le calendrier impérial (janvier-février), on enterra Ting koung, prince de Ouei."
1021,春秋,Tch'ouen Ts'iou,卷八,LIVRE VIII,成公,Tch'eng,121.0,成公十五年,QUINZIÈME ANNÉE,575.0,三月乙巳，仲婴齐卒。,"Au troisième mois, le jour  ĭ séu, Tchoung Ing ts’i mourut."
1022,春秋,Tch'ouen Ts'iou,卷八,LIVRE VIII,成公,Tch'eng,122.0,成公十五年,QUINZIÈME ANNÉE,575.0,癸丑，公会晋侯、卫侯、郑伯、曹伯、宋世子成、齐国佐、邾人，同盟于戚。,"Le jour kouèi tch’eòu, le prince de Lou alla trouver les princes de Tsin, de Ouei, de Tcheng, de Ts’ao, Tch’eng, héritier présomptif de Soung, Kouo Tso de Ts’i et un officier de Tchou ; il fit un traité avec eux à Ts’i, sur le territoire de Ouei."
1023,春秋,Tch'ouen Ts'iou,卷八,LIVRE VIII,成公,Tch'eng,123.0,成公十五年,QUINZIÈME ANNÉE,575.0,晋侯执曹伯，归于京师。,"Le prince de Tsin s’empara du prince de Ts’ao, et le fit conduire à la capitale de l’empire."
1024,春秋,Tch'ouen Ts'iou,卷八,LIVRE VIII,成公,Tch'eng,124.0,成公十五年,QUINZIÈME ANNÉE,575.0,公至自会。,Le prince de Lou arriva de l’assemblée de Ts’i.
1025,春秋,Tch'ouen Ts'iou,卷八,LIVRE VIII,成公,Tch'eng,125.0,成公十五年,QUINZIÈME ANNÉE,575.0,夏六月，宋公固卒。,"En été, au sixième mois, Kou (Koung koung), prince de Soung, mourut."
1026,春秋,Tch'ouen Ts'iou,卷八,LIVRE VIII,成公,Tch'eng,126.0,成公十五年,QUINZIÈME ANNÉE,575.0,楚子伐郑。,Le prince de Tch’ou envahit Tcheng.
1027,春秋,Tch'ouen Ts'iou,卷八,LIVRE VIII,成公,Tch'eng,127.0,成公十五年,QUINZIÈME ANNÉE,575.0,秋八月庚辰，葬宋共公。,"En automne, au huitième mois, le jour kēng tch’ên, on enterra Koung koung, prince de Soung."
1028,春秋,Tch'ouen Ts'iou,卷八,LIVRE VIII,成公,Tch'eng,128.0,成公十五年,QUINZIÈME ANNÉE,575.0,宋华元出奔晋。宋华元自晋归于宋。宋杀其大夫山。宋鱼石出奔楚。,Houa Iuen de Soung quitta Soung et se réfugia à Tsin. De Tsin il retourna à Soung. Soung mit à mort son grand préfet Chan. Iu Cheu quitta Soung et se réfugia à Tch’ou.
1029,春秋,Tch'ouen Ts'iou,卷八,LIVRE VIII,成公,Tch'eng,129.0,成公十五年,QUINZIÈME ANNÉE,575.0,冬十有一月，叔孙侨如会晋士燮、齐高无咎、宋华元、卫孙林父、郑公子酉、邾人会吴于钟离。,"n hiver, au onzième mois, Chou suen K’iao jou alla trouver Cheu Sie de Tsin, Kao Ou kiou de Ts’i, Houa Iuen de Soung, Suen Lin fou de Ouei, Koung tseu Ts’iou de Tcheng, et un officier de Tchou ; ils invitèrent le prince de Ou à envoyer un officier conférer avec eux à T’choung li, ville de Tch’òu."
1030,春秋,Tch'ouen Ts'iou,卷八,LIVRE VIII,成公,Tch'eng,130.0,成公十五年,QUINZIÈME ANNÉE,575.0,许迁于叶。,Le prince de Hiu alla établir sa capitale à Che.
1031,春秋,Tch'ouen Ts'iou,卷八,LIVRE VIII,成公,Tch'eng,131.0,成公十六年,SEIZIÈME ANNÉE,574.0,十有六年春，王正月，雨，木冰。,"Au printemps, au premier mois de l’année selon le calendrier impérial (décembre-janvier), la pluie tomba et se changea en givre sur les arbres."
1032,春秋,Tch'ouen Ts'iou,卷八,LIVRE VIII,成公,Tch'eng,132.0,成公十六年,SEIZIÈME ANNÉE,574.0,夏四月辛未，滕子卒。,"En été, au quatrième mois, le jour sīn ouéi, le prince de T’eng (Ouen koung) mourut."
1033,春秋,Tch'ouen Ts'iou,卷八,LIVRE VIII,成公,Tch'eng,133.0,成公十六年,SEIZIÈME ANNÉE,574.0,郑公子喜帅师侵宋。,"Koung tseu Hi (Tseu han) de Tcheng, à la tête d’une armée, envahit Soung."
1034,春秋,Tch'ouen Ts'iou,卷八,LIVRE VIII,成公,Tch'eng,134.0,成公十六年,SEIZIÈME ANNÉE,574.0,六月丙寅朔，日有食之。,"Au sixième mois, le jour pìng în, premier jour du mois le soleil fut éclipsé.Louan Ien, envoyé du prince de Tsin, vint à Lou demander des troupes (pour attaquer Tcheng)."
1035,春秋,Tch'ouen Ts'iou,卷八,LIVRE VIII,成公,Tch'eng,135.0,成公十六年,SEIZIÈME ANNÉE,574.0,晋侯使栾黡来乞师。甲午晦，晋侯及楚子、郑伯战于鄢陵，楚子、郑师败绩。,nan
1036,春秋,Tch'ouen Ts'iou,卷八,LIVRE VIII,成公,Tch'eng,136.0,成公十六年,SEIZIÈME ANNÉE,574.0,楚杀其大夫公子侧。,"Tch’ou fit mourir son grand préfet Tche, Tseu fan, fils du prince Mŏu kōung."
1037,春秋,Tch'ouen Ts'iou,卷八,LIVRE VIII,成公,Tch'eng,137.0,成公十六年,SEIZIÈME ANNÉE,574.0,秋，公会晋侯、齐侯、卫侯、宋华元、邾人于沙随，不见公。,"En automne, le prince de Lou alla à Cha souei, sur le territoire de Soung, pour avoir une entrevue avec les princes de Tsin, de Ts’i, de Ouei, avec Houa Iuen de Soung et un officier de Tchou. Le prince de Tsin refusa de voir le prince de Lou."
1038,春秋,Tch'ouen Ts'iou,卷八,LIVRE VIII,成公,Tch'eng,138.0,成公十六年,SEIZIÈME ANNÉE,574.0,公至自会。,Le prince de Lou arriva de la réunion des princes.
1039,春秋,Tch'ouen Ts'iou,卷八,LIVRE VIII,成公,Tch'eng,139.0,成公十六年,SEIZIÈME ANNÉE,574.0,公会尹子、晋侯、齐国佐、邾人伐郑。,"Le prince de Lou se joignit à un tsèu prince ìn ministre d’État de Tch’ou, au prince de Tsin, à Kouo Tso de Ts’i, à un officier de Tchou pour envahir Tcheng."
1040,春秋,Tch'ouen Ts'iou,卷八,LIVRE VIII,成公,Tch'eng,140.0,成公十六年,SEIZIÈME ANNÉE,574.0,曹伯归自京师。,Le prince de Ts’ao retourna de la capitale de l’empire à Ts’ao.
1041,春秋,Tch'ouen Ts'iou,卷八,LIVRE VIII,成公,Tch'eng,141.0,成公十六年,SEIZIÈME ANNÉE,574.0,九月，晋人执季孙行父，舍之于苕丘。,"Au  neuvième mois, les officiers de Tsin se saisirent de Ki suen Hang fou (Ki Ouen tseu de Lou), et le mirent à T’iao k’iou, sur le territoire de Tsin."
1042,春秋,Tch'ouen Ts'iou,卷八,LIVRE VIII,成公,Tch'eng,142.0,成公十六年,SEIZIÈME ANNÉE,574.0,冬十月乙亥，叔孙侨如出奔齐。,"En hiver, au dixième mois ; le jour ĭ hái, Chou suen K’iao jou quitta Lou et se réfugia à Ts’i."
1043,春秋,Tch'ouen Ts'iou,卷八,LIVRE VIII,成公,Tch'eng,143.0,成公十六年,SEIZIÈME ANNÉE,574.0,十有二月乙丑，季孙行父及晋郤犫盟于扈。,"Au douzième mois, le jour ĭ tch’eòu, Ki suen Hang fou de Lou et K’i Tch’eou de Tsin firent une convention à Hou,"
1044,春秋,Tch'ouen Ts'iou,卷八,LIVRE VIII,成公,Tch'eng,144.0,成公十六年,SEIZIÈME ANNÉE,574.0,公至自会。,"Le prince de Lou, revenu de la réunion des princes, arriva à Lou."
1045,春秋,Tch'ouen Ts'iou,卷八,LIVRE VIII,成公,Tch'eng,145.0,成公十六年,SEIZIÈME ANNÉE,574.0,乙酉，刺公子偃。,"Le jour ĭ iòu, Koung tseu Ien fut mis à mort."
1046,春秋,Tch'ouen Ts'iou,卷八,LIVRE VIII,成公,Tch'eng,146.0,成公十七年,DIX-SEPTIÈME ANNÉE,573.0,十有七年春，卫北宫括帅师侵郑。,"Au printemps Pe koung Kouo de Ouei, à la tête d’une armée, envahit Tcheng."
1047,春秋,Tch'ouen Ts'iou,卷八,LIVRE VIII,成公,Tch'eng,147.0,成公十七年,DIX-SEPTIÈME ANNÉE,573.0,夏，公会尹子、单子、晋侯、齐侯、宋公、卫侯、曹伯、邾人伐郑。,"En été, le prince de Lou se joignit aux princes de In, de Chan (deux ministres d’État de l’empereur), aux princes de Tsin, de Ts’i, de Soung, de Ouei, de Ts’ao, à un officier de Tchou, pour envahir Tcheng."
1048,春秋,Tch'ouen Ts'iou,卷八,LIVRE VIII,成公,Tch'eng,148.0,成公十七年,DIX-SEPTIÈME ANNÉE,573.0,六月乙酉，同盟于柯陵。,"Au sixième mois, le jour ĭ iòu, le prince de Lou et plusieurs autres princes firent ensemble un traité à Ko ling, sur le territoire de Tcheng."
1049,春秋,Tch'ouen Ts'iou,卷八,LIVRE VIII,成公,Tch'eng,149.0,成公十七年,DIX-SEPTIÈME ANNÉE,573.0,秋，公至自会。,"En automne, le prince de Lou arriva à Lou, revenant de la réunion des princes."
1050,春秋,Tch'ouen Ts'iou,卷八,LIVRE VIII,成公,Tch'eng,150.0,成公十七年,DIX-SEPTIÈME ANNÉE,573.0,齐高无咎出奔莒。,Kao Ou kiou de Ts’i. quitta Ts’i et se réfugia à Kiu.
1051,春秋,Tch'ouen Ts'iou,卷八,LIVRE VIII,成公,Tch'eng,151.0,成公十七年,DIX-SEPTIÈME ANNÉE,573.0,九月辛丑，用郊。,"Au neuvième mois, le jour sīn tch’eòu, le prince de Lou offrit au ciel un sacrifice dans la campagne. (Ce n’était pas l’époque voulue)."
1052,春秋,Tch'ouen Ts'iou,卷八,LIVRE VIII,成公,Tch'eng,152.0,成公十七年,DIX-SEPTIÈME ANNÉE,573.0,晋侯使荀罃来乞师。,"Siun Ing, envoyé par le prince de Tsin, vint demander des troupes."
1053,春秋,Tch'ouen Ts'iou,卷八,LIVRE VIII,成公,Tch'eng,153.0,成公十七年,DIX-SEPTIÈME ANNÉE,573.0,冬，公会单子、晋侯、宋公、卫侯、曹伯、齐人、邾人伐郑。,"En hiver, le prince de Lou se joignit au prince de Chan, ministre de l’empereur, aux princes de Tsin, de Soung, de Ouei, de Ts’ao, aux officiers de Ts’i et de Tchou, pour envahir Tcheng."
1054,春秋,Tch'ouen Ts'iou,卷八,LIVRE VIII,成公,Tch'eng,154.0,成公十七年,DIX-SEPTIÈME ANNÉE,573.0,十有一月，公至自伐郑。,"Au onzième mois, le prince de Lou arriva, revenu de l’expédition contre Tcheng."
1055,春秋,Tch'ouen Ts'iou,卷八,LIVRE VIII,成公,Tch'eng,155.0,成公十七年,DIX-SEPTIÈME ANNÉE,573.0,壬申，公孙婴齐卒于貍脤。,"Le jour jên chēn, Koung suen Ing ts’i de Lou mourut à Li tch’en."
1056,春秋,Tch'ouen Ts'iou,卷八,LIVRE VIII,成公,Tch'eng,156.0,成公十七年,DIX-SEPTIÈME ANNÉE,573.0,十有二月丁巳朔，日有食之。,"Au douzième mois, le jour tīng séu, premier jour de la lune, le soleil fut éclipsé."
1057,春秋,Tch'ouen Ts'iou,卷八,LIVRE VIII,成公,Tch'eng,157.0,成公十七年,DIX-SEPTIÈME ANNÉE,573.0,邾子貜且卒。,"Kouo tsiu, prince de Tchou, mourut."
1058,春秋,Tch'ouen Ts'iou,卷八,LIVRE VIII,成公,Tch'eng,158.0,成公十七年,DIX-SEPTIÈME ANNÉE,573.0,晋杀其大夫郤锜、郤犫、郤至。,"Tsin mit à mort ses grands préfets K’i I, K’i Tch’eou et K’i Tcheu."
1059,春秋,Tch'ouen Ts'iou,卷八,LIVRE VIII,成公,Tch'eng,159.0,成公十七年,DIX-SEPTIÈME ANNÉE,573.0,楚人灭舒庸。,Les habitants de Tch’ou mirent fin à la principauté de Chou ioung.
1060,春秋,Tch'ouen Ts'iou,卷八,LIVRE VIII,成公,Tch'eng,160.0,成公十八年,DIX-HUITIÈME ANNÉE,572.0,十有八年春，王正月，晋杀其大夫胥童。,"Au printemps, au premier mois de l’année selon le calendrier impérial (décembre-janvier), (Lou reçut l’annonce officielle que) Tsin avait mis à mort son grand préfet Sin T’oung."
1061,春秋,Tch'ouen Ts'iou,卷八,LIVRE VIII,成公,Tch'eng,161.0,成公十八年,DIX-HUITIÈME ANNÉE,572.0,庚申，晋弑其君州蒲。,"Le jour kēng chēn, Tsin mit à mort son prince Tcheou p’ou (Li koung)."
1062,春秋,Tch'ouen Ts'iou,卷八,LIVRE VIII,成公,Tch'eng,162.0,成公十八年,DIX-HUITIÈME ANNÉE,572.0,齐杀其大夫国佐。,"Ts’i mit à mort son grand préfet Kouo Tso,"
1063,春秋,Tch'ouen Ts'iou,卷八,LIVRE VIII,成公,Tch'eng,163.0,成公十八年,DIX-HUITIÈME ANNÉE,572.0,公如晋。,Le prince de Lou alla à Tsin.
1064,春秋,Tch'ouen Ts'iou,卷八,LIVRE VIII,成公,Tch'eng,164.0,成公十八年,DIX-HUITIÈME ANNÉE,572.0,夏，楚子、郑伯伐宋。宋鱼石复入于彭城。,"En été, les princes de Tch’ou et de Tcheng envahirent Soung. Iu Cheu de Soung rentra à P’eng tch’eng."
1065,春秋,Tch'ouen Ts'iou,卷八,LIVRE VIII,成公,Tch'eng,165.0,成公十八年,DIX-HUITIÈME ANNÉE,572.0,公至自晋。,"Le prince de Lou, revenu de Tsin, arriva à Lou."
1066,春秋,Tch'ouen Ts'iou,卷八,LIVRE VIII,成公,Tch'eng,166.0,成公十八年,DIX-HUITIÈME ANNÉE,572.0,晋侯使士匄来聘。,"Cheu Kai, envoyé par le prince de Tsin, vint faire visite au prince de Lou."
1067,春秋,Tch'ouen Ts'iou,卷八,LIVRE VIII,成公,Tch'eng,167.0,成公十八年,DIX-HUITIÈME ANNÉE,572.0,秋，杞伯来朝。,"En automne, le prince de K’i (Houan koung) vint présenter ses hommages au prince de Lou."
1068,春秋,Tch'ouen Ts'iou,卷八,LIVRE VIII,成公,Tch'eng,168.0,成公十八年,DIX-HUITIÈME ANNÉE,572.0,八月，邾子来朝。,"Au huitième mois, le prince de Tchou (Siuen koung) vint présenter ses hommages au prince de Lou."
1069,春秋,Tch'ouen Ts'iou,卷八,LIVRE VIII,成公,Tch'eng,169.0,成公十八年,DIX-HUITIÈME ANNÉE,572.0,筑鹿囿。,Le prince de Lou fit entourer de murs un parc pour entretenir des cerfs.
1070,春秋,Tch'ouen Ts'iou,卷八,LIVRE VIII,成公,Tch'eng,170.0,成公十八年,DIX-HUITIÈME ANNÉE,572.0,己丑，公薨于路寝。,"Le jour kì tch’eòu, le prince de Lou mourut dans ses appartements particuliers."
1071,春秋,Tch'ouen Ts'iou,卷八,LIVRE VIII,成公,Tch'eng,171.0,成公十八年,DIX-HUITIÈME ANNÉE,572.0,冬，楚人、郑人侵宋。,"En hiver, les troupes de Tch’ou et de Tcheng envahirent Soung."
1072,春秋,Tch'ouen Ts'iou,卷八,LIVRE VIII,成公,Tch'eng,172.0,成公十八年,DIX-HUITIÈME ANNÉE,572.0,晋侯使士鲂来乞师。,"Cheu Fang, envoyé par le prince de Tsin, vint à Lou demander des troupes."
1073,春秋,Tch'ouen Ts'iou,卷八,LIVRE VIII,成公,Tch'eng,173.0,成公十八年,DIX-HUITIÈME ANNÉE,572.0,十有二月，仲孙蔑会晋侯、宋公、卫侯、邾子、齐崔杼同盟于虚朾。,"Au douzième mois, Tchoung suen Mie (Meng Hien tseu de Lou) alla trouver les princes de Tsin, de Soung, de Ouei, de Tchou, et Ts’ouei Tchou de Ts’i ; il fit avec eux un traité à K’iu t’ing."
1074,春秋,Tch'ouen Ts'iou,卷八,LIVRE VIII,成公,Tch'eng,174.0,成公十八年,DIX-HUITIÈME ANNÉE,572.0,丁未，葬我君成公。,"Le jour tīng ouéi, on enterra notre prince Tch’eng koung."
1075,春秋,Tch'ouen Ts'iou,卷九,LIVRE IX,襄公,Siang,1.0,襄公元年,PREMIÈRE ANNÉE,571.0,元年春，王正月，公即位。,"Au printemps, au premier mois de l’année selon le calendrier impérial (décembre-janvier), Siang koung succéda à son père."
1076,春秋,Tch'ouen Ts'iou,卷九,LIVRE IX,襄公,Siang,2.0,襄公元年,PREMIÈRE ANNÉE,571.0,仲孙蔑会晋栾黡、宋华元、卫甯殖、曹人、莒人、邾人、滕人、薜人围宋彭城。,"Tchoung suen Mie (Meng Hien tseu) se joignit à Louan Ien de Tsin, à Houa Iuen de Soung, à Ning Cheu de Ouei, et aux officiers de Ts’ao, de Kiu, de Tchou, de T’eng et de Sie, pour assiéger P’eng tch’eng, ville de Soung."
1077,春秋,Tch'ouen Ts'iou,卷九,LIVRE IX,襄公,Siang,3.0,襄公元年,PREMIÈRE ANNÉE,571.0,夏，晋韩厥帅师伐郑。仲孙蔑会齐崔杼、曹人、邾人、杞人次于鄫。,"En été, Han Kiue de Tsin, à la tête d’une armée, envahit Tcheng. Tchouang suen Mie (Meng Hien tseu de Lou) se joignit à Ts’ouei Tchou de Ts’i, aux officiers de Ts’ao, de Tchou, de K’i, et stationna avec eux à Tseng, (sur le territoire de Tcheng, en vue de seconder Tsin)."
1078,春秋,Tch'ouen Ts'iou,卷九,LIVRE IX,襄公,Siang,4.0,襄公元年,PREMIÈRE ANNÉE,571.0,秋，楚公子壬夫帅师侵宋。,"En automne, Koung tseu Jen fou de Tch’ou, à la tête d’une armée, envahit Soung."
1079,春秋,Tch'ouen Ts'iou,卷九,LIVRE IX,襄公,Siang,5.0,襄公元年,PREMIÈRE ANNÉE,571.0,九月辛酉，天王崩。,"Au neuvième mois, le jour sīn iòu, le chef du céleste empire Kièn ouâng mourut."
1080,春秋,Tch'ouen Ts'iou,卷九,LIVRE IX,襄公,Siang,6.0,襄公元年,PREMIÈRE ANNÉE,571.0,邾子来朝。,Le prince de Tchou vint présenter ses hommages au prince de Lou.
1081,春秋,Tch'ouen Ts'iou,卷九,LIVRE IX,襄公,Siang,7.0,襄公元年,PREMIÈRE ANNÉE,571.0,冬，卫侯使公孙剽来聘。晋侯使荀罃来聘。,"En hiver, Koung suen P’iao, envoyé du prince de Ouei, vint saluer le prince de Lou. Siun Ing (Tcheu Ou tseu), envoyé du prince de Tsin, vint aussi saluer le prince Lou."
1082,春秋,Tch'ouen Ts'iou,卷九,LIVRE IX,襄公,Siang,8.0,襄公二年,DEUXIÈME ANNÉE,570.0,二年春，王正月，葬简王。,"Au printemps, au premier mois de l’année d’après le calendrier impérial (décembre-janvier), on enterra l’empereur Kien ouang."
1083,春秋,Tch'ouen Ts'iou,卷九,LIVRE IX,襄公,Siang,9.0,襄公二年,DEUXIÈME ANNÉE,570.0,郑师伐宋。,L’armée de Tcheng envahit Soung.
1084,春秋,Tch'ouen Ts'iou,卷九,LIVRE IX,襄公,Siang,10.0,襄公二年,DEUXIÈME ANNÉE,570.0,夏五月庚寅，夫人姜氏薨。,"En été, au cinquième mois, le jour kēng în, la princesse Kiang cheu mourut."
1085,春秋,Tch'ouen Ts'iou,卷九,LIVRE IX,襄公,Siang,11.0,襄公二年,DEUXIÈME ANNÉE,570.0,六月庚辰，郑伯睔卒。,"Au sixième mois, le jour kēng tch’ên, Kouen, prince de Tcheng, mourut."
1086,春秋,Tch'ouen Ts'iou,卷九,LIVRE IX,襄公,Siang,12.0,襄公二年,DEUXIÈME ANNÉE,570.0,晋师、宋师、卫甯殖侵郑。,"Les armées de Tsin et de Soung, et Ning Cheu de Ouei envahirent Tcheng."
1087,春秋,Tch'ouen Ts'iou,卷九,LIVRE IX,襄公,Siang,13.0,襄公二年,DEUXIÈME ANNÉE,570.0,秋七月，仲孙蔑会晋荀罃、宋华元、卫孙林父、曹人、邾人于戚。,"En automne, au septième mois, Tchoung suen Mie (Meng Hien tseu de Lou) alla à Ts’i conférer avec Siun Ing de Tsin, Houa Iuen de Soung, Suen Lin fou de Ouei et les envoyés de Ts’ao et de Tchou."
1088,春秋,Tch'ouen Ts'iou,卷九,LIVRE IX,襄公,Siang,14.0,襄公二年,DEUXIÈME ANNÉE,570.0,己丑，葬我小君齐姜。,"Le jour kì tch’eòu, on enterra notre princesse Kiang de Ts’i."
1089,春秋,Tch'ouen Ts'iou,卷九,LIVRE IX,襄公,Siang,15.0,襄公二年,DEUXIÈME ANNÉE,570.0,叔孙豹如宋。,Chou suen Pao alla à Soung.
1090,春秋,Tch'ouen Ts'iou,卷九,LIVRE IX,襄公,Siang,16.0,襄公二年,DEUXIÈME ANNÉE,570.0,冬，仲孙蔑会晋荀罃、齐崔杼、宋华元、卫孙林父、曹人、邾人、滕人、薛人、小邾人于戚，遂城虎牢。,"En hiver, Tchoung suen Mie (Meng Hien tseu de Lou) alla à Ts’i conférer avec Siun Ing de Tsin, Ts’ouei Tchou de Ts’i, Houa Iuen de Soung, Suen Lin fou de Ouei, les envoyés de Ts’ao, de Tchou, de Teng, de Sie, de Siao Tchou. Ensuite ces officiers firent fortifier Hou lao."
1091,春秋,Tch'ouen Ts'iou,卷九,LIVRE IX,襄公,Siang,17.0,襄公二年,DEUXIÈME ANNÉE,570.0,楚杀其大夫公子申。,Tch’ou mit à mort son grand préfet Koung tseu Chen.
1092,春秋,Tch'ouen Ts'iou,卷九,LIVRE IX,襄公,Siang,18.0,襄公三年,TROISIÈME ANNÉE,569.0,三年春，楚公子婴齐帅师伐吴。,"Au printemps, Koung tseu Ing ts’i (Tseu tchoung) de Tch’ou, à la tête d’une armée, envahit Ou."
1093,春秋,Tch'ouen Ts'iou,卷九,LIVRE IX,襄公,Siang,19.0,襄公三年,TROISIÈME ANNÉE,569.0,公如晋。,Le prince de Lou alla à Tsin.
1094,春秋,Tch'ouen Ts'iou,卷九,LIVRE IX,襄公,Siang,20.0,襄公三年,TROISIÈME ANNÉE,569.0,夏四月壬戌，公及晋侯盟于长樗。,"En été, au quatrième mois, le jour jên siŭ, le prince de Lou fit un traité avec le prince de Tsin à Tch’ang tch’ou, ville de Tsin."
1095,春秋,Tch'ouen Ts'iou,卷九,LIVRE IX,襄公,Siang,21.0,襄公三年,TROISIÈME ANNÉE,569.0,公至自晋。,Le prince de Lou arriva de Tsin.
1096,春秋,Tch'ouen Ts'iou,卷九,LIVRE IX,襄公,Siang,22.0,襄公三年,TROISIÈME ANNÉE,569.0,六月，公会单子、晋侯、宋公、卫侯、郑伯、莒子、邾子、齐世子光。己未，同盟于鸡泽。,"Au sixième mois, le prince de Lou alla trouver le prince de Chan (ministre de l’empereur), les princes de Tsin, de Soung, de Ouei, de Tcheng, de Kiu, de Tchou, Kouang, héritier présomptif du prince de Ts’i ; le jour kì ouéi, il fit avec eux un traité à Ki tche, (ville de Tsin, au nord-est du Kouàng p’îng fòu actuel, Tcheu li)."
1097,春秋,Tch'ouen Ts'iou,卷九,LIVRE IX,襄公,Siang,23.0,襄公三年,TROISIÈME ANNÉE,569.0,陈侯使袁侨如会。,Le prince de Tchen envoya Iuen Mao à la réunion des princes.
1098,春秋,Tch'ouen Ts'iou,卷九,LIVRE IX,襄公,Siang,24.0,襄公三年,TROISIÈME ANNÉE,569.0,戊寅，叔孙豹及诸侯之大夫及陈袁侨盟。,"Le jour meóu în, Chou suen Pao de Lou fit un traité avec les grands préfets des princes, et aussi avec Iuen K’iao de Tch’en."
1099,春秋,Tch'ouen Ts'iou,卷九,LIVRE IX,襄公,Siang,25.0,襄公三年,TROISIÈME ANNÉE,569.0,秋，公至自会。,"En automne, le prince de Lou arriva de la réunion des princes."
1100,春秋,Tch'ouen Ts'iou,卷九,LIVRE IX,襄公,Siang,26.0,襄公三年,TROISIÈME ANNÉE,569.0,冬，晋荀罃帅师伐许。,"En hiver, Siun Ing, officier de Tsin, à la tête d’une armée, envahit Hiu."
1101,春秋,Tch'ouen Ts'iou,卷九,LIVRE IX,襄公,Siang,27.0,襄公四年,QUATRIÈME ANNÉE,568.0,四年春，王三月己酉，陈侯午卒。,"Au printemps, ou troisième mois de l’année selon le calendrier impérial (février-mars), le jour kì iòu, Ou (Tch’eng koung), prince de Tch’en, mourut."
1102,春秋,Tch'ouen Ts'iou,卷九,LIVRE IX,襄公,Siang,28.0,襄公四年,QUATRIÈME ANNÉE,568.0,夏，叔孙豹如晋。,"En été, Chou suen Pao alla à Tsin."
1103,春秋,Tch'ouen Ts'iou,卷九,LIVRE IX,襄公,Siang,29.0,襄公四年,QUATRIÈME ANNÉE,568.0,秋七月戊子，夫人姒氏薨。,"En automne, au septième mois, le jour meóu tsèu, la princesse Seu cheu mourut."
1104,春秋,Tch'ouen Ts'iou,卷九,LIVRE IX,襄公,Siang,30.0,襄公四年,QUATRIÈME ANNÉE,568.0,葬陈成公。,"On enterra Tch’eng koung, prince de Tch’en."
1105,春秋,Tch'ouen Ts'iou,卷九,LIVRE IX,襄公,Siang,31.0,襄公四年,QUATRIÈME ANNÉE,568.0,八月辛亥，葬我小君定姒。,"Au huitième mois, le jour sīn hái, on enterra notre princesse Ting Seu."
1106,春秋,Tch'ouen Ts'iou,卷九,LIVRE IX,襄公,Siang,32.0,襄公四年,QUATRIÈME ANNÉE,568.0,冬，公如晋。,"En hiver, le prince de Lou alla à Tsin."
1107,春秋,Tch'ouen Ts'iou,卷九,LIVRE IX,襄公,Siang,33.0,襄公四年,QUATRIÈME ANNÉE,568.0,陈人围顿。,L’armée de Tch’en assiégea Touen.
1108,春秋,Tch'ouen Ts'iou,卷九,LIVRE IX,襄公,Siang,34.0,襄公五年,CINQUIÈME ANNÉE,567.0,五年春，公至自晋。,"Au printemps, le prince de Lou arriva de Tsin."
1109,春秋,Tch'ouen Ts'iou,卷九,LIVRE IX,襄公,Siang,35.0,襄公五年,CINQUIÈME ANNÉE,567.0,夏，郑伯使公子发来聘。,"En été, Fa, fils de Mŏu kōung, envoyé par le prince de Tcheng, vint faire visite au prince de Lou."
1110,春秋,Tch'ouen Ts'iou,卷九,LIVRE IX,襄公,Siang,36.0,襄公五年,CINQUIÈME ANNÉE,567.0,叔孙豹、鄫世子巫如晋。,"Chou suen Pao (Mou chou de Lou) et Ou, héritier présomptif du prince de Tseng, allèrent à Tsin."
1111,春秋,Tch'ouen Ts'iou,卷九,LIVRE IX,襄公,Siang,37.0,襄公五年,CINQUIÈME ANNÉE,567.0,仲孙蔑、卫孙林父会吴于善道。,"Tchoung suen Mie (Meng Hien tseu de Lou) et Suen Lin fou de Ouei (Suen Ouen tseu) allèrent trouver le représentant du prince de Ou à Chan tao, ville de Ou."
1112,春秋,Tch'ouen Ts'iou,卷九,LIVRE IX,襄公,Siang,38.0,襄公五年,CINQUIÈME ANNÉE,567.0,秋，大雩。,"En automne, grand sacrifice pour obtenir la pluie."
1113,春秋,Tch'ouen Ts'iou,卷九,LIVRE IX,襄公,Siang,39.0,襄公五年,CINQUIÈME ANNÉE,567.0,楚杀其大夫 。,Tch’ou mit à mort son grand préfet Koung tseu Jen fou (Tseu sin).
1114,春秋,Tch'ouen Ts'iou,卷九,LIVRE IX,襄公,Siang,40.0,襄公五年,CINQUIÈME ANNÉE,567.0,公会晋侯、宋公、陈侯、卫侯、郑伯、曹伯、莒子、邾子、滕子、薛伯、齐世子光、吴人、鄫人于戚。,"Le prince de Lou alla à Ts’i trouver les princes de Tsin, de Soung, de Tch’en, de Ouei, de Tcheng, de Ts’ao, de Kiu, de Tchou, de T’eng, de Sie, Kouang, héritier présomptif du prince de Ts’i, et les officiers de Ou et de Tseng."
1115,春秋,Tch'ouen Ts'iou,卷九,LIVRE IX,襄公,Siang,41.0,襄公五年,CINQUIÈME ANNÉE,567.0,公至自会。,Le prince de Lou arriva de l’assemblée des princes.
1116,春秋,Tch'ouen Ts'iou,卷九,LIVRE IX,襄公,Siang,42.0,襄公五年,CINQUIÈME ANNÉE,567.0,冬，戍陈。,"En hiver, une garnison fut établie sur les frontières de Tch’en."
1117,春秋,Tch'ouen Ts'iou,卷九,LIVRE IX,襄公,Siang,43.0,襄公五年,CINQUIÈME ANNÉE,567.0,楚公子贞帅师伐陈。公会晋侯、宋公、卫侯、郑伯、曹伯、齐世子光救陈。,"Koung tseu I cheng de Tch’ou, à la tête d’une armée, envahit Tch’en. Le prince de Lou conféra avec les princes de Tsin, de Soung, de Ouei, de Tcheng, de Ts’ao, et avec Kouang, héritier présomptif du prince de Ts’i, en vue de secourir Tch’en."
1118,春秋,Tch'ouen Ts'iou,卷九,LIVRE IX,襄公,Siang,44.0,襄公五年,CINQUIÈME ANNÉE,567.0,十有二月，公至自救陈。,"Au douzième mois, le prince de Lou arriva après avoir porté secours à Tch’en."
1119,春秋,Tch'ouen Ts'iou,卷九,LIVRE IX,襄公,Siang,45.0,襄公五年,CINQUIÈME ANNÉE,567.0,辛未，季孙行父卒。,"Le jour sīn ouéi, Ki suen Hang fou mourut."
1120,春秋,Tch'ouen Ts'iou,卷九,LIVRE IX,襄公,Siang,46.0,襄公六年,SIXIÈME ANNÉE,566.0,六年春，王三月壬午，杞伯姑容卒。,"Au printemps, au troisième mois de l’année selon le calendrier impérial, Kou joung, prince de K’i, mourut."
1121,春秋,Tch'ouen Ts'iou,卷九,LIVRE IX,襄公,Siang,47.0,襄公六年,SIXIÈME ANNÉE,566.0,夏，宋华弱来奔。,"En été, Houa Jo de Soung vint se réfugier à Lou."
1122,春秋,Tch'ouen Ts'iou,卷九,LIVRE IX,襄公,Siang,48.0,襄公六年,SIXIÈME ANNÉE,566.0,秋，葬杞桓公。,"En automne, on enterra Houan koung, prince de K’i."
1123,春秋,Tch'ouen Ts'iou,卷九,LIVRE IX,襄公,Siang,49.0,襄公六年,SIXIÈME ANNÉE,566.0,滕子来朝。,Le prince de T’eng vint présenter ses hommages au prince de Lou.
1124,春秋,Tch'ouen Ts'iou,卷九,LIVRE IX,襄公,Siang,50.0,襄公六年,SIXIÈME ANNÉE,566.0,莒人灭鄫。,Les habitants de Kiu détruisirent Tseng.
1125,春秋,Tch'ouen Ts'iou,卷九,LIVRE IX,襄公,Siang,51.0,襄公六年,SIXIÈME ANNÉE,566.0,冬，叔孙豹如邾。,"En hiver, Chou suen Pao alla à Tchou."
1126,春秋,Tch'ouen Ts'iou,卷九,LIVRE IX,襄公,Siang,52.0,襄公六年,SIXIÈME ANNÉE,566.0,季孙宿如晋。,Ki suen Siu alla à Tsin.
1127,春秋,Tch'ouen Ts'iou,卷九,LIVRE IX,襄公,Siang,53.0,襄公六年,SIXIÈME ANNÉE,566.0,十有二月，齐侯灭莱。,"Au douzième mois, le prince de Ts’i avait détruit la capitale de Lai."
1128,春秋,Tch'ouen Ts'iou,卷九,LIVRE IX,襄公,Siang,54.0,襄公七年,SEPTIÈME ANNÉE,565.0,七年春，郯子来朝。,"Au printemps, le prince de T’an vint présenter ses hommages au prince de Lou."
1129,春秋,Tch'ouen Ts'iou,卷九,LIVRE IX,襄公,Siang,55.0,襄公七年,SEPTIÈME ANNÉE,565.0,夏四月，三卜郊不从，乃免牲。,"En été, au quatrième mois, à Lou on consulta l’écaille de tortue pour la troisième fois en vue d’offrir le sacrifice ordinaire dans la campagne. La réponse n’ayant pas été favorable, la victime préparée ne fut pas immolée."
1130,春秋,Tch'ouen Ts'iou,卷九,LIVRE IX,襄公,Siang,56.0,襄公七年,SEPTIÈME ANNÉE,565.0,小邾子来朝。,Le prince du Petit Tchou (Mou koung) vint présenter ses hommages au prince de Lou.
1131,春秋,Tch'ouen Ts'iou,卷九,LIVRE IX,襄公,Siang,57.0,襄公七年,SEPTIÈME ANNÉE,565.0,城费。,On fortifia Pi.
1132,春秋,Tch'ouen Ts'iou,卷九,LIVRE IX,襄公,Siang,58.0,襄公七年,SEPTIÈME ANNÉE,565.0,秋，季孙宿如卫。,"En automne, Ki suen Siu (Ki Ou tseu) alla à Ouei."
1133,春秋,Tch'ouen Ts'iou,卷九,LIVRE IX,襄公,Siang,59.0,襄公七年,SEPTIÈME ANNÉE,565.0,八月，螽。,"Au huitième mois, il y eut des sauterelles."
1134,春秋,Tch'ouen Ts'iou,卷九,LIVRE IX,襄公,Siang,60.0,襄公七年,SEPTIÈME ANNÉE,565.0,冬十月，卫侯使孙林父来聘。壬戌，及孙林父盟。,"En hiver, au dixième mois, Suen Lin fou, envoyé par le prince de Ouei, vint saluer le prince de Lou. Le jour jên siŭ, le prince de Lou fit un traité avec Suen Lin fou."
1135,春秋,Tch'ouen Ts'iou,卷九,LIVRE IX,襄公,Siang,61.0,襄公七年,SEPTIÈME ANNÉE,565.0,楚公子贞帅师围陈。,"Koung tseu Tcheng de Tch’ou, à la tête d’une armée, assiégea la capitale de Tch’en."
1136,春秋,Tch'ouen Ts'iou,卷九,LIVRE IX,襄公,Siang,62.0,襄公七年,SEPTIÈME ANNÉE,565.0,十有二月，公会晋侯、宋公、陈侯、卫侯、曹伯、莒子、邾子于鄬。,"Au douzième mois, à Ouei, le prince de Lou conféra avec les princes de Tsin, de Soung, de Tch’en, de Ouei, de Ts’ao, de Kiu et de Tchou."
1137,春秋,Tch'ouen Ts'iou,卷九,LIVRE IX,襄公,Siang,63.0,襄公七年,SEPTIÈME ANNÉE,565.0,郑伯髠顽如会，未见诸侯。丙戌，卒于鄵。,"K’ouen ouan, prince de Tcheng, partit pour aller conférer avec les princes. Avant de les avoir vus, le jour pìng siŭ, il mourut à Ts’ao, ville de Tcheng."
1138,春秋,Tch'ouen Ts'iou,卷九,LIVRE IX,襄公,Siang,64.0,襄公七年,SEPTIÈME ANNÉE,565.0,陈侯逃归。,Le prince de Tch’en se déroba de l’assemblée des princes et retourna à Tch’en.
1139,春秋,Tch'ouen Ts'iou,卷九,LIVRE IX,襄公,Siang,65.0,襄公八年,HUITIÈME ANNÉE,564.0,八年春，王正月，公如晋。,"Au printemps, au premier mois de l’année selon le calendrier impérial (décembre-janvier), le prince de Lou alla à Tsin."
1140,春秋,Tch'ouen Ts'iou,卷九,LIVRE IX,襄公,Siang,66.0,襄公八年,HUITIÈME ANNÉE,564.0,夏，葬郑僖公。,"En été, on enterra Hi koung, prince de Tcheng."
1141,春秋,Tch'ouen Ts'iou,卷九,LIVRE IX,襄公,Siang,67.0,襄公八年,HUITIÈME ANNÉE,564.0,郑人侵蔡，获蔡公子燮。,"L’armée de Tcheng envahit Ts’ai, et fit prisonnier Sie, fils du prince Tchouang de Ts’ai."
1142,春秋,Tch'ouen Ts'iou,卷九,LIVRE IX,襄公,Siang,68.0,襄公八年,HUITIÈME ANNÉE,564.0,季孙宿会晋侯、郑伯、齐人、宋人、卫人、邾人于邢丘。,"Ki suen Siu de Lou alla à Hing k’iou trouver les princes de Tsin et de Tcheng, les représentants des princes de Ts’i, de Soung, de Ouei et de Tchou."
1143,春秋,Tch'ouen Ts'iou,卷九,LIVRE IX,襄公,Siang,69.0,襄公八年,HUITIÈME ANNÉE,564.0,公至自晋。,Le prince de Lou arriva de Tsin.
1144,春秋,Tch'ouen Ts'iou,卷九,LIVRE IX,襄公,Siang,70.0,襄公八年,HUITIÈME ANNÉE,564.0,莒人伐我东鄙。,Les soldats de Kiu attaquèrent nos frontières orientales.
1145,春秋,Tch'ouen Ts'iou,卷九,LIVRE IX,襄公,Siang,71.0,襄公八年,HUITIÈME ANNÉE,564.0,秋九月，大雩。,"En automne, au septième mois, sacrifice solennel pour obtenir la pluie."
1146,春秋,Tch'ouen Ts'iou,卷九,LIVRE IX,襄公,Siang,72.0,襄公八年,HUITIÈME ANNÉE,564.0,冬，楚公子贞帅师伐郑。,"En hiver, Koung tseu Tcheng (Tseu nang) de Tch’ou, à la tête d’une armée, envahit Tcheng."
1147,春秋,Tch'ouen Ts'iou,卷九,LIVRE IX,襄公,Siang,73.0,襄公八年,HUITIÈME ANNÉE,564.0,晋侯使士匄来聘。,"Cheu Kai, envoyé par le prince de Tsin, vint saluer le prince de Lou."
1148,春秋,Tch'ouen Ts'iou,卷九,LIVRE IX,襄公,Siang,74.0,襄公九年,NEUVIÈME ANNÉE,563.0,九年春，宋灾。,"Au printemps, un grand malheur (un incendie) envoyé par le ciel affligea la capitale de Soung."
1149,春秋,Tch'ouen Ts'iou,卷九,LIVRE IX,襄公,Siang,75.0,襄公九年,NEUVIÈME ANNÉE,563.0,夏，季孙宿如晋。,"En été, Ki suen Siu alla à Tsin."
1150,春秋,Tch'ouen Ts'iou,卷九,LIVRE IX,襄公,Siang,76.0,襄公九年,NEUVIÈME ANNÉE,563.0,五月辛酉，夫人姜氏薨。,"Au cinquième mois, le jour sīn iòu, la princesse Kiang cheu (Mou Kiang, mère de Tch’êng kōung de Lou) mourut."
1151,春秋,Tch'ouen Ts'iou,卷九,LIVRE IX,襄公,Siang,77.0,襄公九年,NEUVIÈME ANNÉE,563.0,秋八月癸未，葬我小君穆姜。,"En automne, au huitième mois, le jour kouèi ouéi, on enterra notre princesse Mou Kiang."
1152,春秋,Tch'ouen Ts'iou,卷九,LIVRE IX,襄公,Siang,78.0,襄公九年,NEUVIÈME ANNÉE,563.0,冬，公会晋侯、宋公、卫侯、曹伯、莒子、邾子、滕子、薛伯、杞伯、小邾子、齐世子光伐郑。十有二月己亥，同盟于戏。,"En hiver, le prince de Lou conféra avec les princes de Tsin, de Soung, de Ouei, de Ts’ao, de Kiu, de Tchou, de T’eng, de Sie, du Petit Tchou, et avec Kouang, héritier présomptif de Ts’i, afin d’attaquer Tcheng. Au douzième mois, le jour kì hái, il fit un traité avec eux à Hi."
1153,春秋,Tch'ouen Ts'iou,卷九,LIVRE IX,襄公,Siang,79.0,襄公九年,NEUVIÈME ANNÉE,563.0,楚子伐郑。,Le prince de Tch’ou attaqua Tcheng.
1154,春秋,Tch'ouen Ts'iou,卷九,LIVRE IX,襄公,Siang,80.0,襄公十年,DIXIÈME ANNÉE,562.0,十年春，公会晋侯、宋公、卫侯、曹伯、莒子、邾子、滕子、薛伯、杞伯、小邾子、齐世子光会吴于柤。,"Au printemps, le prince de Lou alla trouver les princes de Tsin, de Soung, de Ouei, de Ts’ao, de Kiu, de Tchou, de T’eng, de Sie, de K’i, du Petit Tchou, et Kouang, héritier présomptif de Ts’i. Ils se réunirent avec le prince de Ou à Tcha, sur le territoire de Tch’ou."
1155,春秋,Tch'ouen Ts'iou,卷九,LIVRE IX,襄公,Siang,81.0,襄公十年,DIXIÈME ANNÉE,562.0,夏五月甲午，遂灭偪阳。,"En été, au cinquième mois, le jour kiă òu, par suite (d’une décision prise à la réunion de Tcha), les princes mirent fin à la petite principauté dont Pi iang était la capitale."
1156,春秋,Tch'ouen Ts'iou,卷九,LIVRE IX,襄公,Siang,82.0,襄公十年,DIXIÈME ANNÉE,562.0,公至自会。,Le prince de Lou arriva de la réunion des princes.
1157,春秋,Tch'ouen Ts'iou,卷九,LIVRE IX,襄公,Siang,83.0,襄公十年,DIXIÈME ANNÉE,562.0,楚公子贞、郑公孙辄帅师伐宋。,"Koung tseu Tcheng de Tch’ou et Koung suen Tche de Tcheng, à la tête d’une armée, attaquèrent Soung."
1158,春秋,Tch'ouen Ts'iou,卷九,LIVRE IX,襄公,Siang,84.0,襄公十年,DIXIÈME ANNÉE,562.0,晋师伐秦。,L’armée de Tsin attaqua Ts’in.
1159,春秋,Tch'ouen Ts'iou,卷九,LIVRE IX,襄公,Siang,85.0,襄公十年,DIXIÈME ANNÉE,562.0,秋，莒人伐我东鄙。,"En automne, l’armée de Kiu attaqua nos frontières orientales."
1160,春秋,Tch'ouen Ts'iou,卷九,LIVRE IX,襄公,Siang,86.0,襄公十年,DIXIÈME ANNÉE,562.0,公会晋侯、宋公、卫侯、曹伯、莒子、邾子、齐世子光、滕子、薛伯、杞伯、小邾子伐郑。,"Le prince de Lou alla trouver les princes de Tsin, de Soung, de Ouei, de Ts’ao, de Kiu, de Tchou, Kouang, héritier p.258 présomptif de Ts’i, les princes de T’eng, de Sie, de K’i, du Petit Tchou ; avec eux il attaqua Tcheng."
1161,春秋,Tch'ouen Ts'iou,卷九,LIVRE IX,襄公,Siang,87.0,襄公十年,DIXIÈME ANNÉE,562.0,冬，盗杀郑公子斐、公子发、公孙辄。,"En hiver, des brigands mirent à mort Koung tseu Fei (Tseu seu), Koung tseu Fa (Tseu kouo), Koung suen Tche (Tseu eul) de Tcheng."
1162,春秋,Tch'ouen Ts'iou,卷九,LIVRE IX,襄公,Siang,88.0,襄公十年,DIXIÈME ANNÉE,562.0,戍郑虎牢。,Une garnison garda Hou lao ; ville située à la frontière de Tcheng.
1163,春秋,Tch'ouen Ts'iou,卷九,LIVRE IX,襄公,Siang,89.0,襄公十年,DIXIÈME ANNÉE,562.0,楚公子贞帅师救郑。,"Koung tseu Tcheng (Tseu nang) de Tch’ou, à la tête d’une armée, alla au secours de Tcheng."
1164,春秋,Tch'ouen Ts'iou,卷九,LIVRE IX,襄公,Siang,90.0,襄公十年,DIXIÈME ANNÉE,562.0,公至自伐郑。,Le prince de Lou arriva de l’expédition de Tcheng.
1165,春秋,Tch'ouen Ts'iou,卷九,LIVRE IX,襄公,Siang,91.0,襄公十一年,ONZIÈME ANNÉE,561.0,十有一年春，王正月，作三军。,"Au printemps, au premier mois de l’année selon le calendrier impérial (décembre-janvier), Lou forma trois légions."
1166,春秋,Tch'ouen Ts'iou,卷九,LIVRE IX,襄公,Siang,92.0,襄公十一年,ONZIÈME ANNÉE,561.0,夏四月，四卜郊不从，乃不郊。,"En été, au quatrième mois., on consulta pour la quatrième fois l’écaille de tortue en vue d’offrir le sacrifice qui a lieu dans la campagne. La réponse n’ayant pas été favorable, ce sacrifice fut omis."
1167,春秋,Tch'ouen Ts'iou,卷九,LIVRE IX,襄公,Siang,93.0,襄公十一年,ONZIÈME ANNÉE,561.0,郑公孙舍之帅师侵宋。,"Koung suen Che tcheu de Tcheng, avec une armée, envahit Soung."
1168,春秋,Tch'ouen Ts'iou,卷九,LIVRE IX,襄公,Siang,94.0,襄公十一年,ONZIÈME ANNÉE,561.0,公会晋侯、宋公、卫侯、曹伯、齐世子光、莒子、邾子、滕子、薛伯、杞伯、小邾子伐郑。,"Le prince de Lou alla trouver les princes de Tsin, de Soung, de Ouei, de Ts’ao, Kouang, héritier présomptif de Ts’i, les princes de Kiu, de Tchou, de T’eng, de Sie, de K’i, du Petit Tchou ; avec eux il attaqua Tcheng."
1169,春秋,Tch'ouen Ts'iou,卷九,LIVRE IX,襄公,Siang,95.0,襄公十一年,ONZIÈME ANNÉE,561.0,秋七月己未，同盟于亳城北。,"En automne, au septième mois, le jour kì ouéi, les princes firent ensemble un traité au nord de Po."
1170,春秋,Tch'ouen Ts'iou,卷九,LIVRE IX,襄公,Siang,96.0,襄公十一年,ONZIÈME ANNÉE,561.0,公至自伐郑。,Le prince de Lou arriva de son expédition contre Tcheng.
1171,春秋,Tch'ouen Ts'iou,卷九,LIVRE IX,襄公,Siang,97.0,襄公十一年,ONZIÈME ANNÉE,561.0,楚子、郑伯伐宋。,Les princes de Tch’ou et de Tcheng attaquèrent Soung.
1172,春秋,Tch'ouen Ts'iou,卷九,LIVRE IX,襄公,Siang,98.0,襄公十一年,ONZIÈME ANNÉE,561.0,公会晋侯、宋公、卫侯、曹伯、齐世子光、莒子、邾子、滕子、薛伯、杞伯、小邾子伐郑。会于萧鱼。,"Le prince de Lou alla conférer avec les princes de Tsin, de Soung, de Ouei, de Ts’ao, avec Kouang, héritier présomptif du prince de Ts’i, avec les princes de Kiu, de Tchou, de T’eng, de Sie, de K’i, du Petit Tchou ; il attaqua Tcheng avec eux. Les princes se réunirent ensuite à Siao iu, ville de Tcheng."
1173,春秋,Tch'ouen Ts'iou,卷九,LIVRE IX,襄公,Siang,99.0,襄公十一年,ONZIÈME ANNÉE,561.0,公至自会。,Le prince de Lou arriva de la réunion des princes.
1174,春秋,Tch'ouen Ts'iou,卷九,LIVRE IX,襄公,Siang,100.0,襄公十一年,ONZIÈME ANNÉE,561.0,楚人执郑行人良霄。,"Les habitants de Tch’ou retinrent prisonnier Leang Siao, messager de Tcheng."
1175,春秋,Tch'ouen Ts'iou,卷九,LIVRE IX,襄公,Siang,101.0,襄公十一年,ONZIÈME ANNÉE,561.0,冬，秦人伐晋。,"En Hiver, l’armée de Ts’in attaqua Tsin."
1176,春秋,Tch'ouen Ts'iou,卷九,LIVRE IX,襄公,Siang,102.0,襄公十二年,DOUZIÈME ANNÉE,560.0,十有二年春，王二月，莒人伐我东鄙，围台。,"Au printemps, au troisième mois de l’année selon le calendrier impérial, l’armée de Kiu attaqua nos frontières orientales et assiégea T’ai."
1177,春秋,Tch'ouen Ts'iou,卷九,LIVRE IX,襄公,Siang,103.0,襄公十二年,DOUZIÈME ANNÉE,560.0,季孙宿帅师救台，遂入郓。,"Ki suen Siu, à la tête d’une armée, délivra T’ai. De là, il entra dans Iun, ville de Kiu."
1178,春秋,Tch'ouen Ts'iou,卷九,LIVRE IX,襄公,Siang,104.0,襄公十二年,DOUZIÈME ANNÉE,560.0,夏，晋侯使士鲂来聘。,"En été, Cheu Fang, envoyé par le prince de Tsin, vint faire visite au prince de Lou."
1179,春秋,Tch'ouen Ts'iou,卷九,LIVRE IX,襄公,Siang,105.0,襄公十二年,DOUZIÈME ANNÉE,560.0,秋九月，吴子乘卒。,"En automne, au neuvième mois, Cheng, prince de Ou, mourut."
1180,春秋,Tch'ouen Ts'iou,卷九,LIVRE IX,襄公,Siang,106.0,襄公十二年,DOUZIÈME ANNÉE,560.0,冬，楚公子贞帅师侵宋。,"En hiver, Koung tseu Tcheng de Tch’ou, avec une armée, envahit Soung."
1181,春秋,Tch'ouen Ts'iou,卷九,LIVRE IX,襄公,Siang,107.0,襄公十二年,DOUZIÈME ANNÉE,560.0,公如晋。,Le prince de Lou alla à Tsin.
1182,春秋,Tch'ouen Ts'iou,卷九,LIVRE IX,襄公,Siang,108.0,襄公十三年,TREIZIÈME ANNÉE,559.0,十有三年春，公至自晋。,"Au printemps, le prince de Lou arriva de Tsin."
1183,春秋,Tch'ouen Ts'iou,卷九,LIVRE IX,襄公,Siang,109.0,襄公十三年,TREIZIÈME ANNÉE,559.0,夏，取邿。,"En été, les soldats de Lou prirent Cheu."
1184,春秋,Tch'ouen Ts'iou,卷九,LIVRE IX,襄公,Siang,110.0,襄公十三年,TREIZIÈME ANNÉE,559.0,秋九月庚辰，楚子审卒。,"En automne, au neuvième mois, le jour kēng tch’ên, Chen (Kōung oûang), prince de Tch’ou, mourut."
1185,春秋,Tch'ouen Ts'iou,卷九,LIVRE IX,襄公,Siang,111.0,襄公十三年,TREIZIÈME ANNÉE,559.0,冬，城防。,"En hiver, Lou fortifia la ville de Fang."
1186,春秋,Tch'ouen Ts'iou,卷九,LIVRE IX,襄公,Siang,112.0,襄公十四年,QUATORZIÈME ANNÉE,558.0,十有四年春，王正月，季孙宿、叔老会晋士匄、齐人、宋人、卫人、郑公孙虿、曹人、莒人、邾人、滕人、薛人、杞人、小邾人会吴于向。,"Au printemps, au premier mois de l’année selon le calendrier impérial (décembre-janvier), Ki suen Siu et Chou Lao de Lou allèrent trouver Cheu Kai de Tsin, les envoyés de Ts’i, de Soung, de Ouei, Koung suen Tch’ai de Tcheng, les envoyés de Ts’ao, de Kiu, de Tchou, de T’eng, de Sie, de K’i, du petit Tchou. Tous ces envoyés admirent le représentant du prince de Ou à leur réunion à Hiang."
1187,春秋,Tch'ouen Ts'iou,卷九,LIVRE IX,襄公,Siang,113.0,襄公十四年,QUATORZIÈME ANNÉE,558.0,二月乙未朔，日有食之。,"Au deuxième mois, le jour ĭ ouéi, premier jour du mois, le soleil fut éclipsé."
1188,春秋,Tch'ouen Ts'iou,卷九,LIVRE IX,襄公,Siang,114.0,襄公十四年,QUATORZIÈME ANNÉE,558.0,夏四月，叔孙豹会晋荀偃、齐人、宋人、卫北宫括、郑公孙虿、曹人、莒人、邾人、滕人、薛人、杞人、小邾人伐秦。,"En été, au quatrième mois, Chou suen Pao (Mou chou de Lou) alla trouver Siun Ien de Tsin, les envoyés de Ts’i, de Soung, Pe koung Kouo de Ouéi, Koung suen Tch’ai de Tcheng, les envoyés de Ts’ao, de Kiu, de Tchou, de T’eng, de Sie, de K’i, du Petit Tchou, pour attaquer Ts’in."
1189,春秋,Tch'ouen Ts'iou,卷九,LIVRE IX,襄公,Siang,115.0,襄公十四年,QUATORZIÈME ANNÉE,558.0,己未，卫侯出奔齐。,"Le jour kì ouéi, le prince de Ouei quitta sa principauté et se réfugia à Ts’i."
1190,春秋,Tch'ouen Ts'iou,卷九,LIVRE IX,襄公,Siang,116.0,襄公十四年,QUATORZIÈME ANNÉE,558.0,莒人侵我东鄙。,Les habitants de Kiu envahirent notre frontière orientale.
1191,春秋,Tch'ouen Ts'iou,卷九,LIVRE IX,襄公,Siang,117.0,襄公十四年,QUATORZIÈME ANNÉE,558.0,秋，楚公子贞帅师伐吴。,"En automne, Koung tseu Tcheng de Tch’ou, à la tête d’une, armée, attaqua Ou."
1192,春秋,Tch'ouen Ts'iou,卷九,LIVRE IX,襄公,Siang,118.0,襄公十四年,QUATORZIÈME ANNÉE,558.0,冬，季孙宿会晋士匄、宋华阅、卫孙林父、郑公孙虿、莒人、邾人于戚。,"En hiver, Ki suen Siu (Ki Ou tseu de Lou) alla à Ts’i conférer avec Cheu Kai (Fan Siuen tseu) de Tsin, Houa Iue de Soung, Suen Lin fou (Ouen tseu) de Ouei, Koung suen Tch’ai (Tseu kiao) de Tcheng, et les envoyés de Kiu et de Tchou."
1193,春秋,Tch'ouen Ts'iou,卷九,LIVRE IX,襄公,Siang,119.0,襄公十五年,QUINZIÈME ANNÉE,557.0,十有五年春，宋公使向戌来聘。二月己亥，及向戌盟于刘。,"Au printemps, Hiang Siu, envoyé par le prince de Soung, vint saluer le prince de Lou. Au deuxième mois, le jour kì hái, un traité fut fait avec Hiang Siu à Liou."
1194,春秋,Tch'ouen Ts'iou,卷九,LIVRE IX,襄公,Siang,120.0,襄公十五年,QUINZIÈME ANNÉE,557.0,刘夏逆王后于齐。,Hia de Liou alla à Ts’i chercher la future épouse de l’empereur.
1195,春秋,Tch'ouen Ts'iou,卷九,LIVRE IX,襄公,Siang,121.0,襄公十五年,QUINZIÈME ANNÉE,557.0,夏，齐侯伐我北鄙，围成。,"En été, le prince de Ts’i attaqua notre frontière septentrionale et assiégea Tch’eng. Le prince de Lou délivra Tch’eng et alla jusqu’à Iu, ville de Lou."
1196,春秋,Tch'ouen Ts'iou,卷九,LIVRE IX,襄公,Siang,122.0,襄公十五年,QUINZIÈME ANNÉE,557.0,公救成，至遇。季孙宿、叔孙豹帅师城成郛。,"Ki suen Siu et Chou suen Pao, à la tête de leurs troupes, élevèrent un rempart autour des faubourgs de Tch’eng."
1197,春秋,Tch'ouen Ts'iou,卷九,LIVRE IX,襄公,Siang,123.0,襄公十五年,QUINZIÈME ANNÉE,557.0,季孙宿、叔孙豹帅师城成郛。,"En automne, au huitième mois, le jour tīng séu, le soleil fut éclipsé."
1198,春秋,Tch'ouen Ts'iou,卷九,LIVRE IX,襄公,Siang,124.0,襄公十五年,QUINZIÈME ANNÉE,557.0,邾人伐我南鄙。,Les habitants de Tchou attaquèrent notre frontière méridionale.
1199,春秋,Tch'ouen Ts'iou,卷九,LIVRE IX,襄公,Siang,125.0,襄公十五年,QUINZIÈME ANNÉE,557.0,冬十有一月癸亥，晋侯周卒。,"En hiver, au onzième mois, le jour kouèi hái, Tcheou (Tao koung), prince de Tsin, mourut."
1200,春秋,Tch'ouen Ts'iou,卷九,LIVRE IX,襄公,Siang,126.0,襄公十六年,SEIZIÈME ANNÉE,556.0,十有六年春，王正月，葬晋悼公。,"Au printemps, au premier mois de l’année selon le calendrier impérial (décembre-janvier), on enterra Tao koung, prince de Tin."
1201,春秋,Tch'ouen Ts'iou,卷九,LIVRE IX,襄公,Siang,127.0,襄公十六年,SEIZIÈME ANNÉE,556.0,三月，公会晋侯、宋公、卫侯、郑伯、曹伯、莒子、邾子、薛伯、杞伯、小邾子于湨梁。,"Au troisième mois, le prince de Lou alla à Tch’eou leang conférer avec les princes de Tin, de Soung, de Ouei, de Tcheng, de Ts’ao, de Kiu, de Tchou, de Sie, de K’i, du PetitTchou. Le jour meóu în, les grands préfets des princes conclurent un accord."
1202,春秋,Tch'ouen Ts'iou,卷九,LIVRE IX,襄公,Siang,128.0,襄公十六年,SEIZIÈME ANNÉE,556.0,戊寅，大夫盟。晋人执莒子、邾子以归。,"(A l’assemblée de Tch’eou leang, après la convention des grands préfets), les officiers de Tsin s’emparèrent du prince de Kiu et du prince de Tchou, et les emmenèrent avec eux à la capitale de Tsin."
1203,春秋,Tch'ouen Ts'iou,卷九,LIVRE IX,襄公,Siang,129.0,襄公十六年,SEIZIÈME ANNÉE,556.0,齐侯伐我北鄙。,Le prince de Ts’i attaqua notre frontière septentrionale.
1204,春秋,Tch'ouen Ts'iou,卷九,LIVRE IX,襄公,Siang,130.0,襄公十六年,SEIZIÈME ANNÉE,556.0,夏，公至自会。,"En été, le prince de Lou arriva de la réunion des princes."
1205,春秋,Tch'ouen Ts'iou,卷九,LIVRE IX,襄公,Siang,131.0,襄公十六年,SEIZIÈME ANNÉE,556.0,五月甲子，地震。,"Au cinquième mois, le jour kiă tsèu, la terre trembla."
1206,春秋,Tch'ouen Ts'iou,卷九,LIVRE IX,襄公,Siang,132.0,襄公十六年,SEIZIÈME ANNÉE,556.0,叔老会郑伯、晋荀偃、卫甯殖、宋人伐许。,"Chou Lao de Lou alla se joindre au prince de Tcheng, à Siun Ien de Tsin, à Ning Tcheu de Ouei, à un officier de Soung ; avec eux il attaqua Hiu."
1207,春秋,Tch'ouen Ts'iou,卷九,LIVRE IX,襄公,Siang,133.0,襄公十六年,SEIZIÈME ANNÉE,556.0,秋，齐侯伐我北鄙，围成。,"En automne, le prince de Ts’i attaqua notre frontière septentrionale, et assiégea Tch’eng."
1208,春秋,Tch'ouen Ts'iou,卷九,LIVRE IX,襄公,Siang,134.0,襄公十六年,SEIZIÈME ANNÉE,556.0,大雩。,Cérémonie solennelle pour obtenir la pluie.
1209,春秋,Tch'ouen Ts'iou,卷九,LIVRE IX,襄公,Siang,135.0,襄公十六年,SEIZIÈME ANNÉE,556.0,冬，叔孙豹如晋。,"En hiver, Chou suen Pao alla à Tsin."
1210,春秋,Tch'ouen Ts'iou,卷九,LIVRE IX,襄公,Siang,136.0,襄公十七年,DIX-SEPTIÈME ANNÉE,555.0,十有七年春，王二月庚午，邾子卒。,"Au printemps, au deuxième mois de l’année et du printemps selon le calendrier impérial (janvier-février), le jour kēng òu, K’eng (Siuēn kōung), prince de Chou, mourut."
1211,春秋,Tch'ouen Ts'iou,卷九,LIVRE IX,襄公,Siang,137.0,襄公十七年,DIX-SEPTIÈME ANNÉE,555.0,宋人伐陈。,Les habitants de Soung attaquèrent Tch’en.
1212,春秋,Tch'ouen Ts'iou,卷九,LIVRE IX,襄公,Siang,138.0,襄公十七年,DIX-SEPTIÈME ANNÉE,555.0,夏，卫石买帅师伐曹。,"En été, Cheu Mai de Ouei attaqua Ts’ao."
1213,春秋,Tch'ouen Ts'iou,卷九,LIVRE IX,襄公,Siang,139.0,襄公十七年,DIX-SEPTIÈME ANNÉE,555.0,秋，齐侯伐我北鄙，围桃。高厚帅师伐我北鄙，围防。,"En automne, le prince de Ts’i attaqua notre frontière septentrionale et assiégea T’ao. Kao Heou de Ts’i, avec une armée, l’attaqua notre frontière septentrionale et assiégea Fang."
1214,春秋,Tch'ouen Ts'iou,卷九,LIVRE IX,襄公,Siang,140.0,襄公十七年,DIX-SEPTIÈME ANNÉE,555.0,九月，大雩。,"Au neuvième mois, cérémonie solennelle pour obtenir la pluie."
1215,春秋,Tch'ouen Ts'iou,卷九,LIVRE IX,襄公,Siang,141.0,襄公十七年,DIX-SEPTIÈME ANNÉE,555.0,宋华臣出奔陈。,Houa Tch’en de Soung quitta son pays et se réfugia à Tch’en.
1216,春秋,Tch'ouen Ts'iou,卷九,LIVRE IX,襄公,Siang,142.0,襄公十七年,DIX-SEPTIÈME ANNÉE,555.0,冬，邾人伐我南鄙。,"En hiver, les soldats de Tchou attaquèrent notre frontière méridionale."
1217,春秋,Tch'ouen Ts'iou,卷九,LIVRE IX,襄公,Siang,143.0,襄公十八年,DIX-HUITIÈME ANNÉE,554.0,十有八年春，白狄来。,"Au printemps, un représentant des Ti Blancs vint à Lou saluer le prince."
1218,春秋,Tch'ouen Ts'iou,卷九,LIVRE IX,襄公,Siang,144.0,襄公十八年,DIX-HUITIÈME ANNÉE,554.0,夏，晋人执卫行人石买。,"En été, les habitants de Tsin s’emparèrent de Cheu Mai, officier des messages de Ouei."
1219,春秋,Tch'ouen Ts'iou,卷九,LIVRE IX,襄公,Siang,145.0,襄公十八年,DIX-HUITIÈME ANNÉE,554.0,秋，齐师伐我北鄙。,"En automne, l’armée de Ts’i attaqua notre frontière septentrionale."
1220,春秋,Tch'ouen Ts'iou,卷九,LIVRE IX,襄公,Siang,146.0,襄公十八年,DIX-HUITIÈME ANNÉE,554.0,冬十月，公会晋侯、宋公、卫侯、郑伯、曹伯、莒子、邾子、滕子、薛伯、杞伯、小邾子，同围齐。,"En hiver, au dixième mois, le prince de Lou alla trouver les princes de Ts’ao, de Kiu, de Tchou, de T’eng, de Sie, de K’i, du Petit Tchou, et assiégea avec eux la capitale de Ts’i."
1221,春秋,Tch'ouen Ts'iou,卷九,LIVRE IX,襄公,Siang,147.0,襄公十八年,DIX-HUITIÈME ANNÉE,554.0,曹伯负刍卒于师。,"Fou tch’ou (Tch’êng kōung), prince de Ts’ao, mourut dans l’expédition contre Ts’i."
1222,春秋,Tch'ouen Ts'iou,卷九,LIVRE IX,襄公,Siang,148.0,襄公十八年,DIX-HUITIÈME ANNÉE,554.0,楚公子午帅师伐郑。,"Koung tseu Ou de Tch’ou, à la tête d’une armée, attaqua Tcheng."
1223,春秋,Tch'ouen Ts'iou,卷九,LIVRE IX,襄公,Siang,149.0,襄公十九年,DIX-NEUVIÈME ANNÉE,553.0,十有九年春，王正月，诸侯盟于祝柯。,"Au printemps, au premier mois de l’année et du printemps selon le calendrier impérial (décembre-janvier), les princes firent une convention à Tchou ko."
1224,春秋,Tch'ouen Ts'iou,卷九,LIVRE IX,襄公,Siang,150.0,襄公十九年,DIX-NEUVIÈME ANNÉE,553.0,晋人执邾子。,"Les officiers de Tsin retinrent prisonnier le prince de Tchou. Ils retinrent prisonnier Tao koung, prince de Tchou, parce qu’il nous avait attaqués."
1225,春秋,Tch'ouen Ts'iou,卷九,LIVRE IX,襄公,Siang,151.0,襄公十九年,DIX-NEUVIÈME ANNÉE,553.0,公至自伐齐。,Le prince de Lou arriva de son expédition contre Ts’i.
1226,春秋,Tch'ouen Ts'iou,卷九,LIVRE IX,襄公,Siang,152.0,襄公十九年,DIX-NEUVIÈME ANNÉE,553.0,取邾田，自漷水。,Les princes alliés prirent les terres de Tchou à partir de la rivière K’ouo.
1227,春秋,Tch'ouen Ts'iou,卷九,LIVRE IX,襄公,Siang,153.0,襄公十九年,DIX-NEUVIÈME ANNÉE,553.0,季孙宿如晋。,Ki suen Siu alla à Tsin.
1228,春秋,Tch'ouen Ts'iou,卷九,LIVRE IX,襄公,Siang,154.0,襄公十九年,DIX-NEUVIÈME ANNÉE,553.0,葬曹成公。,"On enterra Tch’eng koung, prince de Ts’ao."
1229,春秋,Tch'ouen Ts'iou,卷九,LIVRE IX,襄公,Siang,155.0,襄公十九年,DIX-NEUVIÈME ANNÉE,553.0,夏，卫孙林父帅师伐齐。,"En été, (Lou reçut l’annonce que) Suen Lin fou (Ouen tseu) de Ouei avait attaqué Tsi."
1230,春秋,Tch'ouen Ts'iou,卷九,LIVRE IX,襄公,Siang,156.0,襄公十九年,DIX-NEUVIÈME ANNÉE,553.0,秋七月辛卯，齐侯环卒。,"En automne, au septième mois, le jour sīn maò, Houan, prince de Ts’i, mourut."
1231,春秋,Tch'ouen Ts'iou,卷九,LIVRE IX,襄公,Siang,157.0,襄公十九年,DIX-NEUVIÈME ANNÉE,553.0,晋士匄帅师侵齐至穀，闻齐侯卒，乃还。,"Cheu Kai de Tsin, à la tête d’une armée, envahit Ts’i et alla jusqu’à Kou. Apprenant la mort du prince de Ts’i, il s’en retourna à Tsin."
1232,春秋,Tch'ouen Ts'iou,卷九,LIVRE IX,襄公,Siang,158.0,襄公十九年,DIX-NEUVIÈME ANNÉE,553.0,八月丙辰，仲孙蔑卒。,"Au huitième mois, le jour pìng tch’ên, Tchoung suen Mie (Meng Hien tseu de Lou) mourut."
1233,春秋,Tch'ouen Ts'iou,卷九,LIVRE IX,襄公,Siang,159.0,襄公十九年,DIX-NEUVIÈME ANNÉE,553.0,齐杀其大夫高厚。,Ts’i mit à mort son grand préfet Kao Heou.
1234,春秋,Tch'ouen Ts'iou,卷九,LIVRE IX,襄公,Siang,160.0,襄公十九年,DIX-NEUVIÈME ANNÉE,553.0,郑杀其大夫公子嘉。,Tcheng mit à mort son grand préfet Koung tseu Kia.
1235,春秋,Tch'ouen Ts'iou,卷九,LIVRE IX,襄公,Siang,161.0,襄公十九年,DIX-NEUVIÈME ANNÉE,553.0,冬，葬齐灵公。,"En hiver, on enterra Ling koung, prince de Ts’i."
1236,春秋,Tch'ouen Ts'iou,卷九,LIVRE IX,襄公,Siang,162.0,襄公十九年,DIX-NEUVIÈME ANNÉE,553.0,城西郛。,On fortifia le faubourg occidental de la capitale de Lou.
1237,春秋,Tch'ouen Ts'iou,卷九,LIVRE IX,襄公,Siang,163.0,襄公十九年,DIX-NEUVIÈME ANNÉE,553.0,叔孙豹会晋士匄于柯。,Chou suen Pao conféra avec Cheu Kai de Tsin à Ko.
1238,春秋,Tch'ouen Ts'iou,卷九,LIVRE IX,襄公,Siang,164.0,襄公十九年,DIX-NEUVIÈME ANNÉE,553.0,城武城。,Lou fortifia Ou tch’eng.
1239,春秋,Tch'ouen Ts'iou,卷九,LIVRE IX,襄公,Siang,165.0,襄公二十年,VINGTIÈME ANNÉE,552.0,二十年春，王正月辛亥，仲孙速会莒人，盟于向。,"Au printemps, au premier mois de l’année et du printemps, selon le calendrier impérial (décembre-janvier), le jour sīn hái, Tchoung suen Sou alla trouver un délégué du prince de Kiu et fit avec lui une convention à Hiang."
1240,春秋,Tch'ouen Ts'iou,卷九,LIVRE IX,襄公,Siang,166.0,襄公二十年,VINGTIÈME ANNÉE,552.0,夏六月庚申，公会晋侯、齐侯、宋公、卫侯、郑伯、曹伯、莒子、邾子、滕子、薛伯、杞伯、小邾子，盟于澶渊。,"En été, au sixième mois, le jour kēng chēn, le prince de Lou alla trouver les princes de Tsin, de Ts’i, de Soung, de Ouei, de Tcheng, de Ts’ao, de Kiu, de Tchou, de Sie, de K’i, du Petit Tchou, et fit avec eux une convention à Chan iuen."
1241,春秋,Tch'ouen Ts'iou,卷九,LIVRE IX,襄公,Siang,167.0,襄公二十年,VINGTIÈME ANNÉE,552.0,秋，公至自会。,"En automne, le prince de Lou arriva de la réunion des princes."
1242,春秋,Tch'ouen Ts'iou,卷九,LIVRE IX,襄公,Siang,168.0,襄公二十年,VINGTIÈME ANNÉE,552.0,仲孙速帅师伐邾。,"Tchoung suen Sou, à la tête d’une armée, attaqua Tchou."
1243,春秋,Tch'ouen Ts'iou,卷九,LIVRE IX,襄公,Siang,169.0,襄公二十年,VINGTIÈME ANNÉE,552.0,蔡杀其大夫公子燮。蔡公子履出奔楚。,"Ts’ai mit à mort son grand préfet Sie, fils de Tchouāng kōung. Koung tseu Li de Ts’ai quitta le pays et se réfugia à Tch’ou."
1244,春秋,Tch'ouen Ts'iou,卷九,LIVRE IX,襄公,Siang,170.0,襄公二十年,VINGTIÈME ANNÉE,552.0,陈侯之弟黄出奔楚。,"Houang, frère puîné du prince de Tch’en, quitta Tch’en et s’enfuit à Tch’ou."
1245,春秋,Tch'ouen Ts'iou,卷九,LIVRE IX,襄公,Siang,171.0,襄公二十年,VINGTIÈME ANNÉE,552.0,叔老如齐。,Chou Lao alla à Ts’i.
1246,春秋,Tch'ouen Ts'iou,卷九,LIVRE IX,襄公,Siang,172.0,襄公二十年,VINGTIÈME ANNÉE,552.0,冬十月丙辰朔，日有食之。,"En hiver, au dixième mois, le jour pìng tch’ên, premier jour du mois, le soleil fut éclipsé."
1247,春秋,Tch'ouen Ts'iou,卷九,LIVRE IX,襄公,Siang,173.0,襄公二十年,VINGTIÈME ANNÉE,552.0,季孙宿如宋。,Ki suen Siu alla à Soung.
1248,春秋,Tch'ouen Ts'iou,卷九,LIVRE IX,襄公,Siang,174.0,襄公二十一年,VINGT ET UNIÈME ANNÉE,551.0,二十有一年春，王正月，公如晋。,"Au printemps, au premier mois de l’année et du printemps selon le calendrier impérial (décembre-janvier), le prince de Lou alla à Tsin."
1249,春秋,Tch'ouen Ts'iou,卷九,LIVRE IX,襄公,Siang,175.0,襄公二十一年,VINGT ET UNIÈME ANNÉE,551.0,邾庶其以漆、闾丘来奔。,"Chou k’i de Tchou vint se réfugier à Lou, et nous offrit les domaines de Ts’i et de Liu k’iou, dont il percevait les revenus."
1250,春秋,Tch'ouen Ts'iou,卷九,LIVRE IX,襄公,Siang,176.0,襄公二十一年,VINGT ET UNIÈME ANNÉE,551.0,夏，公至自晋。,"En été, le prince de Lou arriva de Tsin."
1251,春秋,Tch'ouen Ts'iou,卷九,LIVRE IX,襄公,Siang,177.0,襄公二十一年,VINGT ET UNIÈME ANNÉE,551.0,秋，晋栾盈出奔楚。,"En automne, Louan Ing de Tsin quitta son pays et se réfugia à Tch’ou."
1252,春秋,Tch'ouen Ts'iou,卷九,LIVRE IX,襄公,Siang,178.0,襄公二十一年,VINGT ET UNIÈME ANNÉE,551.0,九月庚戌朔，日有食之。,"Au neuvième mois, le jour kēng siŭ, premier jour du mois, le soleil fut éclipsé."
1253,春秋,Tch'ouen Ts'iou,卷九,LIVRE IX,襄公,Siang,179.0,襄公二十一年,VINGT ET UNIÈME ANNÉE,551.0,nan,"En hiver, au dixième mois, le jour kēng tch’ên, premier du mois, le soleil fut éclipsé."
1254,春秋,Tch'ouen Ts'iou,卷九,LIVRE IX,襄公,Siang,180.0,襄公二十一年,VINGT ET UNIÈME ANNÉE,551.0,曹伯来朝。,Le prince de Ts’ao (Ou koung) vint présenter ses hommages au prince de Lou.
1255,春秋,Tch'ouen Ts'iou,卷九,LIVRE IX,襄公,Siang,181.0,襄公二十一年,VINGT ET UNIÈME ANNÉE,551.0,公会晋侯、齐侯、宋公、卫侯、郑伯、曹伯、莒子、邾子于商任。,"Le prince de Lou alla à Chang jen conférer avec les princes de Tsin, de Ts’i, de Soung, de Ouei, de Tcheng, de Ts’ao, de Kiu, de Tchou."
1256,春秋,Tch'ouen Ts'iou,卷九,LIVRE IX,襄公,Siang,182.0,襄公二十二年,VINGT-DEUXIÈME ANNÉE,550.0,二十有二年春，王正月，公至自会。,"Au printemps, au premier mois de l’année et du printemps selon le calendrier impérial (décembre-janvier), le prince de Lou arriva de la réunion des princes."
1257,春秋,Tch'ouen Ts'iou,卷九,LIVRE IX,襄公,Siang,183.0,襄公二十二年,VINGT-DEUXIÈME ANNÉE,550.0,夏四月。,"En été, au quatrième mois."
1258,春秋,Tch'ouen Ts'iou,卷九,LIVRE IX,襄公,Siang,184.0,襄公二十二年,VINGT-DEUXIÈME ANNÉE,550.0,秋七月辛酉，叔老卒。,"En automne, au septième mois, le jour sīn iòu, Chou Lao (Tseu chou Ts’i tseu de Lou) mourut."
1259,春秋,Tch'ouen Ts'iou,卷九,LIVRE IX,襄公,Siang,185.0,襄公二十二年,VINGT-DEUXIÈME ANNÉE,550.0,冬，公会晋侯、齐侯、宋公、卫侯、郑伯、曹伯、莒子、邾子、薛伯、杞伯、小邾子于沙随。,"En hiver, le prince de Lou alla à Cha souei conférer avec les princes de Tsin, de Ts’i, de Soung, de Ouei, de Tcheng, de Ts’ao, de Kiu, de Tchou, de Sie, de K’i, du Petit Tchou."
1260,春秋,Tch'ouen Ts'iou,卷九,LIVRE IX,襄公,Siang,186.0,襄公二十二年,VINGT-DEUXIÈME ANNÉE,550.0,公至自会。,Le prince de Lou arriva de la réunion des princes.
1261,春秋,Tch'ouen Ts'iou,卷九,LIVRE IX,襄公,Siang,187.0,襄公二十二年,VINGT-DEUXIÈME ANNÉE,550.0,楚杀其大夫公子追舒。,Tch’ou mit à mort son grand préfet Koung tseu Tchouei chou.
1262,春秋,Tch'ouen Ts'iou,卷九,LIVRE IX,襄公,Siang,188.0,襄公二十三年,VINGT-TROISIÈME ANNÉE,549.0,二十有三年春，王二月癸酉朔，日有食之。,"Au printemps, au deuxième mois de l’année selon le calendrier impérial, le jour kouèi siŭ, premier jour du mois, le soleil fut éclipsé."
1263,春秋,Tch'ouen Ts'iou,卷九,LIVRE IX,襄公,Siang,189.0,襄公二十三年,VINGT-TROISIÈME ANNÉE,549.0,三月己巳，杞伯匄卒。,"Au troisième mois, le jour kì séu, Kai, prince de K’i, mourut."
1264,春秋,Tch'ouen Ts'iou,卷九,LIVRE IX,襄公,Siang,190.0,襄公二十三年,VINGT-TROISIÈME ANNÉE,549.0,夏，邾畀我来奔。,"En été, Pi ngo de Tchou vint se réfugier à Lou."
1265,春秋,Tch'ouen Ts'iou,卷九,LIVRE IX,襄公,Siang,191.0,襄公二十三年,VINGT-TROISIÈME ANNÉE,549.0,葬杞孝公。,"On enterra Hiao koung, prince de K’i."
1266,春秋,Tch'ouen Ts'iou,卷九,LIVRE IX,襄公,Siang,192.0,襄公二十三年,VINGT-TROISIÈME ANNÉE,549.0,陈杀其大夫庆虎及庆寅。,Tch’en mit à mort ses grands préfets K’ing Hou et K’ing In.
1267,春秋,Tch'ouen Ts'iou,卷九,LIVRE IX,襄公,Siang,193.0,襄公二十三年,VINGT-TROISIÈME ANNÉE,549.0,陈侯之弟黄自楚归于陈。,"Houang, frère puîné du prince de Tch’en, quitta Tch’ou et retourna à Tch’en."
1268,春秋,Tch'ouen Ts'iou,卷九,LIVRE IX,襄公,Siang,194.0,襄公二十三年,VINGT-TROISIÈME ANNÉE,549.0,晋栾盈复入于晋，入于曲沃。,Louan Ing de Tsiu rentra à Tsin. Il entra dans sa ville de K’iu ou.
1269,春秋,Tch'ouen Ts'iou,卷九,LIVRE IX,襄公,Siang,195.0,襄公二十三年,VINGT-TROISIÈME ANNÉE,549.0,秋，齐侯伐卫，遂伐晋。,"En automne, le prince de Ts’i attaqua Ouei ; puis, il attaqua Tsin."
1270,春秋,Tch'ouen Ts'iou,卷九,LIVRE IX,襄公,Siang,196.0,襄公二十三年,VINGT-TROISIÈME ANNÉE,549.0,八月，叔孙豹帅师救晋，次于雍榆。,"Au huitième mois, Chou suen Pao de Lou conduisit des troupes au secours de Tsin. Il stationna à Ioung  Iu, sur le territoire de Tsin."
1271,春秋,Tch'ouen Ts'iou,卷九,LIVRE IX,襄公,Siang,197.0,襄公二十三年,VINGT-TROISIÈME ANNÉE,549.0,己卯，仲孙速卒。,"Le jour kì maò, Tchoung suen Sou (Méng Tchouang tsèu de Lou) mourut."
1272,春秋,Tch'ouen Ts'iou,卷九,LIVRE IX,襄公,Siang,198.0,襄公二十三年,VINGT-TROISIÈME ANNÉE,549.0,冬十月乙亥，臧孙纥出奔邾。,"En hiver, au dixième mois, Tsang suen Ho quitta Lou et se réfugia à Tchou."
1273,春秋,Tch'ouen Ts'iou,卷九,LIVRE IX,襄公,Siang,199.0,襄公二十三年,VINGT-TROISIÈME ANNÉE,549.0,晋人杀栾盈。,Les habitants de Tsin mirent à mort Louan Ing.
1274,春秋,Tch'ouen Ts'iou,卷九,LIVRE IX,襄公,Siang,200.0,襄公二十三年,VINGT-TROISIÈME ANNÉE,549.0,齐侯袭莒。,Le prince de Ts’i attaqua Kiu à l’improviste.
1275,春秋,Tch'ouen Ts'iou,卷九,LIVRE IX,襄公,Siang,201.0,襄公二十四年,VINGT-QUATRIÈME ANNÉE,548.0,二十有四年春，叔孙豹如晋。,"Au printemps, Chou suen Pao alla à Tsin."
1276,春秋,Tch'ouen Ts'iou,卷九,LIVRE IX,襄公,Siang,202.0,襄公二十四年,VINGT-QUATRIÈME ANNÉE,548.0,仲孙羯帅师侵齐。,"Tchoung suen Kie, à la tête d’une armée, envahit Ts’i."
1277,春秋,Tch'ouen Ts'iou,卷九,LIVRE IX,襄公,Siang,203.0,襄公二十四年,VINGT-QUATRIÈME ANNÉE,548.0,夏，楚子伐吴。,"En été, le prince de Tch’ou attaqua Ou."
1278,春秋,Tch'ouen Ts'iou,卷九,LIVRE IX,襄公,Siang,204.0,襄公二十四年,VINGT-QUATRIÈME ANNÉE,548.0,秋七月甲子朔，日有食之，既。,"En automne, au septième mois, le jour kiă tsèu, premier jour du mois lunaire, il y eut une éclipse totale de soleil."
1279,春秋,Tch'ouen Ts'iou,卷九,LIVRE IX,襄公,Siang,205.0,襄公二十四年,VINGT-QUATRIÈME ANNÉE,548.0,齐崔杼帅师伐莒。,"Ts’ouei Tchou de Ts’i, à la tête d’une armée, attaqua Kiu."
1280,春秋,Tch'ouen Ts'iou,卷九,LIVRE IX,襄公,Siang,206.0,襄公二十四年,VINGT-QUATRIÈME ANNÉE,548.0,大水。,Grande inondation.
1281,春秋,Tch'ouen Ts'iou,卷九,LIVRE IX,襄公,Siang,207.0,襄公二十四年,VINGT-QUATRIÈME ANNÉE,548.0,八月癸巳朔，日有食之。,"Au huitième mois, jour kouèi séu, premier jour du mois lunaire, le soleil fut éclipsé."
1282,春秋,Tch'ouen Ts'iou,卷九,LIVRE IX,襄公,Siang,208.0,襄公二十四年,VINGT-QUATRIÈME ANNÉE,548.0,公会晋侯、宋公、卫侯、郑伯、曹伯、莒子、邾子、滕子、薛伯、杞伯、小邾子于夷仪。,"Le prince de Lou alla à I i conférer avec les princes de Tsin, de Soung, de Ouei, de Tcheng, de Ts’ao, de Kiu, de Tchou, de T’eng, de Sie, de K’i et du Petit Tchou."
1283,春秋,Tch'ouen Ts'iou,卷九,LIVRE IX,襄公,Siang,209.0,襄公二十四年,VINGT-QUATRIÈME ANNÉE,548.0,冬，楚子、蔡侯、陈侯、许男伐郑。,"En hiver, les princes de Tchou, de Ts’ai, de Tch’en et de Hiu attaquèrent Tcheng."
1284,春秋,Tch'ouen Ts'iou,卷九,LIVRE IX,襄公,Siang,210.0,襄公二十四年,VINGT-QUATRIÈME ANNÉE,548.0,公至自会。,"Le prince de Lou, parti de la réunion des princes à I i, arriva à Lou."
1285,春秋,Tch'ouen Ts'iou,卷九,LIVRE IX,襄公,Siang,211.0,襄公二十四年,VINGT-QUATRIÈME ANNÉE,548.0,陈鍼宜咎出奔楚。,K’ien I kiou de Tchen quitta Tch’en et se réfugia à Tch’ou.
1286,春秋,Tch'ouen Ts'iou,卷九,LIVRE IX,襄公,Siang,212.0,襄公二十四年,VINGT-QUATRIÈME ANNÉE,548.0,叔孙豹如京师。,Chou suen Pao alla à la capitale de l’empire.
1287,春秋,Tch'ouen Ts'iou,卷九,LIVRE IX,襄公,Siang,213.0,襄公二十四年,VINGT-QUATRIÈME ANNÉE,548.0,大饥。,Grande famine à Lou.
1288,春秋,Tch'ouen Ts'iou,卷九,LIVRE IX,襄公,Siang,214.0,襄公二十五年,VINGT-CINQUIÈME ANNÉE,547.0,二十有五年春，齐崔杼帅师伐我北鄙。,"Au printemps, Ts’ouei Tchou de Ts’i avec des troupes attaqua notre frontière septentrionale."
1289,春秋,Tch'ouen Ts'iou,卷九,LIVRE IX,襄公,Siang,215.0,襄公二十五年,VINGT-CINQUIÈME ANNÉE,547.0,夏五月乙亥，齐崔杼弑其君光。,"En été, au cinquième mois, le jour ĭ hái, Ts’ouei Tchou de Ts’i mit à mort Kouang, son prince."
1290,春秋,Tch'ouen Ts'iou,卷九,LIVRE IX,襄公,Siang,216.0,襄公二十五年,VINGT-CINQUIÈME ANNÉE,547.0,公会晋侯、宋公、卫侯、郑伯、曹伯、莒子、邾子、滕子、薛伯、杞伯、小邾子于夷仪。,"Le prince de Lou alla à I i conférer avec les princes de Tsin, de Soung, de Ouei, de Tcheng, de Ts’ao, de Kiu, de Tchou, de T’eng, de Sie, de K’i et du Petit Tchou."
1291,春秋,Tch'ouen Ts'iou,卷九,LIVRE IX,襄公,Siang,217.0,襄公二十五年,VINGT-CINQUIÈME ANNÉE,547.0,六月壬子，郑公孙舍之帅师入陈。,"Au sixième mois, le jour jên tsèu, Koung suen Che tcheu de Tcheng, avec une armée, entra dans la capitale de Tch’en."
1292,春秋,Tch'ouen Ts'iou,卷九,LIVRE IX,襄公,Siang,218.0,襄公二十五年,VINGT-CINQUIÈME ANNÉE,547.0,秋八月己巳，诸侯同盟于重丘。,"En automne, au huitième mois, le jour kì séu, les princes alliés firent un traité à Tch’oung k’iou."
1293,春秋,Tch'ouen Ts'iou,卷九,LIVRE IX,襄公,Siang,219.0,襄公二十五年,VINGT-CINQUIÈME ANNÉE,547.0,公至自会。,Le prince de Lou arriva de la réunion des princes.
1294,春秋,Tch'ouen Ts'iou,卷九,LIVRE IX,襄公,Siang,220.0,襄公二十五年,VINGT-CINQUIÈME ANNÉE,547.0,卫侯入于夷仪。,Le prince de Ouei (Hien koung) entra dans I i.
1295,春秋,Tch'ouen Ts'iou,卷九,LIVRE IX,襄公,Siang,221.0,襄公二十五年,VINGT-CINQUIÈME ANNÉE,547.0,楚屈建帅师灭舒鸠。,"Kiue Kien de Tch’ou, avec une armée, mit fin à la principauté de Chou kiou."
1296,春秋,Tch'ouen Ts'iou,卷九,LIVRE IX,襄公,Siang,222.0,襄公二十五年,VINGT-CINQUIÈME ANNÉE,547.0,冬，郑公孙夏帅师伐陈。,"En hiver, Koung suen Hia de Tcheng, avec une armée, attaqua Tch’en."
1297,春秋,Tch'ouen Ts'iou,卷九,LIVRE IX,襄公,Siang,223.0,襄公二十五年,VINGT-CINQUIÈME ANNÉE,547.0,十有二月，吴子遏伐楚，门于巢，卒。,"Au douzième mois, Ngo, prince de Ou, envahit Tch’ou ; il attaqua la porte de la ville de Tch’ao et y mourut."
1298,春秋,Tch'ouen Ts'iou,卷九,LIVRE IX,襄公,Siang,224.0,襄公二十六年,VINGT-SIXIÈME ANNÉE,546.0,二十有六年春，王二月辛卯，卫甯喜弑其君剽。,Au printemps.
1299,春秋,Tch'ouen Ts'iou,卷九,LIVRE IX,襄公,Siang,225.0,襄公二十六年,VINGT-SIXIÈME ANNÉE,546.0,nan,"Au deuxième mois selon le calendrier impérial, le jour sīn maò, Ning Hi de Ouei mit à mort son prince P’iao, successeur de Hien koung."
1300,春秋,Tch'ouen Ts'iou,卷九,LIVRE IX,襄公,Siang,226.0,襄公二十六年,VINGT-SIXIÈME ANNÉE,546.0,卫孙林父入于戚以叛。,"Suen Lin fou (Ouen tseu) de Ouei, étant entré dans la ville de Ts’i, se révolta (contre Hien koung, prince de Ouei)."
1301,春秋,Tch'ouen Ts'iou,卷九,LIVRE IX,襄公,Siang,227.0,襄公二十六年,VINGT-SIXIÈME ANNÉE,546.0,甲午，卫侯衎复归于卫。,"Le jour kiă où, K’an (Hien koung), prince de Ouei, retourna et reprit le gouvernement à Ouei."
1302,春秋,Tch'ouen Ts'iou,卷九,LIVRE IX,襄公,Siang,228.0,襄公二十六年,VINGT-SIXIÈME ANNÉE,546.0,夏，晋侯使荀吴来聘。,"En été, le prince de Tsin envoya Siun Ou saluer le prince de Lou."
1303,春秋,Tch'ouen Ts'iou,卷九,LIVRE IX,襄公,Siang,229.0,襄公二十六年,VINGT-SIXIÈME ANNÉE,546.0,夏，晋侯使荀吴来聘。,"Le prince de Lou alla à Chan iuen trouver un représentant de Tsin, Lang Siao de Tcheng, un représentant de Soung et un représentant de Ts’ao."
1304,春秋,Tch'ouen Ts'iou,卷九,LIVRE IX,襄公,Siang,230.0,襄公二十六年,VINGT-SIXIÈME ANNÉE,546.0,秋，宋公杀其世子痤。,"En automne, le prince de Soung fit mourir Ts’ouo, son héritier présomptif."
1305,春秋,Tch'ouen Ts'iou,卷九,LIVRE IX,襄公,Siang,231.0,襄公二十六年,VINGT-SIXIÈME ANNÉE,546.0,晋人执卫甯喜。,(Le prince de Lou reçut l’annonce officielle que) les officiers de Tsin s’étaient emparés de Ning Hi de Ouei.
1306,春秋,Tch'ouen Ts'iou,卷九,LIVRE IX,襄公,Siang,232.0,襄公二十六年,VINGT-SIXIÈME ANNÉE,546.0,八月壬午，许男甯卒于楚。,"Au huitième mois, le jour jên òu, Ning, prince de Hiu, mourut à Tch’ou."
1307,春秋,Tch'ouen Ts'iou,卷九,LIVRE IX,襄公,Siang,233.0,襄公二十六年,VINGT-SIXIÈME ANNÉE,546.0,冬，楚子、蔡侯、陈侯伐郑。,"En hiver, les princes de Tch’ou, de Ts’ai et de Tch’en attaquèrent Tcheng."
1308,春秋,Tch'ouen Ts'iou,卷九,LIVRE IX,襄公,Siang,234.0,襄公二十六年,VINGT-SIXIÈME ANNÉE,546.0,葬许灵公。,"On enterra Ling koung, prince de Hiu."
1309,春秋,Tch'ouen Ts'iou,卷九,LIVRE IX,襄公,Siang,235.0,襄公二十七年,VINGT-SEPTIÈME ANNÉE,545.0,二十有七年春，齐侯使庆封来聘。,"Au printemps, K’ing Foung, envoyé par le prince de Ts’i, vint à Lou saluer le prince."
1310,春秋,Tch'ouen Ts'iou,卷九,LIVRE IX,襄公,Siang,236.0,襄公二十七年,VINGT-SEPTIÈME ANNÉE,545.0,夏，叔孙豹会晋赵武、楚屈建、蔡公孙归生、卫石恶、陈孔奂、郑良霄、许人、曹人于宋。,"En été, Chou suen Pao de Lou alla à (la capitale de) Soung conférer avec Tchao Ou de Tsin, Kiue Kien de Tch’ou, Koung suen Kouei cheng de Ts’ai, Cheu Ngo de Ouei, K’oung Houan de Tch’en, Leang Siao de Tcheng, un officier de Hiu et un officier de Ts’ao."
1311,春秋,Tch'ouen Ts'iou,卷九,LIVRE IX,襄公,Siang,237.0,襄公二十七年,VINGT-SEPTIÈME ANNÉE,545.0,卫杀其大夫甯喜。,Ouei mit à mort son grand préfet Ning Hi.
1312,春秋,Tch'ouen Ts'iou,卷九,LIVRE IX,襄公,Siang,238.0,襄公二十七年,VINGT-SEPTIÈME ANNÉE,545.0,卫侯之弟鱄出奔晋。,"Tchouan, frère puîné du prince de Ouei, quitta Ouei et se retira à Tsin."
1313,春秋,Tch'ouen Ts'iou,卷九,LIVRE IX,襄公,Siang,239.0,襄公二十七年,VINGT-SEPTIÈME ANNÉE,545.0,秋七月辛巳，豹及诸侯之大夫盟于宋。,"En automne, au septième mois, le jour sīn séu, Pao de Lou fit un traité à Soung avec les grands préfets de plusieurs principautés."
1314,春秋,Tch'ouen Ts'iou,卷九,LIVRE IX,襄公,Siang,240.0,襄公二十七年,VINGT-SEPTIÈME ANNÉE,545.0,冬十有二月乙卯朔，日有食之。,"En hiver, au douzième mois, le jour ĭ hái, premier jour du mois, le soleil fut éclipsé."
1315,春秋,Tch'ouen Ts'iou,卷九,LIVRE IX,襄公,Siang,241.0,襄公二十八年,VINGT-HUITIÈME ANNÉE,544.0,二十有八年春，无冰。,"Au printemps, il n’y eut pas de glace."
1316,春秋,Tch'ouen Ts'iou,卷九,LIVRE IX,襄公,Siang,242.0,襄公二十八年,VINGT-HUITIÈME ANNÉE,544.0,夏，卫石恶出奔晋。,"En été, Cheu Ngo de Ouei alla se réfugier à Tsin."
1317,春秋,Tch'ouen Ts'iou,卷九,LIVRE IX,襄公,Siang,243.0,襄公二十八年,VINGT-HUITIÈME ANNÉE,544.0,邾子来朝。,Le prince de Tchou vint présenter ses hommages au prince de Lou.
1318,春秋,Tch'ouen Ts'iou,卷九,LIVRE IX,襄公,Siang,244.0,襄公二十八年,VINGT-HUITIÈME ANNÉE,544.0,秋八月，大雩。,"En automne, au huitième mois, cérémonie solennelle pour obtenir la pluie."
1319,春秋,Tch'ouen Ts'iou,卷九,LIVRE IX,襄公,Siang,245.0,襄公二十八年,VINGT-HUITIÈME ANNÉE,544.0,仲孙羯如晋。,Tchoung suen Kie alla à Tsin.
1320,春秋,Tch'ouen Ts'iou,卷九,LIVRE IX,襄公,Siang,246.0,襄公二十八年,VINGT-HUITIÈME ANNÉE,544.0,冬，齐庆封来奔。,"En hiver, K’ing Foung de Ts’i vint se réfugier à Lou."
1321,春秋,Tch'ouen Ts'iou,卷九,LIVRE IX,襄公,Siang,247.0,襄公二十八年,VINGT-HUITIÈME ANNÉE,544.0,十有一月，公如楚。,"Au onzième mois, le prince de Lou alla à Tch’ou."
1322,春秋,Tch'ouen Ts'iou,卷九,LIVRE IX,襄公,Siang,248.0,襄公二十八年,VINGT-HUITIÈME ANNÉE,544.0,十有二月甲寅，天王崩。,"Au douzième mois, le jour kiă în, le fils du ciel mourut."
1323,春秋,Tch'ouen Ts'iou,卷九,LIVRE IX,襄公,Siang,249.0,襄公二十八年,VINGT-HUITIÈME ANNÉE,544.0,乙未，楚子昭卒。,"Le jour, ĭ ouéi, Tchao, prince de Tch’ou, mourut."
1324,春秋,Tch'ouen Ts'iou,卷九,LIVRE IX,襄公,Siang,250.0,襄公二十九年,VINGT-NEUVIÈME ANNÉE,543.0,二十有九年春，王正月，公在楚。,"Au printemps, au premier mois de l’année selon le calendrier impérial, le prince de Lou était à Tch’ou."
1325,春秋,Tch'ouen Ts'iou,卷九,LIVRE IX,襄公,Siang,251.0,襄公二十九年,VINGT-NEUVIÈME ANNÉE,543.0,夏五月，公至自楚。,"En été, au cinquième mois, le prince de Lou arriva de Tch’ou."
1326,春秋,Tch'ouen Ts'iou,卷九,LIVRE IX,襄公,Siang,252.0,襄公二十九年,VINGT-NEUVIÈME ANNÉE,543.0,庚午，卫侯衎卒。,"Le jour kēng òu, K’an (Hien koung), prince de Ouei, mourut."
1327,春秋,Tch'ouen Ts'iou,卷九,LIVRE IX,襄公,Siang,253.0,襄公二十九年,VINGT-NEUVIÈME ANNÉE,543.0,阍弑吴子馀祭。,"Un portier tua Iu tchai, prince de Ou."
1328,春秋,Tch'ouen Ts'iou,卷九,LIVRE IX,襄公,Siang,254.0,襄公二十九年,VINGT-NEUVIÈME ANNÉE,543.0,仲孙羯会晋荀盈、齐高止、宋华定、卫世叔仪、郑公孙段、曹人、莒人、滕人、薛人、小邾人城杞。,"Tchoung suen Kie de Leu fortifia K’i avec Siun Ing de Tsin, Kao Tcheu de Ts’i, Houa Ting de Soung, Cheu chou I de Ouei, Koung suen Touan de Tcheng, et des officiers de Ts’ao, de Kiu, de T’eng, de Sie et du Petit Tchou."
1329,春秋,Tch'ouen Ts'iou,卷九,LIVRE IX,襄公,Siang,255.0,襄公二十九年,VINGT-NEUVIÈME ANNÉE,543.0,晋侯使士鞅来聘。,Le prince de Tsin envoya Cheu Iang faire visite au prince de Lou.
1330,春秋,Tch'ouen Ts'iou,卷九,LIVRE IX,襄公,Siang,256.0,襄公二十九年,VINGT-NEUVIÈME ANNÉE,543.0,杞子来盟。,Le prince de K’i vint à Lou faire un traité.
1331,春秋,Tch'ouen Ts'iou,卷九,LIVRE IX,襄公,Siang,257.0,襄公二十九年,VINGT-NEUVIÈME ANNÉE,543.0,吴子使札来聘。,"Tcha, envoyé du prince de Ou, vint saluer le prince de Lou."
1332,春秋,Tch'ouen Ts'iou,卷九,LIVRE IX,襄公,Siang,258.0,襄公二十九年,VINGT-NEUVIÈME ANNÉE,543.0,秋九月，葬卫献公。,"En automne, au neuvième mois, on enterra Hien koung, prince de Ouei."
1333,春秋,Tch'ouen Ts'iou,卷九,LIVRE IX,襄公,Siang,259.0,襄公二十九年,VINGT-NEUVIÈME ANNÉE,543.0,齐高止出奔北燕。,Kao Tcheu de Ts’i quitta sa patrie et se réfugia à Ien septentrional.
1334,春秋,Tch'ouen Ts'iou,卷九,LIVRE IX,襄公,Siang,260.0,襄公二十九年,VINGT-NEUVIÈME ANNÉE,543.0,冬，仲孙羯如晋。,"En hiver, Tchoung suen Kie de Lou alla à Tsin."
1335,春秋,Tch'ouen Ts'iou,卷九,LIVRE IX,襄公,Siang,261.0,襄公三十年,TRENTIÈME  ANNÉE,542.0,三十年春，王正月，楚子使薳罢来聘。,"Au printemps, au premier mois de l’année selon le calendrier impérial, Ouei P’i, envoyé du prince de Tch’ou, vint saluer le prince de Lou."
1336,春秋,Tch'ouen Ts'iou,卷九,LIVRE IX,襄公,Siang,262.0,襄公三十年,TRENTIÈME  ANNÉE,542.0,夏四月，蔡世子般弑其君固。,"En été, au quatrième mois, Pan, héritier présomptif de Ts’ai, tua Kou, son prince."
1337,春秋,Tch'ouen Ts'iou,卷九,LIVRE IX,襄公,Siang,263.0,襄公三十年,TRENTIÈME  ANNÉE,542.0,五月甲午，宋灾。宋伯姬卒。,"Au cinquième mois, le jour kiă òu, un grand malheur (un incendie) arriva à Soung (dans le palais). Pe Ki (fille aînée de Tch’eng koung de Lou et veuve de Kōung kōung) de Soung y perdit la vie."
1338,春秋,Tch'ouen Ts'iou,卷九,LIVRE IX,襄公,Siang,264.0,襄公三十年,TRENTIÈME  ANNÉE,542.0,天王杀其弟佞夫。,"Le fils du ciel Kìng ouâng mit à mort Ning fou, son frère puîné."
1339,春秋,Tch'ouen Ts'iou,卷九,LIVRE IX,襄公,Siang,265.0,襄公三十年,TRENTIÈME  ANNÉE,542.0,王子瑕奔晋。,Le prince impérial Hia s’enfuit à Tsin.
1340,春秋,Tch'ouen Ts'iou,卷九,LIVRE IX,襄公,Siang,266.0,襄公三十年,TRENTIÈME  ANNÉE,542.0,秋七月，叔弓如宋，葬宋共姬。,"En automne, au septième mois, Chou Koung de Lou alla à Soung assister à l’enterrement de Ki, veuve de Koung koung de Soung."
1341,春秋,Tch'ouen Ts'iou,卷九,LIVRE IX,襄公,Siang,267.0,襄公三十年,TRENTIÈME  ANNÉE,542.0,郑良霄出奔许。自许入于郑。郑人杀良霄。,"Leang Siao de Tcheng s’en alla et se réfugia à Hiu. Étant rentré de Hiu à Tcheng, il fut tué par les habitants de Tcheng."
1342,春秋,Tch'ouen Ts'iou,卷九,LIVRE IX,襄公,Siang,268.0,襄公三十年,TRENTIÈME  ANNÉE,542.0,冬十月，葬蔡景公。,"En hiver, au dixième mois, on enterra King koung, prince de Ts’ai."
1343,春秋,Tch'ouen Ts'iou,卷九,LIVRE IX,襄公,Siang,269.0,襄公三十年,TRENTIÈME  ANNÉE,542.0,晋人、齐人、宋人、卫人、郑人、曹人、莒人、邾人、滕人、薛人、杞人、小邾人会于澶渊，宋灾故。,"Les délégués de Tsin, de Ts’i, de Soung, de Ouei, de Tcheng, de Ts’ao, de Kiu, de Tchou, de T’eng, de Sie, de K’i, du Petit Tchou se réunirent à Chan iuen (sur le territoire de Ouei), pour délibérer au sujet de l’incendie de Soung."
1344,春秋,Tch'ouen Ts'iou,卷九,LIVRE IX,襄公,Siang,270.0,襄公三十一年,TRENTE  ET  UNIÈME  ANNÉE,541.0,三十有一年春，王正月。,"Au printemps, au premier mois de l’année selon le calendrier impérial (décembre-janvier)."
1345,春秋,Tch'ouen Ts'iou,卷九,LIVRE IX,襄公,Siang,271.0,襄公三十一年,TRENTE  ET  UNIÈME  ANNÉE,541.0,夏六月辛巳，公薨于楚宫。,"En été, au sixième mois, le jour sīn séu, le prince de Lou mourut dans le palais appelé palais de Tch’ou."
1346,春秋,Tch'ouen Ts'iou,卷九,LIVRE IX,襄公,Siang,272.0,襄公三十一年,TRENTE  ET  UNIÈME  ANNÉE,541.0,秋九月癸巳，子野卒。,"En automne, au neuvième mois, le jour kouèi séu, Tseu ie mourut."
1347,春秋,Tch'ouen Ts'iou,卷九,LIVRE IX,襄公,Siang,273.0,襄公三十一年,TRENTE  ET  UNIÈME  ANNÉE,541.0,己亥，仲孙羯卒。,"Le jour kì hái, Tchoung suen Kie (Meng Hiao pe de Lou) mourut."
1348,春秋,Tch'ouen Ts'iou,卷九,LIVRE IX,襄公,Siang,274.0,襄公三十一年,TRENTE  ET  UNIÈME  ANNÉE,541.0,冬十月，滕子来会葬。,"En hiver, au dixième mois, (Tch’eng koung) prince de T’eng, vint à Lou assister à l’enterrement de Siang koung."
1349,春秋,Tch'ouen Ts'iou,卷九,LIVRE IX,襄公,Siang,275.0,襄公三十一年,TRENTE  ET  UNIÈME  ANNÉE,541.0,癸酉，葬我君襄公。,"Le jour kouèi iòu, on enterra notre prince Siang koung."
1350,春秋,Tch'ouen Ts'iou,卷九,LIVRE IX,襄公,Siang,276.0,襄公三十一年,TRENTE  ET  UNIÈME  ANNÉE,541.0,十有一月，莒人弑其君密州。,"Au onzième mois, les habitants de Kiu mirent à mort leur prince Mi tcheou."
1351,春秋,Tch'ouen Ts'iou,卷十,LIVRE X,昭公,Tchao,1.0,昭公元年,PREMIÈRE ANNÉE,540.0,元年春，王正月，公即位。,"Au printemps, au premier mois de l’année selon le calendrier impérial, Tchao koung fut constitué chef de l’État."
1352,春秋,Tch'ouen Ts'iou,卷十,LIVRE X,昭公,Tchao,2.0,昭公元年,PREMIÈRE ANNÉE,540.0,叔孙豹会晋赵武、楚公子围、齐国弱、宋向戌、卫齐恶、陈公子招、蔡公孙归生、郑罕虎、许人、曹人于虢。,"Chou suen Pao de Lou alla à Kouo conférer avec Tchao Ou de Tsin, Koung tseu Ouei de Tch’ou, Kouo Jo de Ts’i, Hiang Siu de Soung, Ts’i Ngo de Ouei, Koung tseu Tchao de Tch’en, Koung suen Kouei cheng de Ts’ai, Han Hou de Tcheng, un officier de Hiu et un officier de Ts’ao."
1353,春秋,Tch'ouen Ts'iou,卷十,LIVRE X,昭公,Tchao,3.0,昭公元年,PREMIÈRE ANNÉE,540.0,三月，取郓。,"Au troisième mois, Lou s’empara de Iun."
1354,春秋,Tch'ouen Ts'iou,卷十,LIVRE X,昭公,Tchao,4.0,昭公元年,PREMIÈRE ANNÉE,540.0,夏，秦伯之弟鍼出奔晋。,"En été, K’ien, frère du prince de Ts’in, quitta son pays et se réfugia à Tsin."
1355,春秋,Tch'ouen Ts'iou,卷十,LIVRE X,昭公,Tchao,5.0,昭公元年,PREMIÈRE ANNÉE,540.0,六月丁巳，邾子华卒。,"Au sixième mois, le jour tīng séu, Houa, prince de Tchou, mourut."
1356,春秋,Tch'ouen Ts'iou,卷十,LIVRE X,昭公,Tchao,6.0,昭公元年,PREMIÈRE ANNÉE,540.0,晋荀吴帅师败狄于大卤。,Siun Ou de Tsin avec des troupes vainquit les Ti à Ta Iou.
1357,春秋,Tch'ouen Ts'iou,卷十,LIVRE X,昭公,Tchao,7.0,昭公元年,PREMIÈRE ANNÉE,540.0,秋，莒去疾自齐入于莒。,"En automne, K’iu tsi de Kiu quitta Ts’i et rentra à Kiu."
1358,春秋,Tch'ouen Ts'iou,卷十,LIVRE X,昭公,Tchao,8.0,昭公元年,PREMIÈRE ANNÉE,540.0,莒展舆出奔吴。,"Tchan iu, chef de la principauté de Kiu, s’enfuit à Ou (pays de sa mère)."
1359,春秋,Tch'ouen Ts'iou,卷十,LIVRE X,昭公,Tchao,9.0,昭公元年,PREMIÈRE ANNÉE,540.0,叔弓帅师疆郓田。,"Chou Koung de Lou, avec des troupes, fixa les limites du territoire de Iun."
1360,春秋,Tch'ouen Ts'iou,卷十,LIVRE X,昭公,Tchao,10.0,昭公元年,PREMIÈRE ANNÉE,540.0,葬邾悼公。,"On enterra Tao koung, prince de Tchou."
1361,春秋,Tch'ouen Ts'iou,卷十,LIVRE X,昭公,Tchao,11.0,昭公元年,PREMIÈRE ANNÉE,540.0,冬十有一月己酉，楚子麇卒。,"En hiver, au onzième mois, le jour kì iòu, Kiun, prince de Tch’ou, mourut."
1362,春秋,Tch'ouen Ts'iou,卷十,LIVRE X,昭公,Tchao,12.0,昭公元年,PREMIÈRE ANNÉE,540.0,楚公子比出奔晋。,Koung tseu Pi de Tch’ou alla se réfugier à Tsin.
1363,春秋,Tch'ouen Ts'iou,卷十,LIVRE X,昭公,Tchao,13.0,昭公二年,DEUXIÈME ANNÉE,539.0,二年春，晋侯使韩起来聘。,"Au printemps, Han K’i (Siuen tseu), envoyé par le prince de Tsin, vint faire une visite d’amitié au prince de Lou."
1364,春秋,Tch'ouen Ts'iou,卷十,LIVRE X,昭公,Tchao,14.0,昭公二年,DEUXIÈME ANNÉE,539.0,二年春，晋侯使韩起来聘。,"En été, Chou Koung de Lou alla à Tsin."
1365,春秋,Tch'ouen Ts'iou,卷十,LIVRE X,昭公,Tchao,15.0,昭公二年,DEUXIÈME ANNÉE,539.0,秋，郑杀其大夫公孙黑。,"En automne, Tcheng fit mourir son grand préfet Koung suen He."
1366,春秋,Tch'ouen Ts'iou,卷十,LIVRE X,昭公,Tchao,16.0,昭公二年,DEUXIÈME ANNÉE,539.0,冬，公如晋，至河乃复。季孙宿如晋。,"En hiver, le prince de Lou partit pour aller à Tsin. Arrivé au fleuve Jaune, il revint à Lou. Ki suen Siu alla à Tsin."
1367,春秋,Tch'ouen Ts'iou,卷十,LIVRE X,昭公,Tchao,17.0,昭公三年,TROISIÈME ANNÉE,538.0,三年春，王正月丁未，滕子原卒。,"Au printemps, au premier mois de l’année selon le calendrier impérial (décembre-janvier)."
1368,春秋,Tch'ouen Ts'iou,卷十,LIVRE X,昭公,Tchao,18.0,昭公三年,TROISIÈME ANNÉE,538.0,nan,"Le jour tīng ouéi, Iuen, prince de T’eng, mourut."
1369,春秋,Tch'ouen Ts'iou,卷十,LIVRE X,昭公,Tchao,19.0,昭公三年,TROISIÈME ANNÉE,538.0,夏，叔弓如滕。五月，葬滕成公。,"En été, Chou Koung de Lou alla à T’eng. Au cinquième mois, on enterra Tch’eng koung, prince de T’eng."
1370,春秋,Tch'ouen Ts'iou,卷十,LIVRE X,昭公,Tchao,20.0,昭公三年,TROISIÈME ANNÉE,538.0,秋，小邾子来朝。,"En automne, le prince du Petit Tchou vint présenter ses hommages au prince de Lou."
1371,春秋,Tch'ouen Ts'iou,卷十,LIVRE X,昭公,Tchao,21.0,昭公三年,TROISIÈME ANNÉE,538.0,八月，大雩。,"Au huitième mois, grande cérémonie pour obtenir la pluie."
1372,春秋,Tch'ouen Ts'iou,卷十,LIVRE X,昭公,Tchao,22.0,昭公三年,TROISIÈME ANNÉE,538.0,冬，大雨雹。,"En hiver, il tomba beaucoup de grêle."
1373,春秋,Tch'ouen Ts'iou,卷十,LIVRE X,昭公,Tchao,23.0,昭公三年,TROISIÈME ANNÉE,538.0,北燕伯款出奔齐。,"Ngai, prince de Ien septentrional, quitta Ien et se réfugia à Ts’i."
1374,春秋,Tch'ouen Ts'iou,卷十,LIVRE X,昭公,Tchao,24.0,昭公四年,QUATRIÈME ANNÉE,537.0,四年春，王正月，大雨雹。,"Au printemps, au premier mois de l’année d’après le calendrier impérial (décembre janvier), il tomba beaucoup de grêle."
1375,春秋,Tch'ouen Ts'iou,卷十,LIVRE X,昭公,Tchao,25.0,昭公四年,QUATRIÈME ANNÉE,537.0,夏，楚子、蔡侯、陈侯、郑伯、许男、徐子、滕子、顿子、胡子、沈子、小邾子、宋世子佐、淮夷会于申。,"En été, les princes de Tch’ou, de Ts’ai, de Tch’en, de Tcheng, de Hiu, de Siu, de T’eng, de Touen, de Hou, de Chen et du Petit Tchou, Tso, héritier présomptif de Soung, et les chefs des Barbares des bords de la Houai se réunirent à Chen."
1376,春秋,Tch'ouen Ts'iou,卷十,LIVRE X,昭公,Tchao,26.0,昭公四年,QUATRIÈME ANNÉE,537.0,楚人执徐子。,Les officiers de Tch’ou saisirent le prince de Siu.
1377,春秋,Tch'ouen Ts'iou,卷十,LIVRE X,昭公,Tchao,27.0,昭公四年,QUATRIÈME ANNÉE,537.0,秋七月，楚子、蔡侯、陈侯、许男、顿子、胡子、沈子、淮夷伐吴。,"En automne, au septième mois, les princes de Tch’ou, de Ts’ai, de Tch’en, de Hiu, de Touen, de Hou, de Chen et les barbares I des bords de la Houai attaquèrent Ou."
1378,春秋,Tch'ouen Ts'iou,卷十,LIVRE X,昭公,Tchao,28.0,昭公四年,QUATRIÈME ANNÉE,537.0,执齐庆封杀之。,K’ing Foung de T’si fut saisi et mis à mort.
1379,春秋,Tch'ouen Ts'iou,卷十,LIVRE X,昭公,Tchao,29.0,昭公四年,QUATRIÈME ANNÉE,537.0,遂灭赖。,"Ensuite, la principauté de Lai fut supprimée."
1380,春秋,Tch'ouen Ts'iou,卷十,LIVRE X,昭公,Tchao,30.0,昭公四年,QUATRIÈME ANNÉE,537.0,九月，取鄫。,"Au neuvième mois, Lou prit possession de Ts’eng."
1381,春秋,Tch'ouen Ts'iou,卷十,LIVRE X,昭公,Tchao,31.0,昭公四年,QUATRIÈME ANNÉE,537.0,冬十有二月乙卯，叔孙豹卒。,"En hiver, au douzième mois, le jour ĭ maò, Chou suen Pao de Lou mourut."
1382,春秋,Tch'ouen Ts'iou,卷十,LIVRE X,昭公,Tchao,32.0,昭公五年,CINQUIÈME ANNÉE,536.0,五年春，王正月，舍中军。,"Au printemps, au premier mois de l’année d’après le calendrier impérial (décembre-janvier), à Lou, la légion centrale fut supprimée."
1383,春秋,Tch'ouen Ts'iou,卷十,LIVRE X,昭公,Tchao,33.0,昭公五年,CINQUIÈME ANNÉE,536.0,楚杀其大夫屈申。,Tch’ou mit à mort son grand préfet Kiue Chen.
1384,春秋,Tch'ouen Ts'iou,卷十,LIVRE X,昭公,Tchao,34.0,昭公五年,CINQUIÈME ANNÉE,536.0,公如晋。,Le prince de Lou alla à Tsin.
1385,春秋,Tch'ouen Ts'iou,卷十,LIVRE X,昭公,Tchao,35.0,昭公五年,CINQUIÈME ANNÉE,536.0,夏，莒牟夷以牟娄及防兹来奔。,"En été, Meou I de Kiu vint se réfugier à Lou, et mit sous la dépendance de Lou Meou Iou, Fang et Tseu, villes de Kiu, qui formaient son domaine."
1386,春秋,Tch'ouen Ts'iou,卷十,LIVRE X,昭公,Tchao,36.0,昭公五年,CINQUIÈME ANNÉE,536.0,秋七月，公至自晋。,"En automne, au septième mois, le prince de Lou arriva de Tsin."
1387,春秋,Tch'ouen Ts'iou,卷十,LIVRE X,昭公,Tchao,37.0,昭公五年,CINQUIÈME ANNÉE,536.0,戊辰，叔弓帅师败莒师于蚡泉。,"Le jour meóu tch’ên, Chou koung de Lou, à la tête d’une armée, battit l’armée de Kiu à Fen ts’iuen."
1388,春秋,Tch'ouen Ts'iou,卷十,LIVRE X,昭公,Tchao,38.0,昭公五年,CINQUIÈME ANNÉE,536.0,秦伯卒。,Le prince de Ts’in mourut.
1389,春秋,Tch'ouen Ts'iou,卷十,LIVRE X,昭公,Tchao,39.0,昭公五年,CINQUIÈME ANNÉE,536.0,冬，楚子、蔡侯、陈侯、许男、顿子、沈子、徐人、越人伐吴。,"En hiver, les princes de Tch’ou, de Ts’ai, de Tch’en, de Hiu, de Touen, de Chen, les officiers de Siu et de Iue attaquèrent Ou."
1390,春秋,Tch'ouen Ts'iou,卷十,LIVRE X,昭公,Tchao,40.0,昭公六年,SIXIÈME ANNÉE,535.0,六年春，王正月，杞伯益姑卒。,"Au printemps, au premier mois de l’année d’après le calendrier impérial (décembre-janvier), I kou (Ouen koung), prince de K’i, mourut."
1391,春秋,Tch'ouen Ts'iou,卷十,LIVRE X,昭公,Tchao,41.0,昭公六年,SIXIÈME ANNÉE,535.0,六年春，王正月，杞伯益姑卒。,"On enterra King koung, prince de Ts’in."
1392,春秋,Tch'ouen Ts'iou,卷十,LIVRE X,昭公,Tchao,42.0,昭公六年,SIXIÈME ANNÉE,535.0,夏，季孙宿如晋。,"En été, Ki suen Siu alla à Tsin."
1393,春秋,Tch'ouen Ts'iou,卷十,LIVRE X,昭公,Tchao,43.0,昭公六年,SIXIÈME ANNÉE,535.0,葬杞文公。,"On enterra Ouen koung, prince de K’i."
1394,春秋,Tch'ouen Ts'iou,卷十,LIVRE X,昭公,Tchao,44.0,昭公六年,SIXIÈME ANNÉE,535.0,宋华合比出奔卫。,Houa Ho pi de Soung quitta Soung et se réfugia à Ouei.
1395,春秋,Tch'ouen Ts'iou,卷十,LIVRE X,昭公,Tchao,45.0,昭公六年,SIXIÈME ANNÉE,535.0,秋九月，大雩。,"En automne, au neuvième mois, grande cérémonie pour obtenir la pluie."
1396,春秋,Tch'ouen Ts'iou,卷十,LIVRE X,昭公,Tchao,46.0,昭公六年,SIXIÈME ANNÉE,535.0,楚薳罢帅师伐吴。,"Ouei P’i de Tch’ou, à la tête d’une armée, attaqua Ou."
1397,春秋,Tch'ouen Ts'iou,卷十,LIVRE X,昭公,Tchao,47.0,昭公六年,SIXIÈME ANNÉE,535.0,冬，叔弓如楚。,"En hiver, Chou koung de Lou alla à Tch’ou."
1398,春秋,Tch'ouen Ts'iou,卷十,LIVRE X,昭公,Tchao,48.0,昭公六年,SIXIÈME ANNÉE,535.0,齐侯伐北燕。,Le prince de Ts’i attaqua Ien septentrional.
1399,春秋,Tch'ouen Ts'iou,卷十,LIVRE X,昭公,Tchao,49.0,昭公七年,SEPTIÈME ANNÉE,534.0,七年春，王正月，暨齐平。,"Au printemps, au premier mois de l’année selon le calendrier impérial (décembre-janvier), (Ien septentrional) fit la paix avec Ts’i."
1400,春秋,Tch'ouen Ts'iou,卷十,LIVRE X,昭公,Tchao,50.0,昭公七年,SEPTIÈME ANNÉE,534.0,三月，公如楚。,"Au troisième mois, le prince de Lou alla à Tch’ou."
1401,春秋,Tch'ouen Ts'iou,卷十,LIVRE X,昭公,Tchao,51.0,昭公七年,SEPTIÈME ANNÉE,534.0,叔孙婼如齐涖盟。,Chou suen Che de Lou alla à Ts’i prendre part à un traité.
1402,春秋,Tch'ouen Ts'iou,卷十,LIVRE X,昭公,Tchao,52.0,昭公七年,SEPTIÈME ANNÉE,534.0,夏四月甲辰朔，日有食之。,"En été, au quatrième mois, le jour kiă tch’ên, premier jour du mois, le soleil subit une éclipse."
1403,春秋,Tch'ouen Ts'iou,卷十,LIVRE X,昭公,Tchao,53.0,昭公七年,SEPTIÈME ANNÉE,534.0,秋八月戊辰，卫侯恶卒。,"En automne, au huitième mois, le jour meóu tch’ên, Ngo (Siang koung), prince de Ouei, mourut."
1404,春秋,Tch'ouen Ts'iou,卷十,LIVRE X,昭公,Tchao,54.0,昭公七年,SEPTIÈME ANNÉE,534.0,九月，公至自楚。,"Au neuvième mois, le prince de Lou arriva de Tch’ou."
1405,春秋,Tch'ouen Ts'iou,卷十,LIVRE X,昭公,Tchao,55.0,昭公七年,SEPTIÈME ANNÉE,534.0,冬十有一月癸未，季孙宿卒。,"En hiver, au onzième mois, le jour kouèi ouéi, Ki suen Sin mourut."
1406,春秋,Tch'ouen Ts'iou,卷十,LIVRE X,昭公,Tchao,56.0,昭公七年,SEPTIÈME ANNÉE,534.0,十有二月癸亥，葬卫襄公。,"Au douzième mois, le jour kouèi hái, on enterra Siang koung, prince de Ouei."
1407,春秋,Tch'ouen Ts'iou,卷十,LIVRE X,昭公,Tchao,57.0,昭公八年,HUITIÈME ANNÉE,533.0,八年春，陈侯之弟招杀陈世子偃师。,Au printemps.
1408,春秋,Tch'ouen Ts'iou,卷十,LIVRE X,昭公,Tchao,58.0,昭公八年,HUITIÈME ANNÉE,533.0,nan,"Tchao, frère puîné du prince de Tch’en, mit à mort Ien Cheu, héritier présomptif de Tch’en."
1409,春秋,Tch'ouen Ts'iou,卷十,LIVRE X,昭公,Tchao,59.0,昭公八年,HUITIÈME ANNÉE,533.0,夏四月辛丑，陈侯溺卒。,"En été, au quatrième mois, le jour sīn tch’eòu, Ni, prince de Tch’en, mourut."
1410,春秋,Tch'ouen Ts'iou,卷十,LIVRE X,昭公,Tchao,60.0,昭公八年,HUITIÈME ANNÉE,533.0,叔弓如晋。,Chou koung alla à Tsin.
1411,春秋,Tch'ouen Ts'iou,卷十,LIVRE X,昭公,Tchao,61.0,昭公八年,HUITIÈME ANNÉE,533.0,楚人执陈行人干征师杀之。陈公子留出奔郑。,"Les officiers de Tch’ou se saisirent de Kan Tcheng cheu, messager de Tch’en, et le mirent à mort."
1412,春秋,Tch'ouen Ts'iou,卷十,LIVRE X,昭公,Tchao,62.0,昭公八年,HUITIÈME ANNÉE,533.0,秋，蒐于红。,"En automne, grande revue des troupes de Lou à Houng."
1413,春秋,Tch'ouen Ts'iou,卷十,LIVRE X,昭公,Tchao,63.0,昭公八年,HUITIÈME ANNÉE,533.0,陈人杀其大夫公子过。,Les habitants de Tch’en mirent à mort leur grand préfet Koung tseu Kouo.
1414,春秋,Tch'ouen Ts'iou,卷十,LIVRE X,昭公,Tchao,64.0,昭公八年,HUITIÈME ANNÉE,533.0,大雩。,Grande cérémonie pour obtenir la pluie.
1415,春秋,Tch'ouen Ts'iou,卷十,LIVRE X,昭公,Tchao,65.0,昭公八年,HUITIÈME ANNÉE,533.0,冬十月壬午，楚师灭陈。执陈公子招，放之於越。杀陈孔奂。,"En hiver, au dixième mois, le jour jên òu, l’armée de Tch’ou mit fin à la principauté de Tch’en, s’empara de Koung tseu Tchao, grand préfet de Tch’en, le relégua à Iue, et mit à mort Koung Houan de Tch’en (partisan de Tchao)."
1416,春秋,Tch'ouen Ts'iou,卷十,LIVRE X,昭公,Tchao,66.0,昭公八年,HUITIÈME ANNÉE,533.0,葬陈哀公。,"On enterra Ngai koung, prince de Tch’en."
1417,春秋,Tch'ouen Ts'iou,卷十,LIVRE X,昭公,Tchao,67.0,昭公九年,NEUVIÈME ANNÉE,532.0,九年春，叔弓会楚子于陈。,"Au printemps, Chou koung alla trouver le prince de Tch’ou à Tch’en."
1418,春秋,Tch'ouen Ts'iou,卷十,LIVRE X,昭公,Tchao,68.0,昭公九年,NEUVIÈME ANNÉE,532.0,许迁于夷。,Le prince de Hiu transporta sa capitale à I.
1419,春秋,Tch'ouen Ts'iou,卷十,LIVRE X,昭公,Tchao,69.0,昭公九年,NEUVIÈME ANNÉE,532.0,夏四月，陈灾。,"En été, au quatrième mois, grand incendie à la capitale de Tch’en.
Après l’incendie de Tch’en, P’i Tsao de Tcheng dit :"
1420,春秋,Tch'ouen Ts'iou,卷十,LIVRE X,昭公,Tchao,70.0,昭公九年,NEUVIÈME ANNÉE,532.0,秋，仲孙貜如齐。,"En automne, Tchoung suen Kouo de Lou alla à Ts’i."
1421,春秋,Tch'ouen Ts'iou,卷十,LIVRE X,昭公,Tchao,71.0,昭公九年,NEUVIÈME ANNÉE,532.0,冬，筑郎囿。,"En hiver, on entoura de murs le parc de Lang."
1422,春秋,Tch'ouen Ts'iou,卷十,LIVRE X,昭公,Tchao,72.0,昭公十年,DIXIÈME ANNÉE,531.0,十年春，王正月。,"Au printemps, au premier mois de l’année selon le calendrier impérial (décembre-janvier)."
1423,春秋,Tch'ouen Ts'iou,卷十,LIVRE X,昭公,Tchao,73.0,昭公十年,DIXIÈME ANNÉE,531.0,夏，齐栾施来奔。,"En été, Louan Cheu de Ts’i vint se réfugier à Lou."
1424,春秋,Tch'ouen Ts'iou,卷十,LIVRE X,昭公,Tchao,74.0,昭公十年,DIXIÈME ANNÉE,531.0,秋七月，季孙意如、叔弓、仲孙貜帅师伐莒。,"En automne, au septième mois, Ki suen I jou, Chou koung, Tchoung suen Kouo, (trois ministres de Lou), à la tête d’une armée, attaquèrent K’iu."
1425,春秋,Tch'ouen Ts'iou,卷十,LIVRE X,昭公,Tchao,75.0,昭公十年,DIXIÈME ANNÉE,531.0,戊子，晋侯彪卒。,"Le jour meóu tsèu, Piou, prince de Tsin, mourut."
1426,春秋,Tch'ouen Ts'iou,卷十,LIVRE X,昭公,Tchao,76.0,昭公十年,DIXIÈME ANNÉE,531.0,九月，叔孙婼如晋，葬晋平公。,"Au neuvième mois, Chou suen Che alla à Tsin, assister à l’enterrement de P’ing koung, prince de Tsin."
1427,春秋,Tch'ouen Ts'iou,卷十,LIVRE X,昭公,Tchao,77.0,昭公十年,DIXIÈME ANNÉE,531.0,十有二月甲子，宋公成卒。,"Au douzième mois, le jour kiă tsèu, Tch’eng, prince de Soung, mourut."
1428,春秋,Tch'ouen Ts'iou,卷十,LIVRE X,昭公,Tchao,78.0,昭公十一年,ONZIÈME ANNÉE,530.0,十有一年春，王二月，叔弓如宋，葬宋平公。,"Au printemps, au deuxième mois de l’année selon le calendrier impérial (janvier-février), Chou koung de Lou alla à Soung, assister à l’enterrement de P’ing koung, prince de Soung."
1429,春秋,Tch'ouen Ts'iou,卷十,LIVRE X,昭公,Tchao,79.0,昭公十一年,ONZIÈME ANNÉE,530.0,夏四月丁巳，楚子虔诱蔡侯般杀之于申。,"En été, au quatrième mois, le jour tīng séu, K’ien, prince de Tch’ou, attira par ruse Pan, prince de Ts’ai, et le mit à mort à Chen."
1430,春秋,Tch'ouen Ts'iou,卷十,LIVRE X,昭公,Tchao,80.0,昭公十一年,ONZIÈME ANNÉE,530.0,楚公子弃疾帅师围蔡。,"Koung tseu K’i tsi de Tch’ou, à la tête d’une armée, assiégea la capitale de Ts’ai."
1431,春秋,Tch'ouen Ts'iou,卷十,LIVRE X,昭公,Tchao,81.0,昭公十一年,ONZIÈME ANNÉE,530.0,五月甲申，夫人归氏薨。,"Au cinquième mois, te jour kiă chēn, la femme (de Siang koung, prince de Lou), dont le nom de famille était Kouei, mourut."
1432,春秋,Tch'ouen Ts'iou,卷十,LIVRE X,昭公,Tchao,82.0,昭公十一年,ONZIÈME ANNÉE,530.0,大蒐于比蒲。,Grande chasse à P’i p’ou.
1433,春秋,Tch'ouen Ts'iou,卷十,LIVRE X,昭公,Tchao,83.0,昭公十一年,ONZIÈME ANNÉE,530.0,仲孙貜会邾子盟于祲祥。,Tchoung suen Kouo alla trouver le prince de Tchou et fit une convention avec lui à Ts’in siang.
1434,春秋,Tch'ouen Ts'iou,卷十,LIVRE X,昭公,Tchao,84.0,昭公十一年,ONZIÈME ANNÉE,530.0,秋，季孙意如会晋韩起、齐国弱、宋华亥、卫北宫佗、郑罕虎、曹人、杞人于厥慭。,"En automne, Ki suen I jou (de Lou) alla à Kiue in (ville inconnue) conférer avec Han K’i de Tsin, Kouo Jo de Ts’i, Houa Hai de Soung, Pe koung T’ouo de Ouei, Han Hou de Tcheng, un envoyé de Ts’ao et un envoyé de K’i."
1435,春秋,Tch'ouen Ts'iou,卷十,LIVRE X,昭公,Tchao,85.0,昭公十一年,ONZIÈME ANNÉE,530.0,九月己亥，葬我小君齐归。,"Au neuvième mois, le jour kì hái, on enterra Ts’i Kouei, femme de notre prince (Siang koung et mère de Tchao koung)."
1436,春秋,Tch'ouen Ts'iou,卷十,LIVRE X,昭公,Tchao,86.0,昭公十一年,ONZIÈME ANNÉE,530.0,冬十有一月丁酉，楚师灭蔡，执蔡世子有以归，用之。,"En hiver, au onzième mois, le jour tīng iòu, l’armée de Tch’ou mit fin à la principauté de Ts’ai. Elle s’empara de Iou, fils héritier du prince, l’emmena à son retour et l’immola comme victime."
1437,春秋,Tch'ouen Ts'iou,卷十,LIVRE X,昭公,Tchao,87.0,昭公十二年,DOUZIÈME ANNÉE,529.0,十有二年春，齐高偃帅师纳北燕伯于阳。,"Au printemps, Kao Ien de Ts’i, à la tête d’une armée, reconduisit le prince de Ien septentrional à Iang."
1438,春秋,Tch'ouen Ts'iou,卷十,LIVRE X,昭公,Tchao,88.0,昭公十二年,DOUZIÈME ANNÉE,529.0,三月壬申，郑伯嘉卒。,"Au troisième mois, le jour jên chēn, Kia (Kien koung), prince de Tcheng, mourut."
1439,春秋,Tch'ouen Ts'iou,卷十,LIVRE X,昭公,Tchao,89.0,昭公十二年,DOUZIÈME ANNÉE,529.0,夏，宋公使华定来聘。,"En été, Houa Ting, envoyé du prince de Soung, vint saluer le prince de Lou."
1440,春秋,Tch'ouen Ts'iou,卷十,LIVRE X,昭公,Tchao,90.0,昭公十二年,DOUZIÈME ANNÉE,529.0,公如晋，至河乃复。,"Le prince de Lou partit pour aller à Tsin ; arrivé au fleuve Jaune, il revint."
1441,春秋,Tch'ouen Ts'iou,卷十,LIVRE X,昭公,Tchao,91.0,昭公十二年,DOUZIÈME ANNÉE,529.0,五月，葬郑简公。,"Au cinquième mois, on enterra Kien koung, prince de Tcheng."
1442,春秋,Tch'ouen Ts'iou,卷十,LIVRE X,昭公,Tchao,92.0,昭公十二年,DOUZIÈME ANNÉE,529.0,楚杀其大夫成熊。,Tch’ou mit à mort son grand préfet Tch’eng Hioung.
1443,春秋,Tch'ouen Ts'iou,卷十,LIVRE X,昭公,Tchao,93.0,昭公十二年,DOUZIÈME ANNÉE,529.0,秋七月。,"En automne, au septième mois."
1444,春秋,Tch'ouen Ts'iou,卷十,LIVRE X,昭公,Tchao,94.0,昭公十二年,DOUZIÈME ANNÉE,529.0,冬十月，公子慭出奔齐。,"En hiver, au dixième mois, Koung tseu In quitta Lou et se réfugia à Ts’i."
1445,春秋,Tch'ouen Ts'iou,卷十,LIVRE X,昭公,Tchao,95.0,昭公十二年,DOUZIÈME ANNÉE,529.0,楚子伐徐。,Le prince de Tch’ou attaqua Siu.
1446,春秋,Tch'ouen Ts'iou,卷十,LIVRE X,昭公,Tchao,96.0,昭公十二年,DOUZIÈME ANNÉE,529.0,晋伐鲜虞。,Tsin attaqua Sien iu.
1447,春秋,Tch'ouen Ts'iou,卷十,LIVRE X,昭公,Tchao,97.0,昭公十三年,TREIZIÈME ANNÉE,528.0,十有三年春，叔弓帅师围费。,"Au printemps, Chou koung de Lou, à la tête d’une armée, assiégea la ville de Pi."
1448,春秋,Tch'ouen Ts'iou,卷十,LIVRE X,昭公,Tchao,98.0,昭公十三年,TREIZIÈME ANNÉE,528.0,夏四月，楚公子比自晋归于楚，弑其君虔于乾谿。,"En été, au quatrième mois, Koung tseu Pi de Tch’ou retourna de Tsin à Tch’ou, et mit à mort K’ien (Ling koung), son prince, à Kan k’i."
1449,春秋,Tch'ouen Ts'iou,卷十,LIVRE X,昭公,Tchao,99.0,昭公十三年,TREIZIÈME ANNÉE,528.0,楚公子弃疾杀公子比。,Koung tseu K’i tsi de Tch’ou mit à mort Koung tseu Pi.
1450,春秋,Tch'ouen Ts'iou,卷十,LIVRE X,昭公,Tchao,100.0,昭公十三年,TREIZIÈME ANNÉE,528.0,秋，公会刘子、晋侯、齐侯、宋公、卫侯、郑伯、曹伯、莒子、邾子、滕子、薛伯、杞伯、小邾子于平丘。,"En automne, le prince de Lou alla à P’ing k’iou conférer avec le prince de Liou (ministre de l’empereur), avec les princes de Tsin, de Ts’i, de Soung, de Ouei, de Tcheng, de Ts’ao, de Kiu, de Tchou, de T’eng, de Sie, de K’i et du Petit Tchou,"
1451,春秋,Tch'ouen Ts'iou,卷十,LIVRE X,昭公,Tchao,101.0,昭公十三年,TREIZIÈME ANNÉE,528.0,八月甲戌，同盟于平丘。,"Au huitième mois, le jour kiă siŭ, les princes firent ensemble un traité à P’ing k’iou."
1452,春秋,Tch'ouen Ts'iou,卷十,LIVRE X,昭公,Tchao,102.0,昭公十三年,TREIZIÈME ANNÉE,528.0,公不与盟。,Le prince de Lou ne prit aucune part au traité.
1453,春秋,Tch'ouen Ts'iou,卷十,LIVRE X,昭公,Tchao,103.0,昭公十三年,TREIZIÈME ANNÉE,528.0,晋人执季孙意如以归。,Les officiers de Tsin s’emparèrent de Ki suen I jou (P’ing tseu) et l’emmenèrent avec eux à Tsin.
1454,春秋,Tch'ouen Ts'iou,卷十,LIVRE X,昭公,Tchao,104.0,昭公十三年,TREIZIÈME ANNÉE,528.0,晋人执季孙意如以归。公至自会。,"Le prince de Lou arriva à Lou, revenant de l’assemblée des princes."
1455,春秋,Tch'ouen Ts'iou,卷十,LIVRE X,昭公,Tchao,105.0,昭公十三年,TREIZIÈME ANNÉE,528.0,蔡侯庐归于蔡。陈侯吴归于陈。,"Liu, prince de Ts’ai, retourna à Ts’ai, et Ou, prince de Tch’en, retourna à Tch’en."
1456,春秋,Tch'ouen Ts'iou,卷十,LIVRE X,昭公,Tchao,106.0,昭公十三年,TREIZIÈME ANNÉE,528.0,冬十月，葬蔡灵公。,"En hiver, au dixième mois, on enterra Ling koung, prince de Ts’ai."
1457,春秋,Tch'ouen Ts'iou,卷十,LIVRE X,昭公,Tchao,107.0,昭公十三年,TREIZIÈME ANNÉE,528.0,公如晋，至河乃复。,"Le prince de Lou partit pour aller à Tsin. Arrivé au fleuve Jaune, il revint sur ses pas."
1458,春秋,Tch'ouen Ts'iou,卷十,LIVRE X,昭公,Tchao,108.0,昭公十三年,TREIZIÈME ANNÉE,528.0,吴灭州来。,Ou mit fin à la petite principauté de Tcheou lai.
1459,春秋,Tch'ouen Ts'iou,卷十,LIVRE X,昭公,Tchao,109.0,昭公十四年,QUATORZIÈME ANNÉE,527.0,十有四年春，意如至自晋。,"Au printemps, I jou, revenu de Tsin, arriva à Lou."
1460,春秋,Tch'ouen Ts'iou,卷十,LIVRE X,昭公,Tchao,110.0,昭公十四年,QUATORZIÈME ANNÉE,527.0,三月，曹伯滕卒。,"Au troisième mois, T’eng, prince de Ts’ao, mourut."
1461,春秋,Tch'ouen Ts'iou,卷十,LIVRE X,昭公,Tchao,111.0,昭公十四年,QUATORZIÈME ANNÉE,527.0,夏四月。,"En été, au quatrième mois."
1462,春秋,Tch'ouen Ts'iou,卷十,LIVRE X,昭公,Tchao,112.0,昭公十四年,QUATORZIÈME ANNÉE,527.0,秋，葬曹武公。,"En automne, on enterra Ou koung (T’eng), prince de Ts’ao."
1463,春秋,Tch'ouen Ts'iou,卷十,LIVRE X,昭公,Tchao,113.0,昭公十四年,QUATORZIÈME ANNÉE,527.0,八月，莒子去疾卒。,"Au huitième mois, K’iu tsi, prince de Kiu, mourut."
1464,春秋,Tch'ouen Ts'iou,卷十,LIVRE X,昭公,Tchao,114.0,昭公十四年,QUATORZIÈME ANNÉE,527.0,冬，莒杀其公子意恢。,"En hiver, Kiu mit à mort I k’ouei, fils de l’un de ses princes."
1465,春秋,Tch'ouen Ts'iou,卷十,LIVRE X,昭公,Tchao,115.0,昭公十五年,QUINZIÈME ANNÉE,526.0,十有五年春，王正月，吴子夷末卒。,"Au printemps, au premier mois de l’année selon le calendrier impérial (décembre-janvier), I mo, prince de Ou, mourut."
1466,春秋,Tch'ouen Ts'iou,卷十,LIVRE X,昭公,Tchao,116.0,昭公十五年,QUINZIÈME ANNÉE,526.0,二月癸酉，有事于武宫。籥入，叔弓卒，去乐卒事。,"Au deuxième mois, le jour kouéi iŏu, à Lou un sacrifice fut offert aux ancêtres dans le temple de Ou koung, ancien prince de Lou. Quand les joueurs de flûtes entrèrent, Chou koung mourut. On supprima la musique, et on termina le sacrifice."
1467,春秋,Tch'ouen Ts'iou,卷十,LIVRE X,昭公,Tchao,117.0,昭公十五年,QUINZIÈME ANNÉE,526.0,夏，蔡朝吴出奔郑。,"En été, Tch’ao Ou de Ts’ai quitta Ts’ai et se réfugia à Tcheng."
1468,春秋,Tch'ouen Ts'iou,卷十,LIVRE X,昭公,Tchao,118.0,昭公十五年,QUINZIÈME ANNÉE,526.0,六月丁巳朔，日有食之。,"Au sixième mois, le jour tīng séu, premier jour du mois, le soleil fut éclipsé."
1469,春秋,Tch'ouen Ts'iou,卷十,LIVRE X,昭公,Tchao,119.0,昭公十五年,QUINZIÈME ANNÉE,526.0,秋，晋荀吴帅师伐鲜虞。,"En automne, Siun Ou de Tsin, à la tête d’une armée, attaqua Sien iu."
1470,春秋,Tch'ouen Ts'iou,卷十,LIVRE X,昭公,Tchao,120.0,昭公十五年,QUINZIÈME ANNÉE,526.0,冬，公如晋。,"En hiver, le prince de Lou alla à Tsin."
1471,春秋,Tch'ouen Ts'iou,卷十,LIVRE X,昭公,Tchao,121.0,昭公十六年,SEIZIÈME ANNÉE,525.0,十有六年春，齐侯伐徐。,Au printemps.
1472,春秋,Tch'ouen Ts'iou,卷十,LIVRE X,昭公,Tchao,122.0,昭公十六年,SEIZIÈME ANNÉE,525.0,nan,Le prince de Ts’i attaqua Siu.
1473,春秋,Tch'ouen Ts'iou,卷十,LIVRE X,昭公,Tchao,123.0,昭公十六年,SEIZIÈME ANNÉE,525.0,楚子诱戎蛮子杀之。,Le prince de Tch’ou attira par ruse le prince des Joung Man et le mit à mort.
1474,春秋,Tch'ouen Ts'iou,卷十,LIVRE X,昭公,Tchao,124.0,昭公十六年,SEIZIÈME ANNÉE,525.0,夏，公至自晋。,"En été, le prince de Lou arriva de Tsin."
1475,春秋,Tch'ouen Ts'iou,卷十,LIVRE X,昭公,Tchao,125.0,昭公十六年,SEIZIÈME ANNÉE,525.0,秋八月己亥，晋侯夷卒。,"En automne, au huitième mois, le jour kì hái, I (Tchao koung), prince de Tsin, mourut."
1476,春秋,Tch'ouen Ts'iou,卷十,LIVRE X,昭公,Tchao,126.0,昭公十六年,SEIZIÈME ANNÉE,525.0,九月，大雩。,"Au neuvième mois, à Lou, grande cérémonie pour obtenir la pluie."
1477,春秋,Tch'ouen Ts'iou,卷十,LIVRE X,昭公,Tchao,127.0,昭公十六年,SEIZIÈME ANNÉE,525.0,季孙意如如晋。,Ki suen I jou alla à Tsin.
1478,春秋,Tch'ouen Ts'iou,卷十,LIVRE X,昭公,Tchao,128.0,昭公十六年,SEIZIÈME ANNÉE,525.0,冬十月，葬晋昭公。,"En hiver, au dixième mois, on enterra Tchao koung, prince de Tsin."
1479,春秋,Tch'ouen Ts'iou,卷十,LIVRE X,昭公,Tchao,129.0,昭公十七年,DIX-SEPTIÈME ANNÉE,524.0,十有七年春，小邾子来朝。,"Au printemps, le prince du Petit Tchou vint présenter ses hommages au prince de Lou."
1480,春秋,Tch'ouen Ts'iou,卷十,LIVRE X,昭公,Tchao,130.0,昭公十七年,DIX-SEPTIÈME ANNÉE,524.0,夏六月甲戌朔，日有食之。,"En été, au sixième mois, le jour kiă siŭ, premier jour du mois, le soleil fut éclipsé."
1481,春秋,Tch'ouen Ts'iou,卷十,LIVRE X,昭公,Tchao,131.0,昭公十七年,DIX-SEPTIÈME ANNÉE,524.0,秋，郯子来朝。,"En automne, le prince de T’an vint présenter ses hommages au prince de Lou."
1482,春秋,Tch'ouen Ts'iou,卷十,LIVRE X,昭公,Tchao,132.0,昭公十七年,DIX-SEPTIÈME ANNÉE,524.0,八月，晋荀吴帅师灭陆浑之戎。,"Au huitième mois, Siun Ou de Tsin, à la tête d’une armée, anéantit la tribu des Joung nommée Lou houen."
1483,春秋,Tch'ouen Ts'iou,卷十,LIVRE X,昭公,Tchao,133.0,昭公十七年,DIX-SEPTIÈME ANNÉE,524.0,冬，有星孛于大辰。,"En hiver, une comète parut dans la constellation du Scorpion."
1484,春秋,Tch'ouen Ts'iou,卷十,LIVRE X,昭公,Tchao,134.0,昭公十七年,DIX-SEPTIÈME ANNÉE,524.0,楚人及吴战于长岸。,"L’armée de Tch’ou combattit contre l’armée de Ou à Tch’ang ngan (sur le territoire de Tch’ou, au bord du Kiang)."
1485,春秋,Tch'ouen Ts'iou,卷十,LIVRE X,昭公,Tchao,135.0,昭公十八年,DIX-HUITIÈME ANNÉE,523.0,十有八年春，王三月，曹伯须卒。,Au printemps.
1486,春秋,Tch'ouen Ts'iou,卷十,LIVRE X,昭公,Tchao,136.0,昭公十八年,DIX-HUITIÈME ANNÉE,523.0,nan,"Au troisième mois de l’année selon le calendrier impérial, Siu (P’îng koung), prince de Ts’ao, mourut."
1487,春秋,Tch'ouen Ts'iou,卷十,LIVRE X,昭公,Tchao,137.0,昭公十八年,DIX-HUITIÈME ANNÉE,523.0,夏五月壬午，宋、卫、陈、郑灾。,"En été, au cinquième mois, le jour jên òu, Soung, Ouei, Tch’en, Tcheng eurent des incendies allumés par le feu du ciel."
1488,春秋,Tch'ouen Ts'iou,卷十,LIVRE X,昭公,Tchao,138.0,昭公十八年,DIX-HUITIÈME ANNÉE,523.0,六月，邾人入鄅。,"Au sixième mois, les soldats de Tchou entrèrent dans la capitale de Iu."
1489,春秋,Tch'ouen Ts'iou,卷十,LIVRE X,昭公,Tchao,139.0,昭公十八年,DIX-HUITIÈME ANNÉE,523.0,秋，葬曹平公。,"En automne, on enterra P’ing koung, prince de Ts’ao."
1490,春秋,Tch'ouen Ts'iou,卷十,LIVRE X,昭公,Tchao,140.0,昭公十八年,DIX-HUITIÈME ANNÉE,523.0,冬，许迁于白羽。,"En hiver, les habitants de Hiu quittèrent leur pays et allèrent demeurer dans la terre de Pe iu (sur le territoire de Tch’ou)."
1491,春秋,Tch'ouen Ts'iou,卷十,LIVRE X,昭公,Tchao,141.0,昭公十九年,DIX-NEUVIÈME ANNÉE,522.0,十有九年春，宋公伐邾。,Au printemps.
1492,春秋,Tch'ouen Ts'iou,卷十,LIVRE X,昭公,Tchao,142.0,昭公十九年,DIX-NEUVIÈME ANNÉE,522.0,nan,Le prince de Soung attaqua Tchou.
1493,春秋,Tch'ouen Ts'iou,卷十,LIVRE X,昭公,Tchao,143.0,昭公十九年,DIX-NEUVIÈME ANNÉE,522.0,夏五月戊辰，许世子止弑其君买。,"En été, au cinquième mois, le jour meóu tch’ên, Tcheu, héritier présomptif du prince de Hiu, causa la mort de Mai, son prince (et son père)."
1494,春秋,Tch'ouen Ts'iou,卷十,LIVRE X,昭公,Tchao,144.0,昭公十九年,DIX-NEUVIÈME ANNÉE,522.0,夏五月戊辰，许世子止弑其君买。,"Le jour kì maò, à Lou, la terre trembla."
1495,春秋,Tch'ouen Ts'iou,卷十,LIVRE X,昭公,Tchao,145.0,昭公十九年,DIX-NEUVIÈME ANNÉE,522.0,秋，齐高发帅师伐莒。,"En automne, Kao Fa de Ts’i, à la tête d’une armée, attaqua Kiu."
1496,春秋,Tch'ouen Ts'iou,卷十,LIVRE X,昭公,Tchao,146.0,昭公十九年,DIX-NEUVIÈME ANNÉE,522.0,冬，葬许悼公。,"En hiver, on enterra Tao Koung (Mai), prince de Hiu."
1497,春秋,Tch'ouen Ts'iou,卷十,LIVRE X,昭公,Tchao,147.0,昭公二十年,VINGTIÈME ANNÉE,521.0,二十年春，王正月。,"Au printemps, au premier mois de l’année selon le calendrier impérial."
1498,春秋,Tch'ouen Ts'iou,卷十,LIVRE X,昭公,Tchao,148.0,昭公二十年,VINGTIÈME ANNÉE,521.0,夏，曹公孙会自鄸出奔宋。,"En été, Koung suen Houei de Ts’ao quitta Moung et s’enfuit à Soung."
1499,春秋,Tch'ouen Ts'iou,卷十,LIVRE X,昭公,Tchao,149.0,昭公二十年,VINGTIÈME ANNÉE,521.0,秋，盗杀卫侯之兄絷。,"En automne, Tcheu, frère aîné du prince de Ouei, fut assassiné. (Tcheu n’avait pas été élevé au pouvoir, parce qu’il était atteint d’une grave infirmité)."
1500,春秋,Tch'ouen Ts'iou,卷十,LIVRE X,昭公,Tchao,150.0,昭公二十年,VINGTIÈME ANNÉE,521.0,冬十月，宋华亥、向宁、华定出奔陈。,"En hiver, au dixième mois, Houa Hai, Hiang Ning et Houa Ting de Soung s’enfuirent à Tch’en."
1501,春秋,Tch'ouen Ts'iou,卷十,LIVRE X,昭公,Tchao,151.0,昭公二十年,VINGTIÈME ANNÉE,521.0,十有一月辛卯，蔡侯庐卒。,"Au onzième mois, le jour sīn maò, Liu, prince de Ts’ai mourut."
1502,春秋,Tch'ouen Ts'iou,卷十,LIVRE X,昭公,Tchao,152.0,昭公二十一年,VINGT ET UNIÈME ANNÉE,520.0,二十有一年春，王三月，葬蔡平公。,Au printemps.
1503,春秋,Tch'ouen Ts'iou,卷十,LIVRE X,昭公,Tchao,153.0,昭公二十一年,VINGT ET UNIÈME ANNÉE,520.0,nan,"Au troisième mois selon le calendrier impérial, on enterra P’ing koung, prince de Ts’ai."
1504,春秋,Tch'ouen Ts'iou,卷十,LIVRE X,昭公,Tchao,154.0,昭公二十一年,VINGT ET UNIÈME ANNÉE,520.0,夏，晋侯使士鞅来聘。,"En été, Cheu Iang, envoyé par le prince de Tsin, vint saluer le prince de Lou."
1505,春秋,Tch'ouen Ts'iou,卷十,LIVRE X,昭公,Tchao,155.0,昭公二十一年,VINGT ET UNIÈME ANNÉE,520.0,宋华亥、向宁、华定自陈入于宋南里以叛。,"Houa Hai, Hiang Ning et Houa Ting de Soung quittèrent Tch’en, entrèrent dans Nan li, district de Soung, et se mirent en révolte contre le prince de Soung."
1506,春秋,Tch'ouen Ts'iou,卷十,LIVRE X,昭公,Tchao,156.0,昭公二十一年,VINGT ET UNIÈME ANNÉE,520.0,秋七月壬午朔，日有食之。,"En automne, au septième mois, le jour jên ôu, premier jour du mois, il arriva que le soleil fut éclipsé."
1507,春秋,Tch'ouen Ts'iou,卷十,LIVRE X,昭公,Tchao,157.0,昭公二十一年,VINGT ET UNIÈME ANNÉE,520.0,八月乙亥，叔辄卒。,"Au huitième mois, le jour ĭ hái, Chou Tche mourut."
1508,春秋,Tch'ouen Ts'iou,卷十,LIVRE X,昭公,Tchao,158.0,昭公二十一年,VINGT ET UNIÈME ANNÉE,520.0,冬，蔡侯朱出奔楚。,"En hiver, Tchou, prince de Ts’ai, quitta sa capitale et se réfugia à Tch’ou."
1509,春秋,Tch'ouen Ts'iou,卷十,LIVRE X,昭公,Tchao,159.0,昭公二十一年,VINGT ET UNIÈME ANNÉE,520.0,公如晋，至河乃复。,"Le prince de Lou partit pour aller à Tsin. Arrivé au fleuve Jaune, il s’en retourna à Lou."
1510,春秋,Tch'ouen Ts'iou,卷十,LIVRE X,昭公,Tchao,160.0,昭公二十二年,VINGT-DEUXIÈME ANNÉE,519.0,二十有二年春，齐侯伐莒。,"Au printemps, le prince de Ts’i attaqua Kiu."
1511,春秋,Tch'ouen Ts'iou,卷十,LIVRE X,昭公,Tchao,161.0,昭公二十二年,VINGT-DEUXIÈME ANNÉE,519.0,宋华亥、向宁、华定自宋南里出奔楚。,"Au deuxième mois, Houa Hai, Hiang Ning et Houa Ting de Soung quittèrent Nan li, ville de Soung, et se réfugièrent à Tch’ou."
1512,春秋,Tch'ouen Ts'iou,卷十,LIVRE X,昭公,Tchao,162.0,昭公二十二年,VINGT-DEUXIÈME ANNÉE,519.0,大蒐于昌间。,Grande chasse à Tch’ang kien.
1513,春秋,Tch'ouen Ts'iou,卷十,LIVRE X,昭公,Tchao,163.0,昭公二十二年,VINGT-DEUXIÈME ANNÉE,519.0,夏四月乙丑，天王崩。,"En été, au quatrième mois, le jour ĭ tch’eòu, le fils du ciel (King ouang) mourut."
1514,春秋,Tch'ouen Ts'iou,卷十,LIVRE X,昭公,Tchao,164.0,昭公二十二年,VINGT-DEUXIÈME ANNÉE,519.0,六月，叔鞅如京师，葬景王。,"Au sixième mois, Chou Iang alla à la capitale de l’empire assister à l’enterrement de l’empereur King ouang."
1515,春秋,Tch'ouen Ts'iou,卷十,LIVRE X,昭公,Tchao,165.0,昭公二十二年,VINGT-DEUXIÈME ANNÉE,519.0,王室乱。,Troubles dans la famille impériale.
1516,春秋,Tch'ouen Ts'iou,卷十,LIVRE X,昭公,Tchao,166.0,昭公二十二年,VINGT-DEUXIÈME ANNÉE,519.0,刘子、单子以王猛居于皇。,Le prince de Liou et le prince de Chan s’établirent à Houang avec l’empereur Meng.
1517,春秋,Tch'ouen Ts'iou,卷十,LIVRE X,昭公,Tchao,167.0,昭公二十二年,VINGT-DEUXIÈME ANNÉE,519.0,秋，刘子、单子以王猛入于王城。,"En automne, le prince de Liou et le prince de Chan entrèrent dans Ouang tch’eng avec l’empereur Meng."
1518,春秋,Tch'ouen Ts'iou,卷十,LIVRE X,昭公,Tchao,168.0,昭公二十二年,VINGT-DEUXIÈME ANNÉE,519.0,冬十月，王子猛卒。,"En hiver, au dixième mois, Meng, fils de l’empereur King ouang, mourut."
1519,春秋,Tch'ouen Ts'iou,卷十,LIVRE X,昭公,Tchao,169.0,昭公二十二年,VINGT-DEUXIÈME ANNÉE,519.0,十有二月癸酉朔，日有食之。,"Au douzième mois, le jour kouèi iòu, premier jour du mois, le soleil fut éclipsé."
1520,春秋,Tch'ouen Ts'iou,卷十,LIVRE X,昭公,Tchao,170.0,昭公二十三年,VINGT-TROISIÈME ANNÉE,518.0,二十有三年春，王正月，叔孙婼如晋。,"Au printemps, au premier mois de l’année selon le calendrier impérial, Chou suen Che de Lou alla à Tsin."
1521,春秋,Tch'ouen Ts'iou,卷十,LIVRE X,昭公,Tchao,171.0,昭公二十三年,VINGT-TROISIÈME ANNÉE,518.0,癸丑，叔鞅卒。,"Le jour kouèi tch’eòu, Chou iang de Lou mourut."
1522,春秋,Tch'ouen Ts'iou,卷十,LIVRE X,昭公,Tchao,172.0,昭公二十三年,VINGT-TROISIÈME ANNÉE,518.0,晋人执我行人叔孙婼。,Les officiers de Tsin se saisirent de notre envoyé Chou suen Che.
1523,春秋,Tch'ouen Ts'iou,卷十,LIVRE X,昭公,Tchao,173.0,昭公二十三年,VINGT-TROISIÈME ANNÉE,518.0,晋人围郊。,L’armée de Tsin assiégea Kiao.
1524,春秋,Tch'ouen Ts'iou,卷十,LIVRE X,昭公,Tchao,174.0,昭公二十三年,VINGT-TROISIÈME ANNÉE,518.0,夏六月，蔡侯东国卒于楚。,"En été, au sixième mois, Toung kouo, prince de Ts’ai, mourut à Tch’ou."
1525,春秋,Tch'ouen Ts'iou,卷十,LIVRE X,昭公,Tchao,175.0,昭公二十三年,VINGT-TROISIÈME ANNÉE,518.0,秋七月，莒子庚舆来奔。,"En automne, au septième mois, Keng iu, prince de Kiu, vint se réfugier à Lou."
1526,春秋,Tch'ouen Ts'iou,卷十,LIVRE X,昭公,Tchao,176.0,昭公二十三年,VINGT-TROISIÈME ANNÉE,518.0,戊辰，吴败顿、胡、沈、蔡、陈、许之师于鸡父。胡子髡、沈子逞灭。获陈夏齧。,"Le jour meóu tch’ên, l’armée de Ou battit à Ki fou les troupes de Touen, de Hou, de Chen, de Ts’ai, de Tch’en et de Hiu. K’ouen, prince de Hou, et Tch’eng, prince de Chen, furent anéantis (pris et privés du pouvoir). Hia, le grand préfet de Tch’en, fut fait prisonnier."
1527,春秋,Tch'ouen Ts'iou,卷十,LIVRE X,昭公,Tchao,177.0,昭公二十三年,VINGT-TROISIÈME ANNÉE,518.0,天王居于狄泉。尹氏立王子朝。,"Le souverain établi par le ciel (Kíng ouâng) alla demeurer à Ti ts’iuen. Le chef de la famille de In éleva à l’empire Tchao, fils de Kíng ouâng."
1528,春秋,Tch'ouen Ts'iou,卷十,LIVRE X,昭公,Tchao,178.0,昭公二十三年,VINGT-TROISIÈME ANNÉE,518.0,八月乙未，地震。,"Au huitième mois, le jour ĭ ouéi, la terre trembla à Lou."
1529,春秋,Tch'ouen Ts'iou,卷十,LIVRE X,昭公,Tchao,179.0,昭公二十三年,VINGT-TROISIÈME ANNÉE,518.0,冬，公如晋，至河，有疾，乃复。,"En hiver, le prince de Lou partit pour aller à Tsin. Arrivé près du fleuve Jaune, il contracta une maladie et retourna à Lou."
1530,春秋,Tch'ouen Ts'iou,卷十,LIVRE X,昭公,Tchao,180.0,昭公二十四年,VINGT-QUATRIÈME ANNÉE,517.0,二十有四年春，王二月丙戌，仲孙貜卒。,Au printemps.
1531,春秋,Tch'ouen Ts'iou,卷十,LIVRE X,昭公,Tchao,181.0,昭公二十四年,VINGT-QUATRIÈME ANNÉE,517.0,nan,"Au deuxième mois de l’année d’après le calendrier impérial, le jour pìng siŭ, Tchoung suen Kouo (Méng Hī tséu de Lou) mourut."
1532,春秋,Tch'ouen Ts'iou,卷十,LIVRE X,昭公,Tchao,182.0,昭公二十四年,VINGT-QUATRIÈME ANNÉE,517.0,婼至自晋。,Chou suen Che (ou Tch’o) arriva de Tsin à Lou.
1533,春秋,Tch'ouen Ts'iou,卷十,LIVRE X,昭公,Tchao,183.0,昭公二十四年,VINGT-QUATRIÈME ANNÉE,517.0,夏五月乙未朔，日有食之。,"En été, au cinquième mois, le jour ĭ ouéi, premier jour du mois, le soleil fut éclipsé."
1534,春秋,Tch'ouen Ts'iou,卷十,LIVRE X,昭公,Tchao,184.0,昭公二十四年,VINGT-QUATRIÈME ANNÉE,517.0,秋八月，大雩。,"En automne, au huitième mois, grande cérémonie pour obtenir la pluie."
1535,春秋,Tch'ouen Ts'iou,卷十,LIVRE X,昭公,Tchao,185.0,昭公二十四年,VINGT-QUATRIÈME ANNÉE,517.0,丁酉，杞伯郁釐卒。,"Le jour tīng iòu, Iu li, prince de K’i, mourut."
1536,春秋,Tch'ouen Ts'iou,卷十,LIVRE X,昭公,Tchao,186.0,昭公二十四年,VINGT-QUATRIÈME ANNÉE,517.0,冬，吴灭巢。,"En hiver, Ou mit fin à la principauté de Tchao."
1537,春秋,Tch'ouen Ts'iou,卷十,LIVRE X,昭公,Tchao,187.0,昭公二十四年,VINGT-QUATRIÈME ANNÉE,517.0,葬杞平公。,"On enterra P’ing koung, prince de Ki."
1538,春秋,Tch'ouen Ts'iou,卷十,LIVRE X,昭公,Tchao,188.0,昭公二十五年,VINGT-CINQUIÈME ANNÉE,516.0,二十有五年春，叔孙婼如宋。,"Au printemps, Chou suen Che alla à Soung."
1539,春秋,Tch'ouen Ts'iou,卷十,LIVRE X,昭公,Tchao,189.0,昭公二十五年,VINGT-CINQUIÈME ANNÉE,516.0,夏，叔诣会晋赵鞅、宋乐大心、卫北宫喜、郑游吉、曹人、邾人、滕人、薛人、小邾人于黄父。,"En été, Chou i de Lou alla à Houang fou conférer avec Tchao Iang de Tsin, Io Ta sin de Soung, Pe koung Hi p.379 de Ouei, Iou Ki de Tcheng, et les envoyés de Ts’ao, de Tchou, de T’eng, de Sie et du Petit Tchou."
1540,春秋,Tch'ouen Ts'iou,卷十,LIVRE X,昭公,Tchao,190.0,昭公二十五年,VINGT-CINQUIÈME ANNÉE,516.0,有鸲鹆来巢。,"Des k’iu iu vinrent à Lou faire leur nid sur un arbre. (Ces oiseaux vivent habituellement sur le bord de l’eau. Ils font leur nid dans les rochers, non sur les arbres)."
1541,春秋,Tch'ouen Ts'iou,卷十,LIVRE X,昭公,Tchao,191.0,昭公二十五年,VINGT-CINQUIÈME ANNÉE,516.0,秋七月上辛，大雩；季辛，又雩。,"En automne, au septième mois, dans la première décade du mois, on fit à Lou une cérémonie solennelle pour demander la pluie. Dans la troisième décade du même mois, ou renouvela cette même cérémonie."
1542,春秋,Tch'ouen Ts'iou,卷十,LIVRE X,昭公,Tchao,192.0,昭公二十五年,VINGT-CINQUIÈME ANNÉE,516.0,九月己亥，公孙于齐，次于阳州，,"Au neuvième mois, le jour kì hái, le prince de Lou se retira à Ts’i. (En chemin) il stationna à Iang tcheou."
1543,春秋,Tch'ouen Ts'iou,卷十,LIVRE X,昭公,Tchao,193.0,昭公二十五年,VINGT-CINQUIÈME ANNÉE,516.0,齐侯唁公于野井。,Le prince de Ts’i alla à Ie tsing présenter ses condoléances au prince de Lou.
1544,春秋,Tch'ouen Ts'iou,卷十,LIVRE X,昭公,Tchao,194.0,昭公二十五年,VINGT-CINQUIÈME ANNÉE,516.0,冬十月戊辰，叔孙婼卒。,"En hiver, au dixième mois, le jour meóu tch’ên, Chou suen Che mourut."
1545,春秋,Tch'ouen Ts'iou,卷十,LIVRE X,昭公,Tchao,195.0,昭公二十五年,VINGT-CINQUIÈME ANNÉE,516.0,十有一月己亥，宋公佐卒于曲棘。,"Au onzième mois, le jour kì hái, Tso, prince de Soung, mourut à K’iu ki."
1546,春秋,Tch'ouen Ts'iou,卷十,LIVRE X,昭公,Tchao,196.0,昭公二十五年,VINGT-CINQUIÈME ANNÉE,516.0,十有二月，齐侯取郓。,"Au douzième mois, le prince de Ts’i reçut la soumission des habitants de Iun."
1547,春秋,Tch'ouen Ts'iou,卷十,LIVRE X,昭公,Tchao,197.0,昭公二十六年,VINGT-SIXIÈME ANNÉE,515.0,二十有六年春，王正月，葬宋元公。,"Au printemps, au premier mois de l’année selon le calendrier impérial, on enterra Iuen koung, prince de Soung."
1548,春秋,Tch'ouen Ts'iou,卷十,LIVRE X,昭公,Tchao,198.0,昭公二十六年,VINGT-SIXIÈME ANNÉE,515.0,三月，公至自齐，居于郓。,"Au troisième mois, le prince de Lou arriva de Ts’i. Il demeura à Iun."
1549,春秋,Tch'ouen Ts'iou,卷十,LIVRE X,昭公,Tchao,199.0,昭公二十六年,VINGT-SIXIÈME ANNÉE,515.0,夏，公围成。,"En été, le prince de Lou assiégea Tch’eng."
1550,春秋,Tch'ouen Ts'iou,卷十,LIVRE X,昭公,Tchao,200.0,昭公二十六年,VINGT-SIXIÈME ANNÉE,515.0,秋，公会齐侯、莒子、邾子、杞伯，盟于鄟陵。,"En automne, le prince de Lou conféra avec les princes de Ts’i, de Kiu, de Tchou et de K’i, et fit avec eux un traité à Tchouan ling."
1551,春秋,Tch'ouen Ts'iou,卷十,LIVRE X,昭公,Tchao,201.0,昭公二十六年,VINGT-SIXIÈME ANNÉE,515.0,公至自会，居于郓。,Le prince de Lou arriva de la réunion ; il demeura à Iun.
1552,春秋,Tch'ouen Ts'iou,卷十,LIVRE X,昭公,Tchao,202.0,昭公二十六年,VINGT-SIXIÈME ANNÉE,515.0,九月庚申，楚子居卒。,"Au neuvième mois, le jour kēng chēn, Kiu, prince de Tch’ou, mourut."
1553,春秋,Tch'ouen Ts'iou,卷十,LIVRE X,昭公,Tchao,203.0,昭公二十六年,VINGT-SIXIÈME ANNÉE,515.0,冬十月，天王入于成周。,"En hiver, au dixième mois, le souverain constitué par le ciel (King ouang) entra dans Tch’eng tcheou (Lŏ iâng, qui fut la capitale de l’empire, dans le Ho nan actuel)."
1554,春秋,Tch'ouen Ts'iou,卷十,LIVRE X,昭公,Tchao,204.0,昭公二十六年,VINGT-SIXIÈME ANNÉE,515.0,尹氏、召伯、毛伯以王子朝奔楚。,"La famille In, le prince de Chao et le prince de Mao s’enfuirent à Tch’ou, avec Ouang tseu Tchao."
1555,春秋,Tch'ouen Ts'iou,卷十,LIVRE X,昭公,Tchao,205.0,昭公二十七年,VINGT-SEPTIÈME ANNÉE,514.0,二十有七年春，公如齐。公至自齐，居于郓。,"Au printemps, le prince de Lou alla à Ts’i. Revenu de Ts’i dans ses États, il demeura à Iun."
1556,春秋,Tch'ouen Ts'iou,卷十,LIVRE X,昭公,Tchao,206.0,昭公二十七年,VINGT-SEPTIÈME ANNÉE,514.0,夏四月，吴弑其君僚。,"En été, au quatrième mois, les habitants de Ou mirent à mort Leao, leur prince."
1557,春秋,Tch'ouen Ts'iou,卷十,LIVRE X,昭公,Tchao,207.0,昭公二十七年,VINGT-SEPTIÈME ANNÉE,514.0,楚杀其大夫郤宛。,Tch’eou mit à mort son grand préfet K’i Iuen.
1558,春秋,Tch'ouen Ts'iou,卷十,LIVRE X,昭公,Tchao,208.0,昭公二十七年,VINGT-SEPTIÈME ANNÉE,514.0,秋，晋士鞅、宋乐祁犁、卫北宫喜、曹人、邾人、滕人会于扈。,"En automne, Cheu Iang de Tsin, Io K’i li de Soung, Pe koung Hi de Ouei, un officier de Ts’ao, un officier de Tchou et un officier de T’eng conférèrent ensemble à Hou (probablement sur le territoire de Tsin)."
1559,春秋,Tch'ouen Ts'iou,卷十,LIVRE X,昭公,Tchao,209.0,昭公二十七年,VINGT-SEPTIÈME ANNÉE,514.0,冬十月，曹伯午卒。,"En hiver, au dixième mois, Ou, prince de Ts’ao, mourut."
1560,春秋,Tch'ouen Ts'iou,卷十,LIVRE X,昭公,Tchao,210.0,昭公二十七年,VINGT-SEPTIÈME ANNÉE,514.0,邾快来奔。,"K’ouai, (ministre d’État) de Tchou, vint se réfugier à Lou."
1561,春秋,Tch'ouen Ts'iou,卷十,LIVRE X,昭公,Tchao,211.0,昭公二十七年,VINGT-SEPTIÈME ANNÉE,514.0,公如齐。,Le prince de Lou alla à Ts’i.
1562,春秋,Tch'ouen Ts'iou,卷十,LIVRE X,昭公,Tchao,212.0,昭公二十七年,VINGT-SEPTIÈME ANNÉE,514.0,公至自齐，居于郓。,"Le prince de Lou, arrivant de Ts’i, s’établit à Iun."
1563,春秋,Tch'ouen Ts'iou,卷十,LIVRE X,昭公,Tchao,213.0,昭公二十八年,VINGT-HUITIÈME ANNÉE,513.0,二十有八年春，王三月，葬曹悼公。,"Au printemps, au troisième mois de l’année selon le calendrier impérial, on enterra T’ao koung (Ou), prince de Ts’ao."
1564,春秋,Tch'ouen Ts'iou,卷十,LIVRE X,昭公,Tchao,214.0,昭公二十八年,VINGT-HUITIÈME ANNÉE,513.0,公如晋，次于乾侯。,Le prince de Lou alla à Tsin. En chemin il s’arrêta à Kan heou.
1565,春秋,Tch'ouen Ts'iou,卷十,LIVRE X,昭公,Tchao,215.0,昭公二十八年,VINGT-HUITIÈME ANNÉE,513.0,夏四月丙戌，郑伯宁卒。,"En été, au quatrième mois, le jour pìng siŭ, Ning, prince de Tcheng, mourut."
1566,春秋,Tch'ouen Ts'iou,卷十,LIVRE X,昭公,Tchao,216.0,昭公二十八年,VINGT-HUITIÈME ANNÉE,513.0,六月，葬郑定公。,"Au sixième mois, on enterra Ting koung (Ning), prince de Tcheng."
1567,春秋,Tch'ouen Ts'iou,卷十,LIVRE X,昭公,Tchao,217.0,昭公二十八年,VINGT-HUITIÈME ANNÉE,513.0,秋七月癸巳，滕子宁卒。,"En automne, au septième mois, le jour kouèi séu, Ning, prince de T’eng, mourut."
1568,春秋,Tch'ouen Ts'iou,卷十,LIVRE X,昭公,Tchao,218.0,昭公二十八年,VINGT-HUITIÈME ANNÉE,513.0,冬，葬滕悼公。,"En hiver, on enterra Tao (Ning), prince de T’eng."
1569,春秋,Tch'ouen Ts'iou,卷十,LIVRE X,昭公,Tchao,219.0,昭公二十九年,VINGT-NEUVIÈME ANNÉE,512.0,二十有九年春，公至自乾侯，居于郓。齐侯使高张来唁公。,"Au printemps, le prince de Lou, arrivant de Kan heou, demeura à Iun. Kao Tchang, envoyé par le prince de Ts’i, vint à Iun consoler le prince de Lou."
1570,春秋,Tch'ouen Ts'iou,卷十,LIVRE X,昭公,Tchao,220.0,昭公二十九年,VINGT-NEUVIÈME ANNÉE,512.0,公如晋，次于乾侯。,Le prince de Lou prit le chemin de Tsin. Il stationna à Kan heou.
1571,春秋,Tch'ouen Ts'iou,卷十,LIVRE X,昭公,Tchao,221.0,昭公二十九年,VINGT-NEUVIÈME ANNÉE,512.0,夏四月庚子，叔诣卒。,"En été, au quatrième mois, le jour kēng tsèu, Chou I mourut."
1572,春秋,Tch'ouen Ts'iou,卷十,LIVRE X,昭公,Tchao,222.0,昭公二十九年,VINGT-NEUVIÈME ANNÉE,512.0,秋七月。,"En automne, au septième mois."
1573,春秋,Tch'ouen Ts'iou,卷十,LIVRE X,昭公,Tchao,223.0,昭公二十九年,VINGT-NEUVIÈME ANNÉE,512.0,冬十月，郓溃。,"En hiver, au dixième mois, les habitants de Iun se dispersèrent (et abandonnèrent les partisans du prince de Lou, qui lui-même était allé à Tsin)."
1574,春秋,Tch'ouen Ts'iou,卷十,LIVRE X,昭公,Tchao,224.0,昭公三十年,TRENTIÈME ANNÉE,511.0,三十年春，王正月，公在乾侯。,"Au printemps, au premier mois de l’année selon le calendrier impérial, le prince de Lou demeura à Kan heou."
1575,春秋,Tch'ouen Ts'iou,卷十,LIVRE X,昭公,Tchao,225.0,昭公三十年,TRENTIÈME ANNÉE,511.0,夏六月庚辰，晋侯去疾卒。,"En été, au dixième mois, le jour kēng tch’ên, K’iu tsi, prince de Tsin, mourut."
1576,春秋,Tch'ouen Ts'iou,卷十,LIVRE X,昭公,Tchao,226.0,昭公三十年,TRENTIÈME ANNÉE,511.0,秋八月，葬晋顷公。,"En automne, au huitième mois, on enterra K’ing koung (K’iù tsi), prince de Tsin."
1577,春秋,Tch'ouen Ts'iou,卷十,LIVRE X,昭公,Tchao,227.0,昭公三十年,TRENTIÈME ANNÉE,511.0,冬十有二月，吴灭徐，徐子章羽奔楚。,"En hiver, au douzième mois, Ou mit fin à la principauté de Siu. Tchang iu, prince de Siu, se réfugia à Tch’ou."
1578,春秋,Tch'ouen Ts'iou,卷十,LIVRE X,昭公,Tchao,228.0,昭公三十一年,TRENTE ET UNIÈME ANNÉE,510.0,三十有一年春，王正月，公在乾侯。,"Au printemps, au premier mois de l’année selon le calendrier impérial, le prince de Lou était à Kan heou."
1579,春秋,Tch'ouen Ts'iou,卷十,LIVRE X,昭公,Tchao,229.0,昭公三十一年,TRENTE ET UNIÈME ANNÉE,510.0,季孙意如会晋荀跞于適历。,Ki suen I jou alla trouver Siun Li de Tsin à Ti li.
1580,春秋,Tch'ouen Ts'iou,卷十,LIVRE X,昭公,Tchao,230.0,昭公三十一年,TRENTE ET UNIÈME ANNÉE,510.0,夏四月丁巳，薛伯穀卒。,"En été, au quatrième mois, le jour tīng séu, Kou, prince de Sie, mourut."
1581,春秋,Tch'ouen Ts'iou,卷十,LIVRE X,昭公,Tchao,231.0,昭公三十一年,TRENTE ET UNIÈME ANNÉE,510.0,晋侯使荀跞唁公于乾侯。,"Siun Li, envoyé du prince de Tsin, exprima des condoléances au prince de Lou à Kan heou."
1582,春秋,Tch'ouen Ts'iou,卷十,LIVRE X,昭公,Tchao,232.0,昭公三十一年,TRENTE ET UNIÈME ANNÉE,510.0,秋，葬薛献公。,"En automne, on enterra Hien koung (hou), prince de Sie."
1583,春秋,Tch'ouen Ts'iou,卷十,LIVRE X,昭公,Tchao,233.0,昭公三十一年,TRENTE ET UNIÈME ANNÉE,510.0,冬，黑肱以滥来奔。,"En hiver, He koung vint se réfugier à Lou, et donna à Lou sa terre de Lan."
1584,春秋,Tch'ouen Ts'iou,卷十,LIVRE X,昭公,Tchao,234.0,昭公三十一年,TRENTE ET UNIÈME ANNÉE,510.0,十有二月辛亥朔，日有食之。,"Au douzième mois, le jour sīn hái, premier jour du mois lunaire (7 novembre), le soleil fut éclipsé."
1585,春秋,Tch'ouen Ts'iou,卷十,LIVRE X,昭公,Tchao,235.0,昭公三十二年,TRENTE-DEUXIÈME ANNÉE,509.0,三十有二年春，王正月，公在乾侯。取阚。,"Au printemps, au premier mois, de l’année selon le calendrier impérial, le prince de Lou était à Kan heou. Il reçut la soumission de K’an (ville de Lou)."
1586,春秋,Tch'ouen Ts'iou,卷十,LIVRE X,昭公,Tchao,236.0,昭公三十二年,TRENTE-DEUXIÈME ANNÉE,509.0,夏，吴伐越。,"En été, Ou attaqua Iue."
1587,春秋,Tch'ouen Ts'iou,卷十,LIVRE X,昭公,Tchao,237.0,昭公三十二年,TRENTE-DEUXIÈME ANNÉE,509.0,秋，七月。,"En automne, au septième mois."
1588,春秋,Tch'ouen Ts'iou,卷十,LIVRE X,昭公,Tchao,238.0,昭公三十二年,TRENTE-DEUXIÈME ANNÉE,509.0,冬，仲孙何忌会晋韩不信、齐高张、宋仲幾、卫世叔申、郑国参、曹人、莒人、薛人、杞人、小邾人，城成周。,"En hiver, Tchoung suen Ho ki de Lou conféra avec Han Pou Sin de Tsin, Kao Tchang de Ts’i, Tchoung Ki de Soung, Cheu chou Chen de Ouei, Kouo Ts’an de Tcheng, et des délégués de Ts’ao, de Kiu, de Sie, de K’i et du petit Tchou, pour fortifier la ville de Tch’eng tcheou."
1589,春秋,Tch'ouen Ts'iou,卷十,LIVRE X,昭公,Tchao,239.0,昭公三十二年,TRENTE-DEUXIÈME ANNÉE,509.0,十有二月己未，公薨于乾侯。,"Au douzième mois, le jour kì ouéi, le prince de Lou mourut à Kan heou."
1590,春秋,Tch'ouen Ts'iou,卷十一,LIVRE XI,定公,Ting,1.0,定公元年,PREMIÈRE ANNÉE,508.0,元年春，王。三月，晋人执宋仲幾于京师。,"La première année, au printemps, selon le calendrier impérial. - Au troisième mois, les officiers de Tsin saisirent Tchoung Ki de Soung à la capitale de l’empire."
1591,春秋,Tch'ouen Ts'iou,卷十一,LIVRE XI,定公,Ting,2.0,定公元年,PREMIÈRE ANNÉE,508.0,夏六月癸亥，公之丧至自乾侯。戊辰，公即位。,"En été, au sixième mois, le jour kouèi hái, le corps de Tchao koung arriva de Kan heou à la capitale de Lou. Le jour meóu tch’ên, Ting koung lui succéda au pouvoir."
1592,春秋,Tch'ouen Ts'iou,卷十一,LIVRE XI,定公,Ting,3.0,定公元年,PREMIÈRE ANNÉE,508.0,秋七月癸巳，葬我君昭公。,"En automne, au septième mois, le jour kouèi séu, on enterra notre prince Tchao koung."
1593,春秋,Tch'ouen Ts'iou,卷十一,LIVRE XI,定公,Ting,4.0,定公元年,PREMIÈRE ANNÉE,508.0,九月，大雩。,"Au neuvième mois, grande cérémonie pour obtenir la pluie."
1594,春秋,Tch'ouen Ts'iou,卷十一,LIVRE XI,定公,Ting,5.0,定公元年,PREMIÈRE ANNÉE,508.0,立炀宫。,Un temple fut élevé à Iang koung.
1595,春秋,Tch'ouen Ts'iou,卷十一,LIVRE XI,定公,Ting,6.0,定公元年,PREMIÈRE ANNÉE,508.0,冬十月，陨霜杀菽。,"En hiver, au dixième mois (octobre), la gelée blanche fit périr les pois et les haricots."
1596,春秋,Tch'ouen Ts'iou,卷十一,LIVRE XI,定公,Ting,7.0,定公二年,DEUXIÈME ANNÉE,507.0,二年春，王正月。,"Au printemps, au premier mois de l’année selon le calendrier impérial."
1597,春秋,Tch'ouen Ts'iou,卷十一,LIVRE XI,定公,Ting,8.0,定公二年,DEUXIÈME ANNÉE,507.0,夏五月壬辰，雉门及两观灾。,"En été, au cinquième mois, le jour jên tch’ên, au palais du prince de Lou, la porte méridionale, nommée la Porte du faisan, fut incendiée, ainsi que les deux tours dont elle était flanquée."
1598,春秋,Tch'ouen Ts'iou,卷十一,LIVRE XI,定公,Ting,9.0,定公二年,DEUXIÈME ANNÉE,507.0,秋，楚人伐吴。,"En automne, l’armée de Tch’ou attaqua Ou."
1599,春秋,Tch'ouen Ts'iou,卷十一,LIVRE XI,定公,Ting,10.0,定公二年,DEUXIÈME ANNÉE,507.0,冬十月，新作雉门及两观。,"En hiver, au dixième mois, on rebâtit à neuf la porte Tcheu men du palais de Lou et les deux tours dont elle était flanquée."
1600,春秋,Tch'ouen Ts'iou,卷十一,LIVRE XI,定公,Ting,11.0,定公三年,TROISIÈME ANNÉE,506.0,三年春，王正月，公如晋，至河乃复。,"Au printemps, au premier mois de l’année selon le calendrier impérial, le prince de Lou partit pour aller à Tsin. Arrivé au bord du fleuve Jaune, il revint sur ses pas (on ignore pourquoi)."
1601,春秋,Tch'ouen Ts'iou,卷十一,LIVRE XI,定公,Ting,12.0,定公三年,TROISIÈME ANNÉE,506.0,二月辛卯，邾子穿卒。,"Au deuxième mois, le jour sīn maò, Tch’ouan, prince de Tchou, mourut."
1602,春秋,Tch'ouen Ts'iou,卷十一,LIVRE XI,定公,Ting,13.0,定公三年,TROISIÈME ANNÉE,506.0,夏四月。,"En été, au quatrième mois."
1603,春秋,Tch'ouen Ts'iou,卷十一,LIVRE XI,定公,Ting,14.0,定公三年,TROISIÈME ANNÉE,506.0,秋，葬邾庄公。,"En automne, on enterra Tchouang koung, prince de Tchou."
1604,春秋,Tch'ouen Ts'iou,卷十一,LIVRE XI,定公,Ting,15.0,定公三年,TROISIÈME ANNÉE,506.0,秋，葬邾庄公。,"En hiver, Tchoung suen Ho ki de Lou fit un traité avec le prince de Tchou à Pa."
1605,春秋,Tch'ouen Ts'iou,卷十一,LIVRE XI,定公,Ting,16.0,定公四年,QUATRIÈME ANNÉE,505.0,四年春，王二月癸巳，陈侯吴卒。,"Au printemps, au deuxième mois de l’année selon le calendrier impérial, le jour kouèi séu, Ou, prince de Tch’en, mourut."
1606,春秋,Tch'ouen Ts'iou,卷十一,LIVRE XI,定公,Ting,17.0,定公四年,QUATRIÈME ANNÉE,505.0,三月，公会刘子、晋侯、宋公、蔡侯、卫侯、陈子、郑伯、许男、曹伯、莒子、邾子、顿子、胡子、滕子、薛伯、杞伯、小邾子、齐国夏于召陵，侵楚。,"Au troisième mois, le prince de Lou alla à Chao ling conférer avec les princes de Liou, de Tsin, de Soung, de Ts’ai, de Ouei, de Tch’en, de Tcheng, de Hiu, de Ts’ao, de Kiu, de Tchou, de Touen, de Hou, de T’eng ; de Sie, de K’i, du Petit Tchou, et avec Kouo Hia de Ts’i. Ils délibérèrent en vue d’envahir Tch’ou."
1607,春秋,Tch'ouen Ts'iou,卷十一,LIVRE XI,定公,Ting,18.0,定公四年,QUATRIÈME ANNÉE,505.0,夏四月庚辰，蔡公孙姓帅师灭沈，以沈子嘉归，杀之。,"En été, au quatrième mois, le jour kēng tch’ên, Koung suen Cheng de Ts’ai, à la tête d’une armée, mit fin à la principauté de Chen, emmena avec lui Kia, prince de Cheu, et le mit à mort."
1608,春秋,Tch'ouen Ts'iou,卷十一,LIVRE XI,定公,Ting,19.0,定公四年,QUATRIÈME ANNÉE,505.0,五月，公及诸侯盟于皋鼬。,"Au cinquième mois, le prince de Lou et les princes alliés firent un traité à Kao iou."
1609,春秋,Tch'ouen Ts'iou,卷十一,LIVRE XI,定公,Ting,20.0,定公四年,QUATRIÈME ANNÉE,505.0,杞伯成卒于会。,"Tch’eng, prince de K’î, mourut à la réunion des princes."
1610,春秋,Tch'ouen Ts'iou,卷十一,LIVRE XI,定公,Ting,21.0,定公四年,QUATRIÈME ANNÉE,505.0,六月，葬陈惠公。,"Au sixième mois, on enterra Houei koung, prince de Tch’en."
1611,春秋,Tch'ouen Ts'iou,卷十一,LIVRE XI,定公,Ting,22.0,定公四年,QUATRIÈME ANNÉE,505.0,许迁于容城。,Le prince de Hiu alla établir sa capitale à Joung tch’eng.
1612,春秋,Tch'ouen Ts'iou,卷十一,LIVRE XI,定公,Ting,23.0,定公四年,QUATRIÈME ANNÉE,505.0,秋七月，公至自会。,"En automne, au septième mois, le prince de Lou arriva de la réunion des princes."
1613,春秋,Tch'ouen Ts'iou,卷十一,LIVRE XI,定公,Ting,24.0,定公四年,QUATRIÈME ANNÉE,505.0,刘卷卒。,"K’iuen, prince de Liou, mourut."
1614,春秋,Tch'ouen Ts'iou,卷十一,LIVRE XI,定公,Ting,25.0,定公四年,QUATRIÈME ANNÉE,505.0,葬杞悼公。,"On enterra Tao koung (Tch’eng), prince de K’i."
1615,春秋,Tch'ouen Ts'iou,卷十一,LIVRE XI,定公,Ting,26.0,定公四年,QUATRIÈME ANNÉE,505.0,楚人围蔡。,L’armée de Tch’ou assiégea la capitale de Ts’ai.
1616,春秋,Tch'ouen Ts'iou,卷十一,LIVRE XI,定公,Ting,27.0,定公四年,QUATRIÈME ANNÉE,505.0,晋士鞅、卫孔圉帅师伐鲜虞。,"Cheu Nang de Tsin et K’oung Iu. de Ouei, avec des troupes, attaquèrent Sien iu."
1617,春秋,Tch'ouen Ts'iou,卷十一,LIVRE XI,定公,Ting,28.0,定公四年,QUATRIÈME ANNÉE,505.0,葬刘文公。,"On enterra Ouen koung (K’iuen), prince de Liou."
1618,春秋,Tch'ouen Ts'iou,卷十一,LIVRE XI,定公,Ting,29.0,定公四年,QUATRIÈME ANNÉE,505.0,冬十有一月庚午，蔡侯以吴子及楚人战于柏举，楚师败绩。楚囊瓦出奔郑。,"En hiver, au onzième mois, le jour kēng òu, le prince de Ts’ai, aidé du prince de Ou, combattit contre une armée de Tch’ou à Pe kiu. L’armée de Tch’ou. fut complètement mise en déroute. Nang oua de Tch’ou s’enfuit de Tch’ou à Tcheng."
1619,春秋,Tch'ouen Ts'iou,卷十一,LIVRE XI,定公,Ting,30.0,定公四年,QUATRIÈME ANNÉE,505.0,庚辰，吴入郢。,"Le jour kēng tch’ên, Ou entra dans Ing."
1620,春秋,Tch'ouen Ts'iou,卷十一,LIVRE XI,定公,Ting,31.0,定公五年,CINQUIÈME ANNÉE,536.0,五年春，王三月辛亥朔，日有食之。,"Au printemps, au troisième mois de l’année selon le calendrier impérial, le jour sīn hái, premier jour du mois lunaire, le soleil fut éclipsé."
1621,春秋,Tch'ouen Ts'iou,卷十一,LIVRE XI,定公,Ting,32.0,定公五年,CINQUIÈME ANNÉE,536.0,五年春，王三月辛亥朔，日有食之。,"En été, Lou fournit des grains à Ts’ai."
1622,春秋,Tch'ouen Ts'iou,卷十一,LIVRE XI,定公,Ting,33.0,定公五年,CINQUIÈME ANNÉE,536.0,於越入吴。,Les troupes de Iue entrèrent dans la principauté de Ou.
1623,春秋,Tch'ouen Ts'iou,卷十一,LIVRE XI,定公,Ting,34.0,定公五年,CINQUIÈME ANNÉE,536.0,六月丙申，季孙意如卒。,"Au sixième mois, le jour pìng chēn, Ki suen I jou (P’ing tseu) mourut."
1624,春秋,Tch'ouen Ts'iou,卷十一,LIVRE XI,定公,Ting,35.0,定公五年,CINQUIÈME ANNÉE,536.0,秋七月壬子，叔孙不敢卒。,"En automne, au septième mois, le jour jên tsèu, Chou suen Pou kan de Lou mourut."
1625,春秋,Tch'ouen Ts'iou,卷十一,LIVRE XI,定公,Ting,36.0,定公五年,CINQUIÈME ANNÉE,536.0,冬，晋士鞅帅师围鲜虞。,"En hiver, Cheu Iang de Tsin avec des troupes assiégea Sien iu."
1626,春秋,Tch'ouen Ts'iou,卷十一,LIVRE XI,定公,Ting,37.0,定公六年,SIXIÈME ANNÉE,503.0,六年春，王正月癸亥，郑游速帅师灭许，以许男斯归。,"Au printemps, au premier mois de l’année selon le calendrier impérial ; le jour kouèi hái, Iou Sou de Tcheng, avec des troupes, mit fin à la principauté de Hiu. En retournant à Tcheng, il emmena avec lui Seu, prince de Hiu."
1627,春秋,Tch'ouen Ts'iou,卷十一,LIVRE XI,定公,Ting,38.0,定公六年,SIXIÈME ANNÉE,503.0,二月，公侵郑。,"Au deuxième mois, le prince de Lou envahit Tcheng."
1628,春秋,Tch'ouen Ts'iou,卷十一,LIVRE XI,定公,Ting,39.0,定公六年,SIXIÈME ANNÉE,503.0,公至自侵郑。,Le prince de Lou arriva de son expédition contre Tcheng.
1629,春秋,Tch'ouen Ts'iou,卷十一,LIVRE XI,定公,Ting,40.0,定公六年,SIXIÈME ANNÉE,503.0,夏，季孙斯、仲孙何忌如晋。,"En été, Ki suen Seu et Tchoung suen Ho ki allèrent à Tsin."
1630,春秋,Tch'ouen Ts'iou,卷十一,LIVRE XI,定公,Ting,41.0,定公六年,SIXIÈME ANNÉE,503.0,秋，晋人执宋行人乐祁犁。,"En automne, les officiers de Tsin arrêtèrent Io K’i li, officier des messages de Soung."
1631,春秋,Tch'ouen Ts'iou,卷十一,LIVRE XI,定公,Ting,42.0,定公六年,SIXIÈME ANNÉE,503.0,冬，城中城。,"En hiver, le prince de Lou fit fortifier Tchoung tch’eng."
1632,春秋,Tch'ouen Ts'iou,卷十一,LIVRE XI,定公,Ting,43.0,定公六年,SIXIÈME ANNÉE,503.0,季孙斯、仲孙忌帅师围郓。,"Ki suen Seu et Tchoung suen (Ho) ki, avec des troupes, assiégèrent Iun."
1633,春秋,Tch'ouen Ts'iou,卷十一,LIVRE XI,定公,Ting,44.0,定公七年,SEPTIÈME ANNÉE,502.0,七年春，王正月。,"Au printemps, au premier mois de l’année selon le calendrier impérial."
1634,春秋,Tch'ouen Ts'iou,卷十一,LIVRE XI,定公,Ting,45.0,定公七年,SEPTIÈME ANNÉE,502.0,夏四月。,"En été, au quatrième mois."
1635,春秋,Tch'ouen Ts'iou,卷十一,LIVRE XI,定公,Ting,46.0,定公七年,SEPTIÈME ANNÉE,502.0,秋，齐侯、郑伯盟于鹹。,"En automne, le prince de Ts’i et le prince de Tcheng firent un traité à Hien."
1636,春秋,Tch'ouen Ts'iou,卷十一,LIVRE XI,定公,Ting,47.0,定公七年,SEPTIÈME ANNÉE,502.0,齐人执卫行人北宫结以侵卫。,"Les officiers de Ts’i retinrent prisonnier Pe koung Kie, officier des messages de Ouei, et envahirent Ouei."
1637,春秋,Tch'ouen Ts'iou,卷十一,LIVRE XI,定公,Ting,48.0,定公七年,SEPTIÈME ANNÉE,502.0,齐侯、卫侯盟于沙。,Le prince de Ts’i et le prince de Ouei tirent un traité à Cha (ou Souo).
1638,春秋,Tch'ouen Ts'iou,卷十一,LIVRE XI,定公,Ting,49.0,定公七年,SEPTIÈME ANNÉE,502.0,大雩。,Grande cérémonie pour obtenir la pluie à Lou.
1639,春秋,Tch'ouen Ts'iou,卷十一,LIVRE XI,定公,Ting,50.0,定公七年,SEPTIÈME ANNÉE,502.0,齐国夏帅师伐我西鄙。,"Kouo Hia de Ts’i, avec des troupes, attaqua nos frontières occidentales."
1640,春秋,Tch'ouen Ts'iou,卷十一,LIVRE XI,定公,Ting,51.0,定公七年,SEPTIÈME ANNÉE,502.0,九月，大雩。,"Au neuvième mois, grande cérémonie pour obtenir la pluie."
1641,春秋,Tch'ouen Ts'iou,卷十一,LIVRE XI,定公,Ting,52.0,定公七年,SEPTIÈME ANNÉE,502.0,冬十月。,"En hiver, au dixième mois."
1642,春秋,Tch'ouen Ts'iou,卷十一,LIVRE XI,定公,Ting,53.0,定公八年,HUITIÈME ANNÉE,501.0,八年春，王正月，公侵齐。,"Au printemps, au premier mois de l’année selon le calendrier impérial, le prince de Lou envahit Ts’i."
1643,春秋,Tch'ouen Ts'iou,卷十一,LIVRE XI,定公,Ting,54.0,定公八年,HUITIÈME ANNÉE,501.0,公至自侵齐。,Le prince de Lou arriva de son expédition contre Ts’i.
1644,春秋,Tch'ouen Ts'iou,卷十一,LIVRE XI,定公,Ting,55.0,定公八年,HUITIÈME ANNÉE,501.0,二月，公侵齐。,"Au deuxième mois, le prince de Lou envahit Ts’i."
1645,春秋,Tch'ouen Ts'iou,卷十一,LIVRE XI,定公,Ting,56.0,定公八年,HUITIÈME ANNÉE,501.0,三月，公至自侵齐。,"Au troisième mois, le prince de Lou arriva de son expédition contre Ts’i."
1646,春秋,Tch'ouen Ts'iou,卷十一,LIVRE XI,定公,Ting,57.0,定公八年,HUITIÈME ANNÉE,501.0,曹伯露卒。,"Lou, prince de Ts’ao, mourut."
1647,春秋,Tch'ouen Ts'iou,卷十一,LIVRE XI,定公,Ting,58.0,定公八年,HUITIÈME ANNÉE,501.0,夏，齐国夏帅师伐我西鄙。,"En été, Kouo Hia de Ts’i, avec des troupes, attaqua nos frontières occidentales."
1648,春秋,Tch'ouen Ts'iou,卷十一,LIVRE XI,定公,Ting,59.0,定公八年,HUITIÈME ANNÉE,501.0,公会晋师于瓦。,Le prince de Lou alla rencontrer l’armée de Tsin à Oua.
1649,春秋,Tch'ouen Ts'iou,卷十一,LIVRE XI,定公,Ting,60.0,定公八年,HUITIÈME ANNÉE,501.0,公至自瓦。,Le prince de Lou arriva de Oua.
1650,春秋,Tch'ouen Ts'iou,卷十一,LIVRE XI,定公,Ting,61.0,定公八年,HUITIÈME ANNÉE,501.0,秋七月戊辰，陈侯柳卒。,"En automne, au septième mois, le jour meóu tch’ên, Liou, prince de Tch’en, mourut."
1651,春秋,Tch'ouen Ts'iou,卷十一,LIVRE XI,定公,Ting,62.0,定公八年,HUITIÈME ANNÉE,501.0,晋士鞅帅师侵郑，遂侵卫。,"Cheu Iang de Tsin, avec des troupes, envahit Tcheng ; puis il envahit Ouei."
1652,春秋,Tch'ouen Ts'iou,卷十一,LIVRE XI,定公,Ting,63.0,定公八年,HUITIÈME ANNÉE,501.0,葬曹靖公。,"On enterra Tsing koung, prince de Ts’ao."
1653,春秋,Tch'ouen Ts'iou,卷十一,LIVRE XI,定公,Ting,64.0,定公八年,HUITIÈME ANNÉE,501.0,九月，葬陈怀公。,"Au neuvième mois, on enterra Houai koung, prince de Tch’en."
1654,春秋,Tch'ouen Ts'iou,卷十一,LIVRE XI,定公,Ting,65.0,定公八年,HUITIÈME ANNÉE,501.0,季孙斯、仲孙何忌帅师侵卫。,"Ki suen Seu et Tchoung suen Ho ki, avec des troupes, envahirent Ouei."
1655,春秋,Tch'ouen Ts'iou,卷十一,LIVRE XI,定公,Ting,66.0,定公八年,HUITIÈME ANNÉE,501.0,冬，卫侯、郑伯盟于曲濮。,"En hiver, le prince de Ouei et le prince de Tcheng firent un traité à K’in pou."
1656,春秋,Tch'ouen Ts'iou,卷十一,LIVRE XI,定公,Ting,67.0,定公八年,HUITIÈME ANNÉE,501.0,从祀先公。,"Les anciens princes de Lou reçurent des offrandes, d’après l’ordre voulu."
1657,春秋,Tch'ouen Ts'iou,卷十一,LIVRE XI,定公,Ting,68.0,定公八年,HUITIÈME ANNÉE,501.0,盗窃宝玉、大弓。,Un voleur (Iang Hou) enleva la pierre précieuse et le grand arc.
1658,春秋,Tch'ouen Ts'iou,卷十一,LIVRE XI,定公,Ting,69.0,隐公九年,NEUVIÈME ANNÉE,500.0,九年春，王正月。,"Au printemps, au premier mois de l’année selon le calendrier impérial,"
1659,春秋,Tch'ouen Ts'iou,卷十一,LIVRE XI,定公,Ting,70.0,隐公九年,NEUVIÈME ANNÉE,500.0,夏四月戊申，郑伯虿卒。,"En été, au quatrième mois, le jour meóu chēn, Tch’ai, prince de Tcheng, mourut."
1660,春秋,Tch'ouen Ts'iou,卷十一,LIVRE XI,定公,Ting,71.0,隐公九年,NEUVIÈME ANNÉE,500.0,得宝玉、大弓。,Lou rentra en possession de la pierre précieuse et du grand arc.
1661,春秋,Tch'ouen Ts'iou,卷十一,LIVRE XI,定公,Ting,72.0,隐公九年,NEUVIÈME ANNÉE,500.0,六月，葬郑献公。,"Au sixième mois, on enterra Hien koung (Tch’ai), prince de Tcheng."
1662,春秋,Tch'ouen Ts'iou,卷十一,LIVRE XI,定公,Ting,73.0,隐公九年,NEUVIÈME ANNÉE,500.0,秋，齐侯、卫侯次于五氏。,"En automne, le prince de Ts’i et le prince de Ouei stationnèrent à Ou cheu, ville de Tsin."
1663,春秋,Tch'ouen Ts'iou,卷十一,LIVRE XI,定公,Ting,74.0,隐公九年,NEUVIÈME ANNÉE,500.0,秦伯卒。,Le prince de Ts’in Ngai koung mourut.
1664,春秋,Tch'ouen Ts'iou,卷十一,LIVRE XI,定公,Ting,75.0,隐公九年,NEUVIÈME ANNÉE,500.0,冬，葬秦哀公。,"En hiver, on enterra Ngai koung, prince de Ts’in."
1665,春秋,Tch'ouen Ts'iou,卷十一,LIVRE XI,定公,Ting,76.0,定公十年,DIXIÈME ANNÉE,499.0,十年春，王三月，及齐平。,"Au printemps, au troisième mois de l’année selon le calendrier impérial, Lou conclut la paix avec Ts’i."
1666,春秋,Tch'ouen Ts'iou,卷十一,LIVRE XI,定公,Ting,77.0,定公十年,DIXIÈME ANNÉE,499.0,夏，公会齐侯于夹穀。,"En été, le prince de Lou alla trouver le prince de Ts’i à Kia kou."
1667,春秋,Tch'ouen Ts'iou,卷十一,LIVRE XI,定公,Ting,78.0,定公十年,DIXIÈME ANNÉE,499.0,公至自夹穀。,Le prince de Lou arriva de Kia kou.
1668,春秋,Tch'ouen Ts'iou,卷十一,LIVRE XI,定公,Ting,79.0,定公十年,DIXIÈME ANNÉE,499.0,晋赵鞅帅师围卫。,Tchao Iang de Tsin assiégea la capitale de Ouei.
1669,春秋,Tch'ouen Ts'iou,卷十一,LIVRE XI,定公,Ting,80.0,定公十年,DIXIÈME ANNÉE,499.0,齐人来归郓、讙、龟阴田。,"Un officier de Ts’i vint à Lou restituer les terres de Iun, de Houan et de Kouei in."
1670,春秋,Tch'ouen Ts'iou,卷十一,LIVRE XI,定公,Ting,81.0,定公十年,DIXIÈME ANNÉE,499.0,秋，叔孙州仇、仲孙何忌帅师围郈。,"Chou suen Tcheou k’iou et Tchoung suen Ho ki (deux officiers de Lou), avec des troupes, assiégèrent Heou."
1671,春秋,Tch'ouen Ts'iou,卷十一,LIVRE XI,定公,Ting,82.0,定公十年,DIXIÈME ANNÉE,499.0,nan,"En automne, Chou suen Tcheou k’iou et Tchoung suen Ho ki, avec des troupes, assiégèrent Heou (une seconde fois)."
1672,春秋,Tch'ouen Ts'iou,卷十一,LIVRE XI,定公,Ting,83.0,定公十年,DIXIÈME ANNÉE,499.0,宋乐大心出奔曹。,Io Ta sin de Soung quitta Soung et se retira à Ts’ao.
1673,春秋,Tch'ouen Ts'iou,卷十一,LIVRE XI,定公,Ting,84.0,定公十年,DIXIÈME ANNÉE,499.0,宋乐大心出奔曹。,Koung tseu Ti de Soung quitta Soung et se retira à Tch’en.
1674,春秋,Tch'ouen Ts'iou,卷十一,LIVRE XI,定公,Ting,85.0,定公十年,DIXIÈME ANNÉE,499.0,冬，齐侯、卫侯、郑游速会于安甫。,"En hiver, le prince de Ts’i, le prince de Ouei et Iou Sou de Tcheng conférèrent ensemble à Ngan fou."
1675,春秋,Tch'ouen Ts'iou,卷十一,LIVRE XI,定公,Ting,86.0,定公十年,DIXIÈME ANNÉE,499.0,叔孙州仇如齐。,Chou suen Tcheou k’iou alla à Ts’i.
1676,春秋,Tch'ouen Ts'iou,卷十一,LIVRE XI,定公,Ting,87.0,定公十年,DIXIÈME ANNÉE,499.0,宋公之弟辰暨仲佗、石彄出奔陈。,"Tch’en, frère puîné du prince de Soung, quitta Soung et se retira à Tch’en, ainsi que Tchoung T’ouo et Cheu K’eou (deux ministres de Soung)."
1677,春秋,Tch'ouen Ts'iou,卷十一,LIVRE XI,定公,Ting,88.0,定公十一年,ONZIÈME ANNÉE,498.0,十有一年春，宋公之弟辰及仲佗、石彄、公子地自陈入于萧以叛。,"Au printemps, Tch’en, frère puîné du prince de Soung, ainsi que Tchoung T’ouo et Cheu K’eou, quitta Tch’en et entra dans Siao, ville de Soung, pour y exciter la révolte."
1678,春秋,Tch'ouen Ts'iou,卷十一,LIVRE XI,定公,Ting,89.0,定公十一年,ONZIÈME ANNÉE,498.0,夏四月。,"En été, au quatrième mois."
1679,春秋,Tch'ouen Ts'iou,卷十一,LIVRE XI,定公,Ting,90.0,定公十一年,ONZIÈME ANNÉE,498.0,秋，宋乐大心自曹入于萧。,"En automne, Io Ta sin de Soung quitta Ts’ao et entra dans la ville de Siao."
1680,春秋,Tch'ouen Ts'iou,卷十一,LIVRE XI,定公,Ting,91.0,定公十一年,ONZIÈME ANNÉE,498.0,冬，及郑平。叔还如郑涖盟。,"En hiver, Lou fit la paix avec Tcheng, Chou Siuen alla à Tcheng négocier un traité."
1681,春秋,Tch'ouen Ts'iou,卷十一,LIVRE XI,定公,Ting,92.0,定公十二年,DOUZIÈME ANNÉE,497.0,十有二年春，薛伯定卒。,"Au printemps, Ting, prince de Sie, mourut."
1682,春秋,Tch'ouen Ts'iou,卷十一,LIVRE XI,定公,Ting,93.0,定公十二年,DOUZIÈME ANNÉE,497.0,夏，葬薛襄公。,"En été, Siang koung (Ting), prince de Sie, fut enterré."
1683,春秋,Tch'ouen Ts'iou,卷十一,LIVRE XI,定公,Ting,94.0,定公十二年,DOUZIÈME ANNÉE,497.0,叔孙州仇帅师堕郈。,"Chou suen Tcheou k’iou, avec des troupes, démolit les remparts de Heou."
1684,春秋,Tch'ouen Ts'iou,卷十一,LIVRE XI,定公,Ting,95.0,定公十二年,DOUZIÈME ANNÉE,497.0,卫公孟彄帅师伐曹。,"Koung meng K’eou de Ouei, avec des troupes, attaqua Ts’ao."
1685,春秋,Tch'ouen Ts'iou,卷十一,LIVRE XI,定公,Ting,96.0,定公十二年,DOUZIÈME ANNÉE,497.0,季孙斯、仲孙何忌帅师堕费。,"Ki suen Seu (Kí Houân tsèu) et Tchoung suen Ho ki (Méng Í tsèu), avec des troupes, démolirent les remparts de Pi."
1686,春秋,Tch'ouen Ts'iou,卷十一,LIVRE XI,定公,Ting,97.0,定公十二年,DOUZIÈME ANNÉE,497.0,秋，大雩。,"En automne, grande cérémonie pour obtenir la pluie."
1687,春秋,Tch'ouen Ts'iou,卷十一,LIVRE XI,定公,Ting,98.0,定公十二年,DOUZIÈME ANNÉE,497.0,冬十月癸亥，公会齐侯，盟于黄。,"En hiver, au dixième mois, le jour kouèi hái, le prince de Lou conféra et fit un traité avec le prince de Ts’i à Houang."
1688,春秋,Tch'ouen Ts'iou,卷十一,LIVRE XI,定公,Ting,99.0,定公十二年,DOUZIÈME ANNÉE,497.0,十有一月丙寅朔，日有食之。,"Au onzième mois, le jour pìng în, premier jour du mois lunaire, le soleil fut éclipsé."
1689,春秋,Tch'ouen Ts'iou,卷十一,LIVRE XI,定公,Ting,100.0,定公十二年,DOUZIÈME ANNÉE,497.0,公至自黄。,Le prince de Lou arriva de Houang.
1690,春秋,Tch'ouen Ts'iou,卷十一,LIVRE XI,定公,Ting,101.0,定公十二年,DOUZIÈME ANNÉE,497.0,十有二月，公围成。,"Au douzième mois, le prince de Lou assiégea la ville de Tch’eng."
1691,春秋,Tch'ouen Ts'iou,卷十一,LIVRE XI,定公,Ting,102.0,定公十二年,DOUZIÈME ANNÉE,497.0,公至自围成。,Le prince de Lou arriva du siège de Tch’eng.
1692,春秋,Tch'ouen Ts'iou,卷十一,LIVRE XI,定公,Ting,103.0,定公十三年,TREIZIÈME ANNÉE,497.0,十有三年春，齐侯、卫侯次于垂葭。,"Au printemps, le prince de Ts’i et le prince de Ouei stationnèrent à Tch’ouei kia."
1693,春秋,Tch'ouen Ts'iou,卷十一,LIVRE XI,定公,Ting,104.0,定公十三年,TREIZIÈME ANNÉE,497.0,夏，筑蛇渊囿。,"En été, le prince de Lou fit entourer de murs le parc de Che iuen."
1694,春秋,Tch'ouen Ts'iou,卷十一,LIVRE XI,定公,Ting,105.0,定公十三年,TREIZIÈME ANNÉE,497.0,大蒐于比蒲。,Grande chasse faite par le prince de Lou à P’i p’ou.
1695,春秋,Tch'ouen Ts'iou,卷十一,LIVRE XI,定公,Ting,106.0,定公十三年,TREIZIÈME ANNÉE,497.0,卫公孟彄帅师伐曹。,"Koung meng K’eou de Ouei, avec des troupes, attaqua Ts’ao."
1696,春秋,Tch'ouen Ts'iou,卷十一,LIVRE XI,定公,Ting,107.0,定公十三年,TREIZIÈME ANNÉE,497.0,秋，晋赵鞅入于晋阳以叛。,"En automne, Tchao Iang de Tsin entra dans Tsin iang et se révolta contre le prince de Tsin."
1697,春秋,Tch'ouen Ts'iou,卷十一,LIVRE XI,定公,Ting,108.0,定公十三年,TREIZIÈME ANNÉE,497.0,冬，晋荀寅、士吉射入于朝歌以叛。,"En hiver, Siun In et Cheu Ki che (fils de Fán Iàng ou Chéu Iàng) entrèrent dans Tchao ko et se mirent en révolte."
1698,春秋,Tch'ouen Ts'iou,卷十一,LIVRE XI,定公,Ting,109.0,定公十三年,TREIZIÈME ANNÉE,497.0,晋赵鞅归于晋。,Tchao Iang de Tsin retourna à Tsin.
1699,春秋,Tch'ouen Ts'iou,卷十一,LIVRE XI,定公,Ting,110.0,定公十三年,TREIZIÈME ANNÉE,497.0,薛弑其君比。,"Les habitants de Sie mirent à mort Pi, leur prince."
1700,春秋,Tch'ouen Ts'iou,卷十一,LIVRE XI,定公,Ting,111.0,定公十四年,QUATORZIÈME ANNÉE,496.0,十有四年春，卫公叔戌来奔。卫赵阳出奔宋。,"Au printemps, Koung suen Chou de Ouei vint se réfugier à Lou. Tchao Iang de Ouei quitta Ouei et se réfugia à Soung."
1701,春秋,Tch'ouen Ts'iou,卷十一,LIVRE XI,定公,Ting,112.0,定公十四年,QUATORZIÈME ANNÉE,496.0,二月辛巳，楚公子结、陈公孙佗人帅师灭顿，以顿子牂归。,"Au deuxième mois, le jour sīn séu, Koung tseu Kie de Tch’ou et Koung suen T’ouo jen de Tch’en, avec des troupes, mirent fin à la principauté de Touen ; en s’en retournant, ils emmenèrent avec eux Tsang, prince de Touen."
1702,春秋,Tch'ouen Ts'iou,卷十一,LIVRE XI,定公,Ting,113.0,定公十四年,QUATORZIÈME ANNÉE,496.0,夏，卫北宫结来奔。,"En été, Pe koung Kie de Ouei vint se réfugier à Lou."
1703,春秋,Tch'ouen Ts'iou,卷十一,LIVRE XI,定公,Ting,114.0,定公十四年,QUATORZIÈME ANNÉE,496.0,五月，於越败吴于槜李。吴子光卒。,"Au cinquième mois, l’armée de Iue battit l’armée de Ou à Tsouei li. Kouang, prince de Ou, mourut."
1704,春秋,Tch'ouen Ts'iou,卷十一,LIVRE XI,定公,Ting,115.0,定公十四年,QUATORZIÈME ANNÉE,496.0,公会齐侯、卫侯于牵。,Le prince de Lou conféra avec le prince de Ts’i et le prince de Ouéi à K’ien.
1705,春秋,Tch'ouen Ts'iou,卷十一,LIVRE XI,定公,Ting,116.0,定公十四年,QUATORZIÈME ANNÉE,496.0,公至自会。,"Le prince de Lou arriva à Lou, revenant de la conférence de K’ien."
1706,春秋,Tch'ouen Ts'iou,卷十一,LIVRE XI,定公,Ting,117.0,定公十四年,QUATORZIÈME ANNÉE,496.0,秋，齐侯、宋公会于洮。,"En automne, le prince de Ts’i et le prince de Soung conférèrent ensemble à T’ao, sur le territoire de Ts’aô."
1707,春秋,Tch'ouen Ts'iou,卷十一,LIVRE XI,定公,Ting,118.0,定公十四年,QUATORZIÈME ANNÉE,496.0,天王使石尚来归脤。,"Cheu Chang, envoyé du souverain établi par le ciel, vint présenter au prince de Lou une partie de la viande offerte aux esprits."
1708,春秋,Tch'ouen Ts'iou,卷十一,LIVRE XI,定公,Ting,119.0,定公十四年,QUATORZIÈME ANNÉE,496.0,卫世子蒯聩出奔宋。,"K’ouai houei (ou K’ouai ouai), fils aîné et héritier présomptif de Lîng kōung, prince de Ouei, quitta Ouei et se réfugia à Soung."
1709,春秋,Tch'ouen Ts'iou,卷十一,LIVRE XI,定公,Ting,120.0,定公十四年,QUATORZIÈME ANNÉE,496.0,卫公孟彄出奔郑。,Koung meng K’eou de Ouei quitta Ouei et se réfugia à Tcheng.
1710,春秋,Tch'ouen Ts'iou,卷十一,LIVRE XI,定公,Ting,121.0,定公十四年,QUATORZIÈME ANNÉE,496.0,宋公之弟辰自萧来奔。,"Tch’en, frère puîné du prince de Soung, quitta Siao et vint se réfugier à Lou."
1711,春秋,Tch'ouen Ts'iou,卷十一,LIVRE XI,定公,Ting,122.0,定公十四年,QUATORZIÈME ANNÉE,496.0,大蒐于比蒲。,Grande chasse du prince de Lou à P’i p’ou.
1712,春秋,Tch'ouen Ts'iou,卷十一,LIVRE XI,定公,Ting,123.0,定公十四年,QUATORZIÈME ANNÉE,496.0,邾子来会公。,Le prince de Tchou vint conférer avec le prince de Lou.
1713,春秋,Tch'ouen Ts'iou,卷十一,LIVRE XI,定公,Ting,124.0,定公十四年,QUATORZIÈME ANNÉE,496.0,城莒父及霄。,Le prince de Lou fit fortifier Kiu fou et Siao.
1714,春秋,Tch'ouen Ts'iou,卷十一,LIVRE XI,定公,Ting,125.0,定公十五年,QUINZIÈME ANNÉE,495.0,十有五年春，王正月，邾子来朝。,"Au printemps, au premier mois de l’année selon le calendrier impérial, le prince de Tchou vint présenter ses hommages au prince de Lou."
1715,春秋,Tch'ouen Ts'iou,卷十一,LIVRE XI,定公,Ting,126.0,定公十五年,QUINZIÈME ANNÉE,495.0,鼷鼠食郊牛，牛死，改卜牛。,"Une souris venimeuse rongea le corps du bœuf destiné à être immolé dans la campagne. Ce bœuf mourut. La tortue consultée, il fut remplacé par un autre bœuf."
1716,春秋,Tch'ouen Ts'iou,卷十一,LIVRE XI,定公,Ting,127.0,定公十五年,QUINZIÈME ANNÉE,495.0,二月辛丑，楚子灭胡，以胡子豹归。,"Au deuxième mois, le jour sīn tch’eòu, le prince de Tch’ou mit fin à la principauté de Hou, et emmena avec lui Tch’ou Pao, prince de Hou."
1717,春秋,Tch'ouen Ts'iou,卷十一,LIVRE XI,定公,Ting,128.0,定公十五年,QUINZIÈME ANNÉE,495.0,夏五月辛亥，郊。,"En été, au cinquième mois, le jour sīn hái, sacrifice dans la campagne."
1718,春秋,Tch'ouen Ts'iou,卷十一,LIVRE XI,定公,Ting,129.0,定公十五年,QUINZIÈME ANNÉE,495.0,壬申，公薨于高寝。,"Le jour jên chēn, le prince de Lou mourut dans le bâtiment appelé Kaō tsìn."
1719,春秋,Tch'ouen Ts'iou,卷十一,LIVRE XI,定公,Ting,130.0,定公十五年,QUINZIÈME ANNÉE,495.0,郑罕达帅师伐宋。,"Han Ta de Tcheng, avec des troupes, attaqua Soung."
1720,春秋,Tch'ouen Ts'iou,卷十一,LIVRE XI,定公,Ting,131.0,定公十五年,QUINZIÈME ANNÉE,495.0,齐侯、卫侯次于渠蒢。,Le prince de Ts’i et le prince de Ouei stationnèrent à K’iu tch’ou.
1721,春秋,Tch'ouen Ts'iou,卷十一,LIVRE XI,定公,Ting,132.0,定公十五年,QUINZIÈME ANNÉE,495.0,邾子来奔丧。,Le prince de Tchou vint prendre part aux funérailles du prince de Lou.
1722,春秋,Tch'ouen Ts'iou,卷十一,LIVRE XI,定公,Ting,133.0,定公十五年,QUINZIÈME ANNÉE,495.0,秋七月壬申，姒氏卒。,"En automne, au septième mois, le jour jên chēn, Seu, femme de Ting koung, mourut."
1723,春秋,Tch'ouen Ts'iou,卷十一,LIVRE XI,定公,Ting,134.0,定公十五年,QUINZIÈME ANNÉE,495.0,八月庚辰朔，日有食之。,"Au huitième mois, le jour kēng tch’èn, premier jour du mois lunaire, le soleil fut éclipsé."
1724,春秋,Tch'ouen Ts'iou,卷十一,LIVRE XI,定公,Ting,135.0,定公十五年,QUINZIÈME ANNÉE,495.0,九月，滕子来会葬。,"Au neuvième mois, le prince de T’eng vint assister à l’enterrement du prince de Lou."
1725,春秋,Tch'ouen Ts'iou,卷十一,LIVRE XI,定公,Ting,136.0,定公十五年,QUINZIÈME ANNÉE,495.0,丁巳，葬我君定公，雨，不克葬。戊午，日下昊，乃克葬。,"Le jour ling séu était le jour fixé pour l’enterrement de notre prince Ting koung. La pluie tomba ; l’enterrement ne put avoir lieu, Le jour meóu òu, au déclin du jour, on p.593 put faire l’enterrement."
1726,春秋,Tch'ouen Ts'iou,卷十一,LIVRE XI,定公,Ting,137.0,定公十五年,QUINZIÈME ANNÉE,495.0,辛巳，葬定姒。,"Le jour sīn séu, on enterra Seu, femme de Ting koung."
1727,春秋,Tch'ouen Ts'iou,卷十一,LIVRE XI,定公,Ting,138.0,定公十五年,QUINZIÈME ANNÉE,495.0,冬，城漆。,"En hiver, on fortifia la ville de Ts’i."
1728,春秋,Tch'ouen Ts'iou,卷十二,LIVRE XII,哀公,Ngai,1.0,哀公元年,PREMIÈRE ANNÉE,494.0,元年春，王正月，公即位。,"Au printemps, au premier mois de l’année selon le calendrier impérial, Ngai koung, prince de Lou, arriva au pouvoir."
1729,春秋,Tch'ouen Ts'iou,卷十二,LIVRE XII,哀公,Ngai,2.0,哀公元年,PREMIÈRE ANNÉE,494.0,楚子、陈侯、随侯、许男围蔡。,"Les princes de Tch’ou, de Tch’en, de Souei et de Hiu assiégèrent la capitale de Ts’ai."
1730,春秋,Tch'ouen Ts'iou,卷十二,LIVRE XII,哀公,Ngai,3.0,哀公元年,PREMIÈRE ANNÉE,494.0,鼷鼠食郊牛，改卜牛。夏四月辛巳，郊。,"Une souris venimeuse rongea le corps du bœuf qui était destiné à être immolé dans la campagne près des faubourgs de la capitale de Lou. Après avoir consulté l’écaille de tortue, on choisit un autre bœuf. Au quatrième mois, le jour sīn séu, il y eut sacrifice dans la campagne."
1731,春秋,Tch'ouen Ts'iou,卷十二,LIVRE XII,哀公,Ngai,4.0,哀公元年,PREMIÈRE ANNÉE,494.0,秋，齐侯、卫侯伐晋。,"En automne, le prince de Ts’i et le prince de Ouei attaquèrent Tsin."
1732,春秋,Tch'ouen Ts'iou,卷十二,LIVRE XII,哀公,Ngai,5.0,哀公元年,PREMIÈRE ANNÉE,494.0,冬，仲孙何忌帅师伐邾。,"En hiver, Tchoung suen Ho ki (Méng Í tsèu de Lou), avec des troupes, attaqua Tchou."
1733,春秋,Tch'ouen Ts'iou,卷十二,LIVRE XII,哀公,Ngai,6.0,哀公二年,DEUXIÈME ANNÉE,493.0,二年春，王二月，季孙斯、叔孙州仇、仲孙何忌帅师伐邾，取漷东田，及沂西田。癸巳，叔孙州仇、仲孙何忌及邾子盟于句绎。,"Au printemps, au deuxième mois de l’année selon le calendrier impérial, Ki suen Seu, Chou suen Tcheou k’iou, Tchoung suen Ho ki, avec des troupes de Lou, attaquèrent Tchou. Ils prirent possession des terres situées à l’est de la rivière Kouo et des terres situées à l’ouest de la rivière I. Le jour kouèi séu, Chou suen Tcheou k’iou et Tchoung suen Ho ki firent un traité avec le prince de Tchou à Keou i."
1734,春秋,Tch'ouen Ts'iou,卷十二,LIVRE XII,哀公,Ngai,7.0,哀公二年,DEUXIÈME ANNÉE,493.0,夏四月丙子，卫侯元卒。,"En été, au quatrième mois, le jour pìng séu, Iuen, prince de Ouei, mourut."
1735,春秋,Tch'ouen Ts'iou,卷十二,LIVRE XII,哀公,Ngai,8.0,哀公二年,DEUXIÈME ANNÉE,493.0,滕子来朝。,Le prince de T’eng vint présenter ses hommages au prince de Lou.
1736,春秋,Tch'ouen Ts'iou,卷十二,LIVRE XII,哀公,Ngai,9.0,哀公二年,DEUXIÈME ANNÉE,493.0,晋赵鞅帅师纳卫世子蒯聩于戚。,"Tchao Iang de Tsin, avec des troupes, introduisit dans Ts’i, ville de Tsin, K’ouai houei, fils aîné et héritier présomptif du prince de Ouei."
1737,春秋,Tch'ouen Ts'iou,卷十二,LIVRE XII,哀公,Ngai,10.0,哀公二年,DEUXIÈME ANNÉE,493.0,秋八月甲戌，晋赵鞅帅师及郑罕达帅师战于铁，郑师败绩。,"En automne, au huitième mois, le jour kiă siŭ, Tchao Iang de Tsin, avec des troupes, et Han Ta de Tcheng, aussi avec des troupes, combattirent l’un contre l’autre à T’ie. L’armée de Tcheng fut entièrement défaite."
1738,春秋,Tch'ouen Ts'iou,卷十二,LIVRE XII,哀公,Ngai,11.0,哀公二年,DEUXIÈME ANNÉE,493.0,冬十月，葬卫灵公。,"En hiver, au dixième mois, on enterra Ling koung, prince de Ouei."
1739,春秋,Tch'ouen Ts'iou,卷十二,LIVRE XII,哀公,Ngai,12.0,哀公二年,DEUXIÈME ANNÉE,493.0,十有一月，蔡迁于州来。蔡杀其大夫公子驷。,Au dixième mois ; les habitants de Ts’ai émigrèrent et s’établirent à Tcheou lai. Le prince de Ts’ai mit à mort son grand préfet Koung tseu Seu.
1740,春秋,Tch'ouen Ts'iou,卷十二,LIVRE XII,哀公,Ngai,13.0,哀公三年,TROISIÈME ANNÉE,493.0,三年春，齐国夏、卫石曼姑帅师围戚。,"Au printemps, Kouo Hia de Ts’i et Cheu Ouan kou de Ouei, avec des troupes, assiégèrent Ts’i."
1741,春秋,Tch'ouen Ts'iou,卷十二,LIVRE XII,哀公,Ngai,14.0,哀公三年,TROISIÈME ANNÉE,493.0,夏四月甲午，地震。,"En été, au quatrième mois, le jour kiă òu, tremblement de terre."
1742,春秋,Tch'ouen Ts'iou,卷十二,LIVRE XII,哀公,Ngai,15.0,哀公三年,TROISIÈME ANNÉE,493.0,五月辛卯，桓宫、僖宫灾。,"Au cinquième mois, le jour sīn maò, dans le temple des ancêtres la salle de Houan koung et la salle de Hi koung furent incendiées."
1743,春秋,Tch'ouen Ts'iou,卷十二,LIVRE XII,哀公,Ngai,16.0,哀公三年,TROISIÈME ANNÉE,493.0,季孙斯、叔孙州仇帅师城启阳。,"Ki suen Seu (Ki Houan tseu) et Chou suen Tcheou k’iou, avec des troupes, fortifièrent K’i iang."
1744,春秋,Tch'ouen Ts'iou,卷十二,LIVRE XII,哀公,Ngai,17.0,哀公三年,TROISIÈME ANNÉE,493.0,宋乐髡帅师伐曹。,"Io K’ouen de Soung, avec des troupes, attaqua Ts’ao."
1745,春秋,Tch'ouen Ts'iou,卷十二,LIVRE XII,哀公,Ngai,18.0,哀公三年,TROISIÈME ANNÉE,493.0,秋七月丙子，季孙斯卒。,"En automne, au septième mois, le jour pìng tsèu, Ki suen Seu mourut."
1746,春秋,Tch'ouen Ts'iou,卷十二,LIVRE XII,哀公,Ngai,19.0,哀公三年,TROISIÈME ANNÉE,493.0,蔡人放其大夫公孙猎于吴。,Les habitants de Ts’ai bannirent à Ou Koung suen Lie (partisan de Kōung tsèu Séu).
1747,春秋,Tch'ouen Ts'iou,卷十二,LIVRE XII,哀公,Ngai,20.0,哀公三年,TROISIÈME ANNÉE,493.0,冬十月癸卯，秦伯卒。,"En hiver, au dixième mois, le jour kouèi maò, le prince de Ts’in mourut."
1748,春秋,Tch'ouen Ts'iou,卷十二,LIVRE XII,哀公,Ngai,21.0,哀公三年,TROISIÈME ANNÉE,493.0,叔孙州仇、仲孙何忌帅师围邾。,"Chou suen Tcheou k’iou et Tchoung suen Ho ki, avec des troupes, assiégèrent la capitale de Tchou."
1749,春秋,Tch'ouen Ts'iou,卷十二,LIVRE XII,哀公,Ngai,22.0,哀公四年,QUATRIÈME ANNÉE,492.0,四年春，王二月庚戌，盗杀蔡侯申。,"Au printemps, au deuxième mois de l’année selon le calendrier impérial, le jour kēng siŭ, un brigand mit à mort Chen, prince de Ts’ai."
1750,春秋,Tch'ouen Ts'iou,卷十二,LIVRE XII,哀公,Ngai,23.0,哀公四年,QUATRIÈME ANNÉE,492.0,蔡公孙辰出奔吴。,Koung suen Tch’en de Ts’ai quitta Ts’ai et se réfugia à Ou.
1751,春秋,Tch'ouen Ts'iou,卷十二,LIVRE XII,哀公,Ngai,24.0,哀公四年,QUATRIÈME ANNÉE,492.0,葬秦惠公。,"On enterra Houei koung, prince de Ts’in."
1752,春秋,Tch'ouen Ts'iou,卷十二,LIVRE XII,哀公,Ngai,25.0,哀公四年,QUATRIÈME ANNÉE,492.0,宋人执小邾子。,Les habitants de Soung mirent la main sur le prince du Petit Tchou.
1753,春秋,Tch'ouen Ts'iou,卷十二,LIVRE XII,哀公,Ngai,26.0,哀公四年,QUATRIÈME ANNÉE,492.0,夏，蔡杀其大夫公孙姓、公孙霍。,"En été, les habitants de Ts’ai mirent à mort leurs grands préfets Koung suen Sing et Koung suen ho (Hiu)."
1754,春秋,Tch'ouen Ts'iou,卷十二,LIVRE XII,哀公,Ngai,27.0,哀公四年,QUATRIÈME ANNÉE,492.0,晋人执戎蛮子赤，归于楚。,"Les habitants de Tsin s’emparèrent de Tch’en, prince de la tribu barbare des Joung blancs. Ils l’envoyèrent au prince de Tch’ou, son suzerain."
1755,春秋,Tch'ouen Ts'iou,卷十二,LIVRE XII,哀公,Ngai,28.0,哀公四年,QUATRIÈME ANNÉE,492.0,城西郛。,Le prince de Lou fortifia le faubourg occidental de sa capitale.
1756,春秋,Tch'ouen Ts'iou,卷十二,LIVRE XII,哀公,Ngai,29.0,哀公四年,QUATRIÈME ANNÉE,492.0,六月辛丑，亳社灾。,"Au sixième mois, le jour sīn tch’eòu, à Po, l’autel des esprits protecteurs du territoire fut incendié."
1757,春秋,Tch'ouen Ts'iou,卷十二,LIVRE XII,哀公,Ngai,30.0,哀公四年,QUATRIÈME ANNÉE,492.0,秋八月甲寅，滕子结卒。,"En automne, au huitième mois, le jour kiă în, Kie, prince de T’eng, mourut."
1758,春秋,Tch'ouen Ts'iou,卷十二,LIVRE XII,哀公,Ngai,31.0,哀公四年,QUATRIÈME ANNÉE,492.0,冬十有二月，葬蔡昭公。,"En hiver, au douzième mois, on enterra Tchao koung, prince de Ts’ai."
1759,春秋,Tch'ouen Ts'iou,卷十二,LIVRE XII,哀公,Ngai,32.0,哀公四年,QUATRIÈME ANNÉE,492.0,葬滕顷公。,"On enterra K’ing koung, (Kie), prince de T’eng."
1760,春秋,Tch'ouen Ts'iou,卷十二,LIVRE XII,哀公,Ngai,33.0,哀公五年,CINQUIÈME ANNÉE,491.0,五年春，城毗。,"Au printemps, le prince de Lou fit fortifier P’i."
1761,春秋,Tch'ouen Ts'iou,卷十二,LIVRE XII,哀公,Ngai,34.0,哀公五年,CINQUIÈME ANNÉE,491.0,夏，齐侯伐宋。,"En été, le prince de Ts’i attaqua Soung."
1762,春秋,Tch'ouen Ts'iou,卷十二,LIVRE XII,哀公,Ngai,35.0,哀公五年,CINQUIÈME ANNÉE,491.0,晋赵鞅帅师伐卫。,"Tchao Iang de Tsin, avec des troupes, attaqua Ouei."
1763,春秋,Tch'ouen Ts'iou,卷十二,LIVRE XII,哀公,Ngai,36.0,哀公五年,CINQUIÈME ANNÉE,491.0,秋九月癸酉，齐侯杵臼卒。,"Dans le courant du mois intercalaire, on enterra King koung, prince de Ts’i."
1764,春秋,Tch'ouen Ts'iou,卷十二,LIVRE XII,哀公,Ngai,37.0,哀公五年,CINQUIÈME ANNÉE,491.0,冬，叔还如齐。,"En hiver, Chou siuen de Lou alla à Ts’i (assister à l’enterrement du prince)."
1765,春秋,Tch'ouen Ts'iou,卷十二,LIVRE XII,哀公,Ngai,38.0,哀公五年,CINQUIÈME ANNÉE,491.0,闰月，葬齐景公。,"Dans le courant du mois intercalaire, on enterra King koung, prince de Ts’i."
1766,春秋,Tch'ouen Ts'iou,卷十二,LIVRE XII,哀公,Ngai,39.0,哀公六年,SIXIÈME ANNÉE,490.0,六年春，城邾瑕。,"Au printemps, Lou fortifia Tchou hia."
1767,春秋,Tch'ouen Ts'iou,卷十二,LIVRE XII,哀公,Ngai,40.0,哀公六年,SIXIÈME ANNÉE,490.0,晋赵鞅帅师伐鲜虞。,"Tchao Iang de Tsin, à la tête de ses troupes, attaqua la ville de Sien iu,"
1768,春秋,Tch'ouen Ts'iou,卷十二,LIVRE XII,哀公,Ngai,41.0,哀公六年,SIXIÈME ANNÉE,490.0,吴伐陈。,Ou attaqua Tch’en.
1769,春秋,Tch'ouen Ts'iou,卷十二,LIVRE XII,哀公,Ngai,42.0,哀公六年,SIXIÈME ANNÉE,490.0,夏，齐国夏及高张来奔。,"En été, Kouo Hia et Kao Tchang de Ts’î vinrent se réfugier à Lou."
1770,春秋,Tch'ouen Ts'iou,卷十二,LIVRE XII,哀公,Ngai,43.0,哀公六年,SIXIÈME ANNÉE,490.0,叔还会吴于柤。,"Chou Siuen, officier de Lou, eut une conférence à Tcha avec un officier de Ou."
1771,春秋,Tch'ouen Ts'iou,卷十二,LIVRE XII,哀公,Ngai,44.0,哀公六年,SIXIÈME ANNÉE,490.0,秋七月庚寅，楚子轸卒。,"En automne, au septième mois, le jour kēng ìn, Tchen (Tchaō ouâng), prince de Tch’ou, mourut."
1772,春秋,Tch'ouen Ts'iou,卷十二,LIVRE XII,哀公,Ngai,45.0,哀公六年,SIXIÈME ANNÉE,490.0,齐阳生入于齐。齐陈乞弑其君荼。,Iang cheng de Ts’i rentra dans la capitale de Ts’i. Tch’en k’i de Ts’i mit à mort son prince T’ou.
1773,春秋,Tch'ouen Ts'iou,卷十二,LIVRE XII,哀公,Ngai,46.0,哀公六年,SIXIÈME ANNÉE,490.0,冬，仲孙何忌帅师伐邾。,"En hiver, Tchoung suen Ho ki, à la tête de ses troupes, attaqua Tchou."
1774,春秋,Tch'ouen Ts'iou,卷十二,LIVRE XII,哀公,Ngai,47.0,哀公六年,SIXIÈME ANNÉE,490.0,宋向巢帅师伐曹。,"Hiang Tch’ao de Soung, à la tête de ses troupes, attaqua Ts’ao."
1775,春秋,Tch'ouen Ts'iou,卷十二,LIVRE XII,哀公,Ngai,48.0,哀公七年,SEPTIÈME ANNÉE,489.0,七年春，宋皇瑗帅师侵郑。,"Au printemps, Houang Iuen de Soung, à la tête de ses troupes, envahit Tcheng."
1776,春秋,Tch'ouen Ts'iou,卷十二,LIVRE XII,哀公,Ngai,49.0,哀公七年,SEPTIÈME ANNÉE,489.0,晋魏曼多帅师侵卫。,"Ouei Ouan touo de Tsin, à la tête de ses troupes, envahit Ouei."
1777,春秋,Tch'ouen Ts'iou,卷十二,LIVRE XII,哀公,Ngai,50.0,哀公七年,SEPTIÈME ANNÉE,489.0,夏，公会吴于鄫。,"En été, le prince de Lou conféra avec un délégué de Ou à Ts’eng."
1778,春秋,Tch'ouen Ts'iou,卷十二,LIVRE XII,哀公,Ngai,51.0,哀公七年,SEPTIÈME ANNÉE,489.0,秋，公伐邾。八月己酉，入邾，以邾子益来。,"En automne, le prince de Lou attaqua Tchou. Au huitième mois, le jour kì iòu, il entra dans la capitale de Tchou. Il revint à Lou, amenant avec lui I, prince de Tchou."
1779,春秋,Tch'ouen Ts'iou,卷十二,LIVRE XII,哀公,Ngai,52.0,哀公七年,SEPTIÈME ANNÉE,489.0,宋人围曹。冬，郑驷弘帅师救曹。,"L’armée de Soung assiégea la capitale de Ts’ao. En hiver, Seu Houng de Tcheng, à la tête de ses troupes, secourut Ts’ao."
1780,春秋,Tch'ouen Ts'iou,卷十二,LIVRE XII,哀公,Ngai,53.0,哀公八年,HUITIÈME ANNÉE,488.0,八年春，王正月，宋公入曹，以曹伯阳归。,"Au printemps, au premier mois de l’année selon le calendrier impérial, le prince de Soung entra dans la capitale de Ts’ao, et, avec Iang, prince de Ts’ao, retourna à Soung."
1781,春秋,Tch'ouen Ts'iou,卷十二,LIVRE XII,哀公,Ngai,54.0,哀公八年,HUITIÈME ANNÉE,488.0,吴伐我。,Ou nous attaqua.
1782,春秋,Tch'ouen Ts'iou,卷十二,LIVRE XII,哀公,Ngai,55.0,哀公八年,HUITIÈME ANNÉE,488.0,夏，齐人取讙及阐。,"En été, l’année de Ts’i prit Houan et Tch’an, deux villes de Lou."
1783,春秋,Tch'ouen Ts'iou,卷十二,LIVRE XII,哀公,Ngai,56.0,哀公八年,HUITIÈME ANNÉE,488.0,归邾子益于邾。,"Le prince de Lou laissa I, prince de Tchou, retourner à Tchou."
1784,春秋,Tch'ouen Ts'iou,卷十二,LIVRE XII,哀公,Ngai,57.0,哀公八年,HUITIÈME ANNÉE,488.0,秋，七月。,"En automne, au septième mois."
1785,春秋,Tch'ouen Ts'iou,卷十二,LIVRE XII,哀公,Ngai,58.0,哀公八年,HUITIÈME ANNÉE,488.0,冬，十有二月癸亥，杞伯过卒。,"En hiver, au douzième mois, le jour kouèi hái, Kouo, prince de K’i, mourut."
1786,春秋,Tch'ouen Ts'iou,卷十二,LIVRE XII,哀公,Ngai,59.0,哀公八年,HUITIÈME ANNÉE,488.0,齐人归讙及阐。,Le prince de Ts’i rendit à Lou les villes de Houan et de Tch’an.
1787,春秋,Tch'ouen Ts'iou,卷十二,LIVRE XII,哀公,Ngai,60.0,哀公九年,NEUVIÈME ANNÉE,487.0,九年春，王二月，葬杞僖公。,Au printemps.
1788,春秋,Tch'ouen Ts'iou,卷十二,LIVRE XII,哀公,Ngai,61.0,哀公九年,NEUVIÈME ANNÉE,487.0,nan,"Au deuxième mois de l’année selon le calendrier impérial, on enterra Hi koung (Kouo), prince de K’i."
1789,春秋,Tch'ouen Ts'iou,卷十二,LIVRE XII,哀公,Ngai,62.0,哀公九年,NEUVIÈME ANNÉE,487.0,宋皇瑗帅师取郑师于雍丘。,"Houang Iuen de Soung, à la tête de ses troupes, fit prisonnière l’armée de Tcheng à Ioung k’iou."
1790,春秋,Tch'ouen Ts'iou,卷十二,LIVRE XII,哀公,Ngai,63.0,哀公九年,NEUVIÈME ANNÉE,487.0,夏，楚人伐陈。,"En été, l’armée de Tch’ou attaqua Tch’en."
1791,春秋,Tch'ouen Ts'iou,卷十二,LIVRE XII,哀公,Ngai,64.0,哀公九年,NEUVIÈME ANNÉE,487.0,秋，宋公伐郑。,"En automne, le prince de Soung attaqua Tcheng (pour tirer vengeance de l’affaire de Ioung k’iou.)"
1792,春秋,Tch'ouen Ts'iou,卷十二,LIVRE XII,哀公,Ngai,65.0,哀公九年,NEUVIÈME ANNÉE,487.0,冬，十月。,"En hiver, au dixième mois."
1793,春秋,Tch'ouen Ts'iou,卷十二,LIVRE XII,哀公,Ngai,66.0,哀公十年,DIXIÈME ANNÉE,486.0,十年春，王二月。邾子益来奔。,"Au printemps, au deuxième mois de l’année d’après le calendrier impérial, I, prince de Tchou, vint se réfugier à Lou."
1794,春秋,Tch'ouen Ts'iou,卷十二,LIVRE XII,哀公,Ngai,67.0,哀公十年,DIXIÈME ANNÉE,486.0,公会吴伐齐。三月戊戌，齐侯阳生卒。,"Le prince de Lou avec le prince de Ou attaqua Ts’i.Au troisième mois, le jour meóu siŭ, Iang cheng, prince de Ts’i, mourut"
1795,春秋,Tch'ouen Ts'iou,卷十二,LIVRE XII,哀公,Ngai,68.0,哀公十年,DIXIÈME ANNÉE,486.0,夏，宋人伐郑。,"En été, l’armée de Soung attaqua Tcheng."
1796,春秋,Tch'ouen Ts'iou,卷十二,LIVRE XII,哀公,Ngai,69.0,哀公十年,DIXIÈME ANNÉE,486.0,晋赵鞅帅师侵齐。,"Tchao Iang de Tsin, à la tête de ses troupes, envahit Ts’i."
1797,春秋,Tch'ouen Ts'iou,卷十二,LIVRE XII,哀公,Ngai,70.0,哀公十年,DIXIÈME ANNÉE,486.0,五月公至自伐齐。,"Au cinquième mois, le prince de Lou arriva à Lou de son expédition à Ts’i."
1798,春秋,Tch'ouen Ts'iou,卷十二,LIVRE XII,哀公,Ngai,71.0,哀公十年,DIXIÈME ANNÉE,486.0,葬齐悼公。,"On enterra Tao koung, prince de Ts’i."
1799,春秋,Tch'ouen Ts'iou,卷十二,LIVRE XII,哀公,Ngai,72.0,哀公十年,DIXIÈME ANNÉE,486.0,卫公孟彄自齐归于卫。,Koung meng K’eou de Ouei retourna de Ts’i à Ouei.
1800,春秋,Tch'ouen Ts'iou,卷十二,LIVRE XII,哀公,Ngai,73.0,哀公十年,DIXIÈME ANNÉE,486.0,薛伯夷卒。秋，葬薛惠公。,"I, prince de Sie, mourut. En automne, on enterra Houei koung (I), prince de Sie."
1801,春秋,Tch'ouen Ts'iou,卷十二,LIVRE XII,哀公,Ngai,74.0,哀公十年,DIXIÈME ANNÉE,486.0,冬，楚公子结帅师伐陈。吴救陈。,"En hiver, Koung tseu Kie de Tch’ou, à la tête de ses troupes ; attaqua Tch’en. Ou alla au secours de Tch’en."
1802,春秋,Tch'ouen Ts'iou,卷十二,LIVRE XII,哀公,Ngai,75.0,哀公十一年,ONZIÈME ANNÉE,485.0,十有一年春，齐国书帅师伐我。,"Au printemps, Kouo Chou de Ts’i, à la tête d’une armée, nous attaqua."
1803,春秋,Tch'ouen Ts'iou,卷十二,LIVRE XII,哀公,Ngai,76.0,哀公十一年,ONZIÈME ANNÉE,485.0,夏，陈辕颇出奔郑。,"En été, Iuen P’ouo de Tch’en quitta Tch’en et se réfugia à Tcheng."
1804,春秋,Tch'ouen Ts'iou,卷十二,LIVRE XII,哀公,Ngai,77.0,哀公十一年,ONZIÈME ANNÉE,485.0,五月，公会吴伐齐。甲戌，齐国书帅师及吴战于艾陵，齐师败绩，获齐国书。,"Au troisième mois, le prince de Lou se joignit au prince de Ou pour attaquer Ts’i. Le jour kiă siŭ, Kouo Chou de Ts’i, à la tête d’une armée, combattit contre l’armée de Ou à Ngai ling. L’armée de Ts’i essuya une défaite complète. Kouo Chou fut pris."
1805,春秋,Tch'ouen Ts'iou,卷十二,LIVRE XII,哀公,Ngai,78.0,哀公十一年,ONZIÈME ANNÉE,485.0,秋七月辛酉，滕子虞母卒。,"En automne, au septième mois, le jour sīn iòu, Iu ou, prince de T’eng, mourut."
1806,春秋,Tch'ouen Ts'iou,卷十二,LIVRE XII,哀公,Ngai,79.0,哀公十一年,ONZIÈME ANNÉE,485.0,冬十有一月，葬滕隐公。,"En hiver, au onzième mois, on enterra In koung (Iu ou), prince de T’eng."
1807,春秋,Tch'ouen Ts'iou,卷十二,LIVRE XII,哀公,Ngai,80.0,哀公十一年,ONZIÈME ANNÉE,485.0,卫世叔齐出奔宋。,Cheu chou Ts’i de Ouei quitta Ouei et se réfugia à Soung.
1808,春秋,Tch'ouen Ts'iou,卷十二,LIVRE XII,哀公,Ngai,81.0,哀公十二年,DOUZIÈME ANNÉE,484.0,十有二年春，用田赋。,"Au printemps, on exigea à Lou comme contribution un fòu (un cheval et trois bœufs) par t’ièn stade carré de terrain."
1809,春秋,Tch'ouen Ts'iou,卷十二,LIVRE XII,哀公,Ngai,82.0,哀公十二年,DOUZIÈME ANNÉE,484.0,夏五月甲辰，孟子卒。,"En été, au cinquième mois, le jour kiă tch’ên, Meng Tseu mourut."
1810,春秋,Tch'ouen Ts'iou,卷十二,LIVRE XII,哀公,Ngai,83.0,哀公十二年,DOUZIÈME ANNÉE,484.0,公会吴于橐皋。,Le prince de Lou eut une conférence avec un envoyé de Ou à T’ouo kao.
1811,春秋,Tch'ouen Ts'iou,卷十二,LIVRE XII,哀公,Ngai,84.0,哀公十二年,DOUZIÈME ANNÉE,484.0,秋，公会卫侯、宋皇瑗于郧。,"En automne, le prince de Lou eut une conférence avec le prince de Ouei et Houang Iuen de Soung à Iun."
1812,春秋,Tch'ouen Ts'iou,卷十二,LIVRE XII,哀公,Ngai,85.0,哀公十二年,DOUZIÈME ANNÉE,484.0,宋向巢帅师伐郑。,"Hiang Tch’ao de Soung, à la tête d’une armée, attaqua Tcheng."
1813,春秋,Tch'ouen Ts'iou,卷十二,LIVRE XII,哀公,Ngai,86.0,哀公十二年,DOUZIÈME ANNÉE,484.0,冬十有二月，螽。,"En hiver, au douzième mois, invasion de sauterelles."
1814,春秋,Tch'ouen Ts'iou,卷十二,LIVRE XII,哀公,Ngai,87.0,哀公十三年,TREIZIÈME ANNÉE,483.0,十有三年春，郑罕达帅师取宋师于嵒。,"Au printemps, Han Ta de Tcheng, à la tête de ses troupes, prit l’armée de Soung comme dans un filet (et la battit) à Ien."
1815,春秋,Tch'ouen Ts'iou,卷十二,LIVRE XII,哀公,Ngai,88.0,哀公十三年,TREIZIÈME ANNÉE,483.0,夏，许男成卒。,"En été, Tch’eng, prince de Hiu, mourut."
1816,春秋,Tch'ouen Ts'iou,卷十二,LIVRE XII,哀公,Ngai,89.0,哀公十三年,TREIZIÈME ANNÉE,483.0,公会晋侯及吴子于黄池。,Le prince de Lou eut une conférence avec le prince de Tsin et le prince de Ou à Houang tch’eu.
1817,春秋,Tch'ouen Ts'iou,卷十二,LIVRE XII,哀公,Ngai,90.0,哀公十三年,TREIZIÈME ANNÉE,483.0,楚公子申帅师伐陈。,"Koung tseu Chen de Tch’ou, à la tête de ses troupes, attaqua Tch’en."
1818,春秋,Tch'ouen Ts'iou,卷十二,LIVRE XII,哀公,Ngai,91.0,哀公十三年,TREIZIÈME ANNÉE,483.0,於越入吴。,L’armée de Iue entra dans la capitale de Ou.
1819,春秋,Tch'ouen Ts'iou,卷十二,LIVRE XII,哀公,Ngai,92.0,哀公十三年,TREIZIÈME ANNÉE,483.0,秋，公至自会。,"En automne, le prince de Lou arriva de la réunion des princes."
1820,春秋,Tch'ouen Ts'iou,卷十二,LIVRE XII,哀公,Ngai,93.0,哀公十三年,TREIZIÈME ANNÉE,483.0,晋魏曼多帅师侵卫。,"Ouei Ouan touo de Tsin, à la tête d’une armée, envahit Ouei."
1821,春秋,Tch'ouen Ts'iou,卷十二,LIVRE XII,哀公,Ngai,94.0,哀公十三年,TREIZIÈME ANNÉE,483.0,葬许元公。,"On enterra Iuen koung (Tch’eng), prince de Hiu."
1822,春秋,Tch'ouen Ts'iou,卷十二,LIVRE XII,哀公,Ngai,95.0,哀公十三年,TREIZIÈME ANNÉE,483.0,九月，螽。,"Au neuvième mois, invasion de sauterelles."
1823,春秋,Tch'ouen Ts'iou,卷十二,LIVRE XII,哀公,Ngai,96.0,哀公十三年,TREIZIÈME ANNÉE,483.0,冬十有一月，有星孛于东方。,"En hiver, au onzième mois, une comète parut à l’orient."
1824,春秋,Tch'ouen Ts'iou,卷十二,LIVRE XII,哀公,Ngai,97.0,哀公十三年,TREIZIÈME ANNÉE,483.0,盗杀陈夏区夫。,Un brigand mit à mort Hia Ngeou fou de Tch’en.
1825,春秋,Tch'ouen Ts'iou,卷十二,LIVRE XII,哀公,Ngai,98.0,哀公十三年,TREIZIÈME ANNÉE,483.0,十有二月，螽。,"Au douzième mois, parurent des sauterelles."
1826,春秋,Tch'ouen Ts'iou,卷十二,LIVRE XII,哀公,Ngai,99.0,哀公十四年,QUATORZIÈME ANNÉE,482.0,十有四年春，西狩获麟。,"Au printemps, dans une chasse à l’ouest, on prit une licorne femelle."
1827,春秋,Tch'ouen Ts'iou,卷十二,LIVRE XII,哀公,Ngai,,哀公十四年,QUATORZIÈME ANNÉE,482.0,nan,nan
